"Time, s","Power, hp","Thrust, kgf",RPM,"Manifold pressure, atm","Specific excess power, m/s","Acceleration, m/sÂ²","Climb, m/s","Propeller efficiency, %",Supercharger gear,"Throttle, %","WEP remain, min:sec","Altitude, m","Critical AoA, %","Mixture, %","Radiator, %","Oil radiator, %","Turn rate, deg/s","Turn radius, m","IAS, km/h","TAS, km/h","Specific energy, J/kg","Drag, kgf"
0.0,0,64,631,1.00,0.0,0.00,0.0,0,0,0,15:02,22,50,100,0,0,0.0,0,0,0,215.4,0.0
0.6,6,63,625,1.00,0.0,0.00,0.0,0,0,0,15:02,22,76,100,0,0,0.0,0,0,0,215.4,0.0
1.1,7,63,624,1.00,0.0,0.00,0.0,0,0,0,15:02,22,65,100,0,0,0.0,0,0,0,215.4,0.0
1.7,251,94,760,2.19,0.0,0.00,0.0,0,0,110,15:01,22,41,100,0,0,0.0,0,0,0,215.4,0.0
2.2,506,184,1063,2.45,0.0,0.00,0.0,0,0,110,15:01,22,-91,100,0,0,0.0,0,0,0,215.4,0.0
2.7,877,352,1472,2.51,0.0,0.01,0.0,0,0,110,15:00,22,-90,100,0,0,0.0,0,0,0,215.4,0.0
3.3,1303,615,1948,2.53,0.0,0.06,0.0,0,0,110,15:00,22,19,100,0,0,0.0,0,1,1,215.4,0.0
3.8,1628,922,2397,2.53,0.0,0.18,0.0,1,0,110,14:59,22,14,100,0,0,0.0,0,4,4,215.9,0.0
4.4,1795,1235,2796,2.53,0.0,0.49,0.0,2,0,110,14:59,22,19,100,0,0,127.7,1,8,8,217.6,0.0
4.9,1812,1469,3082,2.53,0.2,0.91,0.0,4,0,110,14:58,22,18,100,0,0,0.0,0,13,13,221.9,1089.4
5.5,1754,1648,3301,2.52,0.2,1.40,0.0,7,0,110,14:57,22,19,100,0,0,0.0,0,20,20,230.4,1089.4
6.0,1682,1752,3438,2.52,0.7,1.92,0.0,10,0,110,14:57,22,20,100,0,0,0.0,0,27,27,243.4,1209.4
6.6,1641,1686,3495,2.51,0.7,2.20,0.0,13,0,110,14:56,22,19,100,0,0,0.0,0,34,34,261.0,1209.4
7.1,1673,1661,3437,2.50,1.7,2.71,0.0,15,0,110,14:56,22,18,100,0,0,0.0,0,41,41,280.6,1000.4
7.7,1751,1507,3257,2.49,3.0,3.00,0.0,15,0,110,14:55,22,18,100,0,0,0.0,0,48,48,303.7,678.7
8.2,1789,1318,3066,2.49,3.0,3.13,0.0,14,0,110,14:55,22,18,100,0,0,0.0,0,53,53,325.3,678.7
8.8,1795,1251,2971,2.50,3.4,3.10,0.0,15,0,110,14:54,22,19,100,0,0,0.0,0,58,58,346.4,456.8
9.3,1800,1274,2977,2.51,3.4,3.01,0.0,16,0,110,14:54,22,18,100,0,0,6.4,156,63,63,369.5,456.8
9.8,1802,1318,3026,2.51,3.9,2.88,0.0,18,0,110,14:53,22,19,100,0,0,0.0,0,68,68,395.4,513.3
10.4,1801,1331,3046,2.51,3.9,2.84,0.0,20,0,110,14:52,22,19,100,0,0,0.0,0,73,74,424.9,513.3
10.9,1800,1302,3016,2.51,4.5,2.71,0.0,21,0,110,14:52,22,19,100,0,0,0.0,0,79,79,455.1,523.0
11.5,1799,1274,2981,2.51,4.5,2.73,0.0,22,0,110,14:51,22,16,100,0,0,3.4,0,83,83,483.9,523.0
12.0,1801,1280,2979,2.51,5.1,2.65,0.0,23,0,110,14:51,22,20,100,0,0,8.7,162,88,89,517.7,461.9
12.6,1802,1303,3000,2.51,5.8,2.54,0.0,25,0,110,14:50,22,23,100,0,0,4.3,0,94,94,554.4,477.3
13.1,1802,1319,3016,2.51,5.8,2.54,0.0,27,0,110,14:50,22,25,100,0,0,0.0,0,99,99,596.2,477.3
13.7,1801,1310,3011,2.51,6.6,2.74,0.0,28,0,110,14:49,22,19,100,0,0,2.7,0,104,105,636.9,457.1
14.2,1801,1303,2996,2.51,6.6,2.80,0.0,29,0,110,14:49,22,27,100,0,0,0.0,0,110,110,682.0,457.1
14.8,1801,1308,2988,2.51,7.4,2.83,0.1,31,0,110,14:48,22,43,100,0,0,6.7,275,115,115,729.2,422.2
15.3,1802,1326,2992,2.51,7.4,2.77,0.0,33,0,110,14:48,22,57,100,0,0,0.0,0,120,120,769.1,422.2
15.9,1802,1344,3002,2.51,7.6,2.66,0.0,35,0,110,14:47,22,67,100,0,0,0.0,0,124,124,812.5,494.8
16.4,1802,1353,3006,2.51,7.6,2.57,0.0,36,0,110,14:46,22,71,100,0,0,0.0,0,129,129,857.2,494.8
17.0,1802,1355,3003,2.51,7.5,2.58,0.0,38,0,110,14:46,22,74,100,0,0,0.0,0,133,133,903.6,581.7
17.5,1802,1354,2997,2.51,7.5,2.54,0.0,39,0,110,14:45,22,74,100,0,0,0.0,0,138,138,954.1,581.7
18.0,1802,1356,2997,2.51,8.8,2.55,0.0,40,0,110,14:45,22,74,100,0,0,0.0,0,143,143,1007.2,504.0
18.6,1803,1361,3001,2.51,9.2,2.40,0.0,42,0,110,14:44,22,74,100,0,0,0.0,0,147,148,1057.0,529.1
19.1,1803,1365,3003,2.51,9.2,2.42,0.0,43,0,110,14:44,22,74,100,0,0,0.0,0,152,152,1108.2,529.1
19.7,1803,1367,3002,2.51,9.5,2.37,0.0,44,0,110,14:43,22,75,100,0,0,0.0,0,156,156,1161.2,553.0
20.2,1803,1368,2999,2.51,9.5,2.42,0.1,46,0,110,14:43,22,76,100,0,0,2.5,0,160,161,1214.4,553.0
20.8,1803,1369,2998,2.51,9.8,2.38,0.5,47,0,110,14:42,22,76,100,0,0,4.3,0,164,165,1263.1,564.0
21.3,1803,1370,3001,2.51,9.8,2.28,1.1,48,0,110,14:42,23,72,100,0,0,6.1,444,169,169,1320.3,564.0
21.9,1803,1364,3004,2.51,11.0,2.24,1.3,49,0,110,14:41,23,59,100,0,0,0.0,0,174,174,1396.7,503.6
22.4,1803,1365,3005,2.51,11.0,2.34,1.2,50,0,110,14:40,24,55,100,0,0,0.0,0,178,179,1466.3,503.6
23.0,1803,1361,3001,2.51,11.7,2.32,1.1,51,0,110,14:40,25,53,100,0,0,0.0,0,183,183,1539.0,494.8
23.5,1803,1359,2998,2.51,11.7,2.40,1.1,52,0,110,14:39,25,50,100,0,0,0.0,0,188,188,1609.7,494.8
24.1,1804,1358,2999,2.51,12.5,2.42,1.3,53,0,110,14:39,26,46,100,0,0,0.0,0,192,193,1684.5,472.9
24.6,1804,1359,3004,2.51,12.5,2.43,1.1,55,0,110,14:38,27,41,100,0,0,0.0,0,197,197,1765.2,472.9
25.1,1804,1362,3004,2.51,14.0,2.44,1.0,56,0,110,14:38,27,40,100,0,0,0.0,0,202,202,1845.6,409.6
25.7,1804,1375,2999,2.51,14.6,2.52,1.1,58,0,110,14:37,28,40,100,0,0,2.0,0,207,207,1926.3,428.7
26.2,1804,1413,2992,2.51,14.6,2.51,1.3,61,0,110,14:37,28,38,100,0,0,3.1,0,212,212,2011.1,428.7
26.8,1804,1474,2988,2.51,15.8,2.40,1.7,65,0,110,14:36,29,37,100,0,0,3.3,0,217,217,2097.4,469.0
27.3,1804,1591,2978,2.51,15.8,2.52,2.1,72,0,110,14:36,30,33,100,0,0,2.6,0,222,223,2210.9,469.0
27.9,1804,1601,2969,2.51,18.4,2.69,2.5,74,0,110,14:35,31,31,100,0,0,3.4,0,228,229,2326.0,543.0
28.4,1806,1492,2999,2.51,18.4,2.77,2.7,71,0,110,14:34,33,28,100,0,0,2.5,0,234,234,2438.4,543.0
29.0,1806,1580,3030,2.51,19.8,2.81,2.6,77,0,110,14:34,34,25,100,0,0,1.2,0,239,239,2548.5,382.1
29.5,1804,1644,3011,2.51,19.8,2.82,2.8,82,0,110,14:33,36,25,100,0,0,2.0,0,245,245,2673.6,382.1
30.1,1804,1568,2983,2.51,21.1,2.91,3.1,80,0,110,14:33,37,23,100,0,0,2.6,0,251,252,2808.9,492.6
30.6,1806,1453,2992,2.51,22.5,2.86,3.5,76,0,110,14:32,39,22,100,0,0,2.5,0,256,256,2922.4,274.7
31.2,1806,1475,3016,2.51,22.5,2.81,3.8,78,0,110,14:32,41,20,100,0,0,2.2,0,261,261,3038.0,274.7
31.7,1805,1536,3010,2.51,22.9,2.74,4.2,83,0,110,14:31,43,19,100,0,0,2.2,0,267,267,3172.8,372.7
32.3,1805,1484,2992,2.51,22.9,2.62,4.5,82,0,110,14:31,46,18,100,0,0,2.1,0,272,272,3309.6,372.7
32.8,1806,1409,2997,2.51,24.6,2.75,4.8,79,0,110,14:30,48,17,100,0,0,2.1,0,276,277,3429.3,232.6
33.3,1806,1428,3010,2.51,24.6,2.75,5.1,81,0,110,14:30,51,23,100,0,0,4.6,0,280,281,3548.0,232.6
33.9,1804,1494,2996,2.51,23.7,2.37,10.8,86,0,110,14:29,55,60,100,0,0,16.5,270,280,280,3569.0,339.5
34.4,1804,1383,2991,2.51,23.7,1.92,19.1,80,0,110,14:28,63,49,100,0,0,13.8,325,281,281,3676.1,339.5
35.0,1804,1394,3015,2.51,29.8,1.60,23.5,80,0,110,14:28,75,30,100,0,0,8.5,530,281,282,3809.6,-49.2
35.5,1802,1471,3012,2.50,31.0,1.27,25.2,84,0,110,14:27,88,17,100,0,0,2.5,0,281,282,3937.2,-2.6
36.1,1801,1448,2993,2.50,31.0,1.00,24.9,83,0,110,14:27,102,10,100,0,0,0.0,0,281,283,4089.5,-2.6
36.6,1801,1394,2995,2.50,28.2,0.78,24.3,80,0,110,14:26,116,11,100,0,0,0.0,0,281,283,4222.2,66.7
37.2,1801,1410,3007,2.51,28.2,0.53,24.1,81,0,110,14:26,128,13,100,0,0,0.0,0,281,282,4324.2,66.7
37.7,1800,1446,3004,2.50,24.8,0.34,23.9,83,0,110,14:25,142,13,100,0,0,0.0,0,280,282,4458.9,259.0
38.3,1799,1430,2997,2.50,24.8,0.23,23.9,82,0,110,14:25,155,13,100,0,0,0.0,0,280,282,4589.7,259.0
38.8,1799,1407,2999,2.50,24.6,0.15,23.8,81,0,110,14:24,168,13,100,0,0,0.0,0,280,282,4713.9,246.3
39.4,1799,1420,3004,2.51,24.6,0.09,23.8,81,0,110,14:24,181,13,100,0,0,0.0,0,280,282,4840.7,246.3
39.9,1798,1431,3003,2.50,23.8,0.05,23.4,82,0,110,14:23,193,10,100,0,0,0.0,0,280,282,4962.2,289.7
40.5,1797,1424,2999,2.50,23.8,0.07,22.9,82,0,110,14:22,206,12,100,0,0,0.0,0,280,283,5105.6,297.0
41.0,1797,1410,3000,2.50,23.8,0.09,22.8,81,0,110,14:22,219,13,100,0,0,0.0,0,280,283,5232.7,297.0
41.6,1797,1415,3003,2.51,23.5,0.10,22.7,82,0,110,14:21,231,14,100,0,0,0.0,0,280,283,5360.7,298.3
42.1,1796,1422,3002,2.50,23.5,0.10,22.7,82,0,110,14:21,244,14,100,0,0,0.0,0,280,283,5483.8,298.3
42.6,1795,1415,3000,2.50,23.9,0.13,22.7,82,0,110,14:20,256,14,100,0,0,0.0,0,280,284,5626.2,290.9
43.2,1795,1409,3001,2.50,23.9,0.15,22.7,81,0,110,14:20,268,14,100,0,0,0.0,0,280,284,5748.5,290.9
43.7,1794,1412,3002,2.50,23.9,0.15,22.7,82,0,110,14:19,281,14,100,0,0,0.0,0,280,284,5876.5,285.2
44.3,1794,1414,3001,2.50,23.9,0.14,22.7,82,0,110,14:19,294,14,100,0,0,0.0,0,280,284,6004.4,285.2
44.8,1793,1409,3001,2.50,24.0,0.14,22.7,82,0,110,14:18,306,14,100,0,0,0.0,0,281,285,6126.2,284.1
45.4,1793,1405,3001,2.50,24.0,0.12,22.7,82,0,110,14:18,318,14,100,0,0,0.0,0,281,285,6245.5,284.1
45.9,1792,1407,3002,2.50,23.1,0.09,22.7,82,0,110,14:17,331,14,100,0,0,0.0,0,281,285,6371.1,315.3
46.5,1792,1408,3001,2.50,23.0,0.07,22.7,82,0,110,14:16,343,16,100,0,0,2.3,0,281,285,6487.1,326.0
47.0,1791,1402,3000,2.50,23.0,0.07,23.1,82,0,110,14:16,356,15,100,0,0,1.0,0,281,285,6628.0,326.0
47.6,1791,1401,3002,2.50,24.0,0.09,23.1,82,0,110,14:15,368,13,100,0,0,0.0,0,281,285,6753.0,270.8
48.1,1790,1405,3002,2.50,24.0,0.10,23.1,82,0,110,14:15,381,14,100,0,0,0.0,0,281,286,6882.0,270.8
48.7,1790,1402,3000,2.50,23.7,0.09,23.1,82,0,110,14:14,393,14,100,0,0,0.0,0,281,286,7004.7,290.9
49.2,1789,1397,3001,2.50,23.7,0.07,23.2,82,0,110,14:14,406,14,100,0,0,0.0,0,280,286,7134.3,290.9
49.8,1789,1398,3002,2.50,24.0,0.09,23.2,82,0,110,14:13,419,14,100,0,0,0.0,0,280,286,7270.0,271.0
50.3,1788,1400,3001,2.50,24.0,0.10,23.2,82,0,110,14:13,431,14,100,0,0,0.0,0,280,286,7390.2,271.0
50.8,1788,1397,3001,2.50,23.9,0.09,23.2,82,0,110,14:12,444,14,100,0,0,0.0,0,280,286,7512.8,280.5
51.4,1787,1395,3001,2.50,23.4,0.07,23.2,82,0,110,14:11,457,14,100,0,0,0.0,0,280,286,7639.1,297.0
51.9,1786,1395,3001,2.50,23.4,0.05,23.1,82,0,110,14:11,470,14,100,0,0,0.0,0,280,286,7765.3,297.0
52.5,1786,1395,3001,2.50,23.7,0.06,23.1,82,0,110,14:10,482,14,100,0,0,0.0,0,280,287,7896.8,285.8
53.0,1785,1393,3001,2.50,23.7,0.08,23.1,82,0,110,14:10,495,14,100,0,0,0.0,0,280,287,8027.2,285.8
53.6,1785,1392,3001,2.50,23.6,0.08,23.1,82,0,110,14:09,507,14,100,0,0,0.0,0,280,287,8149.7,287.6
54.1,1784,1392,3001,2.50,23.6,0.06,23.1,82,0,110,14:09,519,14,100,0,0,0.0,0,280,287,8266.8,287.6
54.7,1784,1391,3001,2.50,23.3,0.04,23.1,82,0,110,14:08,532,14,100,0,0,0.0,0,280,287,8392.9,300.6
55.2,1783,1390,3001,2.50,23.3,0.03,23.2,82,0,110,14:08,545,14,100,0,0,0.0,0,280,287,8518.4,300.6
55.8,1783,1389,3001,2.50,23.1,0.01,23.2,82,0,110,14:07,558,14,100,0,0,0.0,0,280,287,8639.1,306.2
56.3,1782,1388,3001,2.50,23.6,0.01,23.3,82,0,110,14:07,571,14,100,0,0,0.0,0,279,287,8777.8,283.7
56.9,1782,1388,3001,2.50,23.6,0.04,23.3,82,0,110,14:06,584,14,100,0,0,0.0,0,279,287,8904.5,283.7
57.4,1781,1387,3001,2.50,23.6,0.04,23.3,82,0,110,14:05,596,14,100,0,0,0.0,0,279,287,9027.8,284.7
58.0,1781,1386,3001,2.50,23.6,0.03,23.3,82,0,110,14:05,609,14,100,0,0,0.0,0,279,287,9149.8,284.7
58.5,1780,1385,3001,2.50,23.2,0.02,23.2,82,0,110,14:04,622,14,100,0,0,0.0,0,279,287,9275.6,301.2
59.1,1780,1385,3001,2.50,23.2,0.00,23.1,82,0,110,14:04,634,14,100,0,0,0.0,0,279,287,9396.1,301.2
59.6,1779,1384,3001,2.50,23.1,0.00,23.1,82,0,110,14:03,647,14,100,0,0,0.0,0,279,287,9527.7,304.5
60.1,1779,1383,3001,2.50,23.1,0.03,23.1,82,0,110,14:03,659,14,100,0,0,0.0,0,279,287,9655.9,304.5
60.7,1778,1381,3001,2.50,23.6,0.05,23.0,82,0,110,14:02,672,13,100,0,0,0.0,0,279,287,9779.6,281.0
61.2,1778,1382,3001,2.50,23.6,0.06,23.0,82,0,110,14:02,685,14,100,0,0,0.0,0,278,288,9917.0,281.0
61.8,1777,1380,3001,2.50,23.9,0.10,22.9,82,0,110,14:01,697,14,100,0,0,0.0,0,278,288,10046.1,270.3
62.3,1777,1379,3001,2.50,23.9,0.10,22.8,82,0,110,14:01,710,14,100,0,0,0.0,0,278,288,10169.2,270.3
62.9,1776,1378,3001,2.50,23.6,0.09,22.8,82,0,110,14:00,722,14,100,0,0,0.0,0,278,288,10294.8,282.3
63.4,1776,1377,3001,2.50,23.6,0.08,22.8,82,0,110,13:59,734,14,100,2,0,0.0,0,278,288,10410.9,282.3
64.0,1775,1375,3001,2.50,23.1,0.07,22.7,82,0,110,13:59,747,14,100,2,0,0.0,0,278,289,10539.8,303.1
64.5,1775,1375,3001,2.50,23.7,0.10,22.6,82,0,110,13:58,759,14,100,4,0,0.0,0,278,289,10674.1,276.9
65.1,1774,1374,3001,2.50,23.7,0.11,22.6,82,0,110,13:58,772,14,100,4,0,0.0,0,278,289,10797.7,276.9
65.6,1774,1372,3001,2.50,23.3,0.10,22.6,82,0,110,13:57,784,14,100,5,0,0.0,0,278,289,10918.6,292.9
66.1,1773,1371,3001,2.50,23.3,0.09,22.6,82,0,110,13:57,797,14,100,6,0,0.0,0,278,289,11043.6,292.9
66.7,1773,1371,3001,2.50,23.0,0.07,22.6,82,0,110,13:56,809,14,100,7,0,0.0,0,278,289,11163.5,303.5
67.2,1772,1369,3001,2.50,23.0,0.07,22.7,82,0,110,13:56,821,14,100,8,0,0.0,0,278,290,11294.4,303.5
67.8,1772,1368,3001,2.50,23.7,0.09,22.7,82,0,110,13:55,833,14,100,9,0,0.0,0,278,290,11421.5,274.5
68.3,1771,1368,3001,2.50,23.7,0.10,22.7,82,0,110,13:55,846,14,100,10,0,0.0,0,278,290,11543.4,274.5
68.9,1771,1367,3001,2.50,23.4,0.08,22.7,82,0,110,13:54,858,14,100,11,0,0.0,0,278,290,11664.0,286.9
69.4,1770,1366,3001,2.50,23.4,0.07,22.7,82,0,110,13:53,870,14,100,12,0,0.0,0,278,290,11784.2,286.9
70.0,1770,1364,3001,2.50,22.9,0.05,22.6,82,0,110,13:53,883,14,100,13,0,0.0,0,278,290,11903.8,306.2
70.5,1769,1364,3001,2.50,22.9,0.03,22.5,82,0,110,13:52,895,14,100,13,0,0.0,0,278,290,12023.3,306.2
71.1,1769,1362,3001,2.50,22.7,0.03,22.5,82,0,110,13:52,908,14,100,14,0,0.0,0,278,290,12155.5,315.0
71.6,1768,1361,3001,2.50,22.7,0.07,22.5,82,0,110,13:51,920,14,100,15,0,0.0,0,278,291,12284.0,315.0
72.1,1768,1358,3001,2.50,23.4,0.08,22.6,82,0,110,13:51,932,12,100,16,0,0.0,0,278,291,12412.3,283.7
72.7,1767,1360,3002,2.50,23.4,0.09,22.2,82,0,110,13:50,944,13,100,17,0,0.0,0,278,291,12528.8,283.7
73.2,1767,1360,3001,2.50,22.8,0.08,22.0,82,0,110,13:50,956,14,100,17,0,0.0,0,278,291,12648.5,309.6
73.8,1766,1355,3001,2.50,22.8,0.10,22.0,82,0,110,13:49,968,14,100,18,0,0.0,0,278,292,12778.5,309.6
74.3,1766,1354,3001,2.51,23.1,0.13,22.0,82,0,110,13:49,980,14,100,19,0,0.0,0,278,292,12909.9,291.2
74.9,1765,1355,3002,2.50,23.1,0.14,22.0,82,0,110,13:48,992,14,100,20,0,0.0,0,278,292,13031.3,291.2
75.4,1765,1353,3001,2.50,23.2,0.14,22.1,82,0,110,13:47,1004,14,100,20,0,0.0,0,278,292,13146.0,293.0
75.9,1764,1350,3001,2.50,23.2,0.13,22.2,82,0,110,13:47,1016,14,100,21,0,0.0,0,278,293,13272.8,293.0
76.5,1764,1349,3001,2.50,23.0,0.11,22.2,82,0,110,13:46,1028,14,100,22,0,0.0,0,278,293,13388.3,294.3
77.0,1763,1350,3001,2.50,22.7,0.08,22.3,82,0,110,13:46,1041,14,100,23,0,0.0,0,279,293,13510.7,311.5
77.6,1763,1348,3001,2.50,22.7,0.06,22.3,82,0,110,13:45,1053,14,100,24,0,0.0,0,279,293,13629.1,311.5
78.1,1763,1346,3001,2.50,22.5,0.05,22.3,82,0,110,13:45,1065,14,100,24,0,0.0,0,279,293,13748.1,314.8
78.7,1762,1345,3001,2.50,22.5,0.05,22.2,82,0,110,13:44,1077,14,100,25,0,0.0,0,279,293,13874.8,314.8
79.2,1762,1345,3001,2.50,23.1,0.07,22.2,82,0,110,13:44,1089,14,100,25,0,0.0,0,279,293,14002.6,288.5
79.8,1761,1343,3001,2.50,23.1,0.10,22.2,82,0,110,13:43,1101,14,100,26,0,0.0,0,279,294,14128.6,288.5
80.3,1761,1342,3001,2.50,23.0,0.09,22.2,82,0,110,13:43,1113,14,100,27,0,0.0,0,279,294,14243.5,292.8
80.9,1760,1341,3001,2.50,23.0,0.09,22.2,82,0,110,13:42,1125,14,100,27,0,0.0,0,279,294,14366.5,292.8
81.4,1760,1340,3001,2.50,22.6,0.08,22.2,82,0,110,13:41,1137,14,100,28,0,0.0,0,279,294,14484.4,308.4
81.9,1759,1339,3001,2.50,22.6,0.10,22.2,82,0,110,13:41,1149,14,100,29,0,0.0,0,279,294,14619.1,308.4
82.5,1759,1338,3001,2.50,23.3,0.12,22.2,82,0,110,13:40,1161,14,100,29,0,0.0,0,279,295,14740.8,276.0
83.0,1758,1337,3001,2.50,23.1,0.11,22.3,82,0,110,13:40,1174,14,100,30,0,0.0,0,279,295,14864.3,287.7
83.6,1758,1335,3001,2.50,23.1,0.09,22.2,82,0,110,13:39,1186,13,100,31,0,0.0,0,279,295,14979.4,287.7
84.1,1757,1334,3001,2.50,22.6,0.08,22.1,82,0,110,13:39,1198,13,100,31,0,0.0,0,279,295,15098.5,306.2
84.7,1757,1334,3001,2.50,22.6,0.09,21.8,82,0,110,13:38,1209,13,100,31,0,0.0,0,279,295,15227.9,306.2
85.2,1757,1332,3001,2.50,23.0,0.12,21.7,82,0,110,13:38,1221,14,100,32,0,0.0,0,279,296,15352.9,287.5
85.8,1756,1329,3001,2.51,23.0,0.13,21.7,82,0,110,13:37,1233,14,100,33,0,0.0,0,279,296,15473.0,287.5
86.3,1756,1329,3001,2.51,22.8,0.13,21.7,82,0,110,13:37,1245,14,100,33,0,0.0,0,279,296,15591.0,297.2
86.8,1755,1329,3001,2.50,22.8,0.16,21.8,82,0,110,13:36,1257,14,100,33,0,0.0,0,279,297,15728.6,297.2
87.4,1755,1327,3001,2.50,23.4,0.17,21.8,82,0,110,13:35,1269,14,100,34,0,0.0,0,279,297,15851.2,270.4
87.9,1754,1325,3001,2.50,23.4,0.17,21.9,82,0,110,13:35,1281,14,100,34,0,0.0,0,279,297,15974.8,270.4
88.5,1754,1324,3001,2.50,22.9,0.15,21.9,82,0,110,13:34,1293,14,100,35,0,0.0,0,279,297,16092.0,289.8
89.0,1753,1323,3001,2.50,22.9,0.14,21.8,82,0,110,13:34,1305,14,100,35,0,0.0,0,279,298,16220.6,289.8
89.6,1753,1322,3001,2.50,23.2,0.16,21.8,82,0,110,13:33,1317,14,100,35,0,0.0,0,279,298,16346.5,277.2
90.1,1752,1320,3001,2.50,23.1,0.17,21.7,82,0,110,13:33,1328,14,100,36,0,0.0,0,279,298,16466.7,284.2
90.7,1752,1320,3001,2.50,23.1,0.14,21.7,82,0,110,13:32,1341,14,100,36,0,0.0,0,279,298,16580.1,284.2
91.2,1752,1318,3001,2.50,22.1,0.10,21.7,82,0,110,13:32,1352,14,100,36,0,0.0,0,280,298,16698.1,322.5
91.8,1751,1317,3001,2.50,22.1,0.09,21.7,82,0,110,13:31,1365,14,100,37,0,0.0,0,280,298,16823.8,322.5
92.3,1751,1316,3001,2.50,22.4,0.08,21.8,82,0,110,13:31,1376,14,100,37,0,0.0,0,280,299,16937.3,308.9
92.9,1750,1315,3001,2.50,22.4,0.07,21.8,82,0,110,13:30,1388,14,100,38,0,0.0,0,280,299,17054.6,308.9
93.4,1750,1313,3001,2.50,22.3,0.07,21.8,82,0,110,13:29,1400,14,100,38,0,0.0,0,280,299,17185.5,312.4
94.0,1749,1312,3001,2.50,22.3,0.10,21.8,82,0,110,13:29,1412,14,100,38,0,0.0,0,280,300,17314.5,312.4
94.5,1749,1311,3001,2.50,23.0,0.12,21.9,82,0,110,13:28,1424,14,100,38,0,0.0,0,280,300,17434.8,280.5
95.0,1748,1310,3001,2.50,23.0,0.12,21.9,82,0,110,13:28,1435,14,100,39,0,0.0,0,280,300,17548.3,280.5
95.6,1748,1309,3001,2.50,22.7,0.10,21.9,82,0,110,13:27,1448,14,100,39,0,0.0,0,280,300,17669.8,294.5
96.1,1747,1308,3001,2.50,22.4,0.09,21.9,82,0,110,13:27,1460,14,100,39,0,0.0,0,280,300,17786.3,304.4
96.7,1747,1307,3001,2.50,22.4,0.10,22.0,82,0,110,13:26,1471,14,100,40,0,0.0,0,280,300,17918.2,304.4
97.2,1747,1306,3001,2.50,23.2,0.12,22.0,82,0,110,13:26,1484,14,100,40,0,0.0,0,280,301,18044.3,272.4
97.8,1746,1305,3001,2.50,23.2,0.12,21.9,82,0,110,13:25,1495,14,100,40,0,0.0,0,280,301,18157.4,272.4
98.3,1746,1304,3001,2.50,22.6,0.10,21.9,82,0,110,13:25,1508,14,100,40,0,0.0,0,280,301,18278.8,295.8
98.9,1745,1303,3001,2.50,22.6,0.08,21.9,82,0,110,13:24,1520,14,100,40,0,0.0,0,280,301,18400.1,295.8
99.4,1745,1302,3001,2.50,22.3,0.07,21.8,82,0,110,13:23,1531,14,100,41,0,0.0,0,280,301,18516.5,308.3
100.0,1744,1301,3001,2.50,22.3,0.09,21.8,82,0,110,13:23,1543,14,100,41,0,0.0,0,280,302,18644.9,308.3
100.5,1744,1300,3001,2.50,22.9,0.11,21.9,82,0,110,13:22,1555,14,100,41,0,0.0,0,280,302,18769.5,282.5
101.1,1743,1299,3001,2.50,22.9,0.10,21.9,82,0,110,13:22,1567,14,100,41,0,0.0,0,280,302,18886.8,282.5
101.6,1743,1298,3001,2.50,22.7,0.09,21.9,82,0,110,13:21,1579,14,100,42,0,0.0,0,280,302,18998.3,292.5
102.1,1743,1297,3001,2.50,22.3,0.07,21.9,82,0,110,13:21,1591,14,100,42,0,0.0,0,280,302,19118.7,305.4
102.7,1742,1296,3001,2.50,22.3,0.05,22.0,82,0,110,13:20,1602,14,100,42,0,0.0,0,280,302,19230.1,305.4
103.2,1742,1295,3001,2.50,22.8,0.07,22.0,82,0,110,13:20,1615,14,100,42,0,0.0,0,280,302,19370.3,284.7
103.8,1741,1294,3001,2.50,22.8,0.08,22.0,82,0,110,13:19,1627,14,100,42,0,0.0,0,280,302,19486.2,284.7
104.3,1741,1293,3001,2.50,22.7,0.08,22.0,82,0,110,13:19,1639,14,100,42,0,0.0,0,280,302,19603.5,289.7
104.9,1740,1293,3001,2.50,22.7,0.10,22.0,82,0,110,13:18,1651,14,100,42,0,0.0,0,279,303,19734.2,289.7
105.4,1740,1292,3001,2.50,23.2,0.11,22.1,82,0,110,13:17,1663,14,100,43,0,0.0,0,279,303,19860.7,268.0
106.0,1739,1291,3001,2.50,23.2,0.11,22.1,82,0,110,13:17,1675,14,100,43,0,0.0,0,279,303,19982.9,268.0
106.5,1739,1290,3001,2.50,22.8,0.09,22.1,82,0,110,13:16,1687,14,100,43,0,0.0,0,279,303,20094.9,284.2
107.0,1739,1290,3001,2.50,22.8,0.07,22.2,82,0,110,13:16,1699,14,100,43,0,0.0,0,279,303,20214.9,284.2
107.6,1738,1289,3001,2.50,22.3,0.04,22.2,82,0,110,13:15,1711,14,100,43,0,0.0,0,279,303,20330.1,302.0
108.1,1738,1288,3001,2.50,22.3,0.02,22.2,82,0,110,13:15,1724,14,100,43,0,0.0,0,279,303,20449.8,302.0
108.7,1737,1288,3001,2.50,22.0,0.00,22.2,82,0,110,13:14,1735,14,100,43,0,0.0,0,279,303,20560.1,312.4
109.2,1737,1287,3001,2.50,22.0,0.01,22.2,82,0,110,13:14,1747,14,100,44,0,0.0,0,279,303,20690.4,312.4
109.8,1736,1286,3001,2.50,22.7,0.03,22.2,82,0,110,13:13,1760,14,100,44,0,0.0,0,279,303,20815.2,285.9
110.3,1736,1286,3001,2.50,22.7,0.06,22.2,82,0,110,13:13,1771,14,100,44,0,0.0,0,278,304,20943.0,285.9
110.9,1735,1285,3001,2.50,23.2,0.10,22.2,82,0,110,13:12,1783,14,100,44,0,0.0,0,278,304,21065.7,262.0
111.4,1735,1284,3001,2.50,23.2,0.10,22.1,82,0,110,13:11,1795,14,100,44,0,0.0,0,278,304,21183.0,262.0
112.0,1735,1284,3001,2.50,22.8,0.09,22.1,82,0,110,13:11,1808,14,100,44,0,0.0,0,278,304,21303.2,279.7
112.5,1734,1283,3001,2.50,22.8,0.06,22.1,82,0,110,13:10,1820,14,100,44,0,0.0,0,278,304,21418.2,279.7
113.0,1734,1281,3001,2.50,22.2,0.04,22.1,82,0,110,13:10,1832,13,100,44,0,0.0,0,278,304,21533.4,303.9
113.6,1733,1281,3002,2.50,22.2,0.02,21.7,82,0,110,13:09,1844,13,100,44,0,0.0,0,278,304,21650.3,303.9
114.1,1733,1282,3001,2.50,21.7,0.01,21.5,82,0,110,13:09,1856,14,100,44,0,0.0,0,278,304,21769.6,326.6
114.7,1732,1278,3000,2.50,22.0,0.03,21.4,82,0,110,13:08,1867,14,100,44,0,0.0,0,278,304,21895.1,308.6
115.2,1732,1276,3001,2.51,22.0,0.06,21.4,82,0,110,13:08,1879,14,100,44,0,0.0,0,278,305,22017.4,308.6
115.8,1732,1277,3002,2.51,22.3,0.09,21.4,82,0,110,13:07,1890,14,100,44,0,0.0,0,278,305,22130.7,297.1
116.3,1731,1277,3001,2.50,22.3,0.09,21.4,82,0,110,13:07,1902,14,100,44,0,0.0,0,278,305,22251.3,297.1
116.9,1731,1274,3001,2.50,22.0,0.09,21.3,82,0,110,13:06,1914,14,100,44,0,0.0,0,278,305,22371.2,309.8
117.4,1730,1272,3001,2.51,22.0,0.13,21.2,82,0,110,13:05,1926,14,100,44,0,0.0,0,278,306,22502.7,309.8
117.9,1730,1272,3001,2.51,22.6,0.14,21.2,82,0,110,13:05,1937,14,100,44,0,0.0,0,278,306,22621.3,280.6
118.5,1730,1272,3001,2.50,22.6,0.14,21.2,82,0,110,13:04,1949,14,100,44,0,0.0,0,278,306,22736.8,280.6
119.0,1729,1270,3001,2.50,22.2,0.14,21.2,82,0,110,13:04,1960,14,100,44,0,0.0,0,278,307,22860.2,299.8
119.6,1729,1267,3002,2.51,22.2,0.16,21.1,82,0,110,13:03,1972,13,100,44,0,0.0,0,279,307,22978.0,299.8
120.1,1728,1269,3001,2.51,22.2,0.13,20.9,82,0,110,13:03,1983,14,100,44,0,0.0,0,279,307,23083.7,295.6
120.7,1728,1266,3001,2.50,22.2,0.09,20.9,82,0,110,13:02,1994,14,100,44,0,0.0,0,279,307,23194.8,295.6
121.2,1728,1263,3001,2.51,21.4,0.09,20.9,82,0,110,13:02,2006,14,100,44,0,0.0,0,279,307,23326.1,331.4
121.8,1727,1263,3002,2.51,22.4,0.12,20.9,82,0,110,13:01,2018,14,100,44,0,0.0,0,279,308,23450.8,289.1
122.3,1727,1263,3001,2.51,22.4,0.13,20.9,82,0,110,13:01,2028,14,100,44,0,0.0,0,279,308,23558.1,289.1
122.8,1726,1261,3001,2.51,22.4,0.14,20.9,82,0,110,13:00,2040,14,100,44,0,0.0,0,279,309,23686.2,289.8
123.4,1726,1259,3001,2.51,22.4,0.18,20.9,82,0,110,12:59,2051,14,100,44,0,0.0,0,279,309,23810.6,289.8
123.9,1726,1258,3001,2.51,22.6,0.20,20.9,82,0,110,12:59,2063,14,100,44,0,0.0,0,279,309,23931.8,276.3
124.5,1725,1258,3001,2.51,22.6,0.18,20.9,82,0,110,12:58,2074,14,100,44,0,0.0,0,279,309,24040.9,276.3
125.0,1725,1256,3001,2.51,22.0,0.15,21.0,82,0,110,12:58,2086,14,100,44,0,0.0,0,280,309,24157.2,304.2
125.6,1724,1254,3001,2.51,22.0,0.13,21.0,82,0,110,12:57,2097,14,100,44,0,0.0,0,280,310,24267.2,304.2
126.1,1724,1253,3001,2.51,21.8,0.11,21.0,82,0,110,12:57,2108,14,100,44,0,0.0,0,280,310,24380.7,310.3
126.7,1724,1253,3001,2.51,21.8,0.09,21.0,83,0,110,12:56,2120,14,100,44,0,0.0,0,280,310,24507.9,310.3
127.2,1723,1251,3001,2.51,22.3,0.12,21.0,82,0,110,12:56,2131,14,100,44,0,0.0,0,280,311,24630.1,289.3
127.7,1723,1249,3001,2.51,22.3,0.14,21.0,82,0,110,12:55,2143,14,100,44,0,0.0,0,280,311,24752.3,289.3
128.3,1722,1249,3001,2.51,22.1,0.15,20.9,83,0,110,12:55,2154,14,100,44,0,0.0,0,280,311,24858.2,294.9
128.8,1722,1248,3001,2.51,22.1,0.15,20.9,83,0,110,12:54,2166,14,100,44,0,0.0,0,280,312,24992.8,294.9
129.4,1722,1246,3001,2.51,22.7,0.18,21.0,83,0,110,12:54,2177,14,100,44,0,0.0,0,280,312,25113.8,272.1
129.9,1721,1245,3001,2.51,22.7,0.19,21.1,83,0,110,12:53,2189,14,100,44,0,0.0,0,280,312,25229.1,272.1
130.5,1721,1244,3001,2.51,22.3,0.16,21.1,83,0,110,12:52,2200,14,100,44,0,0.0,0,280,312,25342.9,286.8
131.0,1720,1243,3001,2.50,22.3,0.14,21.2,83,0,110,12:52,2211,14,100,44,0,0.0,0,280,312,25456.3,286.8
131.6,1720,1242,3001,2.50,22.3,0.15,21.2,83,0,110,12:51,2223,14,100,44,0,0.0,0,280,313,25585.5,285.7
132.1,1720,1241,3001,2.50,22.3,0.16,21.2,83,0,110,12:51,2234,14,100,44,0,0.0,0,280,313,25703.7,285.7
132.6,1719,1240,3001,2.50,22.6,0.15,21.3,83,0,110,12:50,2246,14,100,44,0,0.0,0,280,313,25818.4,275.0
133.2,1719,1240,3001,2.50,22.6,0.12,21.3,83,0,110,12:50,2257,14,100,44,0,0.0,0,280,313,25931.3,275.0
133.7,1718,1239,3001,2.50,22.0,0.09,21.3,83,0,110,12:49,2269,14,100,44,0,0.0,0,280,313,26048.3,299.0
134.3,1718,1237,3001,2.50,21.9,0.07,21.3,83,0,110,12:49,2281,14,100,44,0,0.0,0,280,313,26166.1,299.1
134.8,1718,1237,3001,2.50,21.9,0.09,21.3,83,0,110,12:48,2293,14,100,44,0,0.0,0,280,314,26292.2,299.1
135.4,1717,1236,3001,2.50,22.3,0.10,21.3,83,0,110,12:48,2304,14,100,44,0,0.0,0,280,314,26409.1,283.3
135.9,1717,1235,3001,2.50,22.3,0.10,21.3,83,0,110,12:47,2316,14,100,44,0,0.0,0,280,314,26523.5,283.3
136.4,1716,1234,3001,2.50,21.9,0.09,21.3,83,0,110,12:46,2327,14,100,44,0,0.0,0,280,314,26632.2,298.1
137.0,1716,1233,3001,2.50,21.9,0.07,21.3,83,0,110,12:46,2339,14,100,44,0,0.0,0,280,314,26748.8,298.1
137.5,1716,1232,3001,2.50,21.6,0.05,21.3,83,0,110,12:45,2351,14,100,44,0,0.0,0,280,314,26865.1,312.3
138.1,1715,1231,3001,2.50,21.6,0.07,21.3,83,0,110,12:45,2362,14,100,44,0,0.0,0,280,315,26989.3,312.3
138.6,1715,1231,3001,2.50,22.2,0.09,21.3,83,0,110,12:44,2373,14,100,44,0,0.0,0,280,315,27107.0,283.8
139.2,1714,1230,3001,2.50,22.2,0.09,21.3,83,0,110,12:44,2385,14,100,44,0,0.0,0,280,315,27220.8,283.8
139.7,1714,1229,3001,2.50,21.9,0.07,21.3,83,0,110,12:43,2397,14,100,44,0,0.0,0,280,315,27342.5,297.3
140.3,1714,1228,3001,2.50,21.9,0.06,21.4,83,0,110,12:43,2408,14,100,44,0,0.0,0,280,315,27446.1,297.3
140.8,1713,1227,3001,2.50,21.6,0.04,21.4,83,0,110,12:42,2420,14,100,44,0,0.0,0,280,315,27562.1,307.4
141.4,1713,1227,3001,2.50,21.6,0.02,21.5,83,0,110,12:42,2432,14,100,44,0,0.0,0,280,315,27678.1,307.4
141.9,1712,1226,3001,2.50,21.4,0.00,21.5,83,0,110,12:41,2444,14,100,44,0,0.0,0,280,315,27790.3,315.1
142.4,1712,1225,3001,2.50,22.1,0.02,21.4,83,0,110,12:40,2455,14,100,44,0,0.0,0,280,315,27919.0,286.9
143.0,1712,1225,3001,2.50,22.1,0.05,21.4,83,0,110,12:40,2467,14,100,44,0,0.0,0,280,315,28036.6,286.9
143.5,1711,1224,3001,2.50,22.1,0.07,21.3,83,0,110,12:39,2478,14,100,44,0,0.0,0,279,316,28156.1,284.5
144.1,1711,1223,3001,2.50,22.1,0.10,21.2,83,0,110,12:39,2489,14,100,44,0,0.0,0,279,316,28280.4,284.5
144.6,1710,1222,3001,2.50,22.4,0.13,21.2,83,0,110,12:38,2502,14,100,44,0,0.0,0,279,316,28404.8,273.1
145.2,1710,1221,3001,2.50,22.4,0.12,21.2,83,0,110,12:38,2513,14,100,44,0,0.0,0,279,316,28513.4,273.1
145.7,1710,1221,3001,2.50,21.9,0.10,21.2,83,0,110,12:37,2524,14,100,44,0,0.0,0,279,316,28625.6,294.5
146.2,1709,1220,3001,2.50,21.9,0.09,21.3,83,0,110,12:37,2536,15,100,44,0,0.0,0,279,317,28753.0,294.5
146.8,1709,1219,3001,2.50,22.4,0.11,21.4,83,0,110,12:36,2548,15,100,44,0,0.0,0,279,317,28872.3,269.7
147.3,1708,1218,3001,2.50,22.4,0.10,21.5,83,0,110,12:36,2559,14,100,44,0,0.0,0,279,317,28982.1,269.7
147.9,1708,1218,3001,2.50,22.1,0.08,21.5,83,0,110,12:35,2571,14,100,44,0,0.0,0,279,317,29098.8,282.6
148.4,1708,1217,3001,2.50,22.1,0.05,21.5,83,0,110,12:34,2583,14,100,44,0,0.0,0,279,317,29215.1,282.6
149.0,1707,1216,3001,2.50,21.6,0.03,21.5,83,0,110,12:34,2595,14,100,44,0,0.0,0,279,317,29326.6,301.1
149.5,1707,1215,3001,2.50,21.6,0.01,21.4,83,0,110,12:33,2606,14,100,44,0,0.0,0,279,317,29434.0,301.1
150.1,1706,1215,3001,2.50,21.3,-0.01,21.2,83,0,110,12:33,2618,13,100,44,0,0.0,0,279,317,29545.9,315.1
150.6,1706,1215,3001,2.50,21.3,-0.02,21.0,83,0,110,12:32,2630,14,100,44,0,0.0,0,279,317,29661.3,315.1
151.2,1706,1213,3001,2.50,20.9,-0.02,21.0,83,0,110,12:32,2640,14,100,44,0,0.0,0,279,317,29768.7,331.7
151.7,1705,1211,3001,2.51,21.7,0.01,21.0,82,0,110,12:31,2652,14,100,44,0,0.0,0,279,317,29901.0,295.9
152.2,1705,1212,3001,2.50,21.7,0.05,21.0,83,0,110,12:31,2664,14,100,44,0,0.0,0,279,317,30017.3,295.9
152.8,1704,1211,3001,2.50,21.7,0.07,21.0,83,0,110,12:30,2675,14,100,44,0,0.0,0,279,317,30129.8,297.6
153.3,1704,1210,3001,2.50,21.7,0.07,21.1,83,0,110,12:30,2686,15,100,44,0,0.0,0,279,317,30241.3,297.6
153.9,1704,1209,3001,2.50,21.4,0.05,21.1,83,0,110,12:29,2698,15,100,44,0,0.0,0,278,318,30361.8,306.2
154.4,1703,1208,3001,2.50,21.4,0.08,21.2,83,0,110,12:28,2710,15,100,44,0,0.0,0,278,318,30487.7,306.2
155.0,1703,1208,3001,2.50,22.4,0.10,21.2,83,0,110,12:28,2721,15,100,44,0,0.0,0,278,318,30608.6,264.5
155.5,1703,1207,3001,2.50,22.4,0.14,21.3,83,0,110,12:27,2733,14,100,44,0,0.0,0,278,319,30738.6,264.5
156.1,1702,1206,3001,2.50,22.9,0.15,21.3,83,0,110,12:27,2745,14,100,44,0,0.0,0,278,319,30853.8,245.1
156.6,1702,1205,3001,2.50,22.9,0.13,21.3,83,0,110,12:26,2756,14,100,44,0,0.0,0,278,319,30966.6,245.1
157.1,1701,1205,3001,2.50,22.1,0.10,21.3,83,0,110,12:26,2767,14,100,44,0,0.0,0,278,319,31073.7,277.5
157.7,1701,1204,3001,2.50,22.1,0.07,21.3,83,0,110,12:25,2779,14,100,44,0,0.0,0,278,319,31188.8,277.5
158.2,1701,1203,3001,2.50,21.5,0.04,21.3,83,0,110,12:25,2791,14,100,44,0,0.0,0,278,319,31303.8,298.8
158.8,1700,1203,3001,2.50,21.2,0.02,21.2,83,0,110,12:24,2802,14,100,44,0,0.0,0,278,319,31410.2,313.2
159.3,1700,1202,3001,2.50,21.2,0.00,21.2,83,0,110,12:24,2815,14,100,44,0,0.0,0,278,319,31529.3,313.2
159.9,1699,1202,3001,2.50,20.9,-0.01,21.2,83,0,110,12:23,2826,14,100,44,0,0.0,0,278,319,31635.2,321.2
160.4,1699,1200,3001,2.50,20.9,-0.02,21.2,83,0,110,12:22,2838,14,100,44,0,0.0,0,278,318,31750.2,321.2
161.0,1699,1200,3001,2.50,21.4,0.00,21.2,83,0,110,12:22,2849,15,100,44,0,0.0,0,277,319,31880.6,299.4
161.5,1698,1199,3001,2.50,21.4,0.08,21.2,83,0,110,12:21,2860,15,100,44,0,0.0,0,277,320,32008.5,299.4
162.1,1698,1199,3001,2.50,22.8,0.13,21.2,83,0,110,12:21,2872,14,100,44,0,0.0,0,277,320,32129.9,242.8
162.6,1699,1198,3001,2.50,22.8,0.13,21.2,82,0,110,12:20,2884,14,100,44,0,0.0,0,277,320,32242.6,242.8
163.2,1698,1198,3001,2.50,22.1,0.11,21.2,83,0,110,12:20,2896,14,100,44,0,0.0,0,277,320,32357.9,273.1
163.7,1697,1197,3001,2.50,22.1,0.08,21.2,83,0,110,12:19,2907,15,100,44,0,0.0,0,277,320,32463.9,273.1
164.2,1696,1195,3001,2.49,21.5,0.05,21.2,82,0,110,12:19,2918,15,100,44,0,0.0,0,277,320,32578.6,297.3
164.8,1695,1194,3001,2.49,21.1,0.02,21.2,82,0,110,12:18,2929,15,100,44,0,0.0,0,277,320,32684.3,307.4
165.3,1694,1193,3002,2.49,21.1,0.01,21.0,82,0,110,12:18,2941,13,100,43,0,0.0,0,277,320,32800.3,307.4
165.9,1693,1194,3001,2.48,20.7,0.00,20.7,83,0,110,12:17,2953,14,100,43,0,0.0,0,277,320,32910.3,327.1
166.4,1692,1191,3001,2.48,20.7,0.03,20.6,83,0,110,12:16,2964,14,100,42,0,0.0,0,277,320,33036.8,327.1
167.0,1691,1188,3001,2.48,21.5,0.06,20.5,82,0,110,12:16,2975,14,100,42,0,0.0,0,277,321,33156.0,289.9
167.5,1690,1188,3002,2.47,21.5,0.08,20.5,82,0,110,12:15,2987,14,100,41,0,0.0,0,277,321,33267.2,289.9
168.1,1689,1188,3001,2.47,21.2,0.08,20.4,83,0,110,12:15,2998,14,100,40,0,0.0,0,277,321,33382.2,302.4
168.6,1688,1186,3001,2.47,21.2,0.08,20.4,83,0,110,12:14,3009,14,100,40,0,0.0,0,277,321,33496.9,302.4
169.2,1687,1183,3001,2.46,21.5,0.11,20.4,83,0,110,12:14,3020,14,100,40,0,0.0,0,277,322,33617.2,288.1
169.7,1686,1181,3002,2.46,21.5,0.14,20.0,82,0,110,12:13,3031,13,100,39,0,0.0,0,277,322,33732.9,288.1
170.3,1685,1183,3001,2.46,21.3,0.13,19.8,83,0,110,12:13,3041,14,100,38,0,0.0,0,277,322,33843.3,293.5
170.8,1684,1180,3000,2.45,21.3,0.18,19.7,83,0,110,12:12,3053,14,100,38,0,0.0,0,277,323,33974.5,293.5
171.3,1683,1176,3001,2.45,21.6,0.19,19.3,83,0,110,12:12,3063,13,100,38,0,0.0,0,278,323,34069.8,281.6
171.9,1682,1177,3001,2.45,20.6,0.17,19.2,83,0,110,12:11,3074,16,100,37,0,1.3,0,278,323,34188.0,324.3
172.4,1681,1174,3001,2.44,20.6,0.18,19.5,83,0,110,12:10,3084,16,100,36,0,0.9,0,278,324,34302.6,324.3
173.0,1680,1171,3001,2.44,21.3,0.18,19.7,83,0,110,12:10,3095,16,100,36,0,0.0,0,278,324,34418.0,289.9
173.5,1680,1170,3002,2.44,21.3,0.22,19.8,83,0,110,12:09,3106,15,100,36,0,0.0,0,278,325,34544.7,289.9
174.1,1679,1170,3001,2.43,22.0,0.22,19.9,83,0,110,12:09,3117,15,100,35,0,0.0,0,278,325,34658.1,263.2
174.6,1678,1168,3001,2.43,22.0,0.19,19.9,83,0,110,12:08,3127,14,100,35,0,0.0,0,279,325,34751.1,263.2
175.2,1677,1165,3001,2.43,20.8,0.16,19.9,83,0,110,12:08,3138,14,100,35,0,0.0,0,279,325,34867.1,308.8
175.7,1676,1164,3001,2.42,20.8,0.15,19.9,83,0,110,12:07,3149,14,100,34,0,0.0,0,279,326,34984.3,308.8
176.2,1675,1164,3001,2.42,21.0,0.13,19.9,83,0,110,12:07,3160,14,100,34,0,0.0,0,279,326,35089.6,298.0
176.8,1674,1162,3001,2.42,21.0,0.13,19.9,83,0,110,12:06,3171,14,100,33,0,0.0,0,279,326,35215.7,298.0
177.3,1673,1160,3001,2.41,21.4,0.15,19.9,83,0,110,12:06,3182,14,100,33,0,0.0,0,279,327,35330.8,284.1
177.9,1672,1158,3001,2.41,21.5,0.17,20.0,83,0,110,12:05,3192,14,100,33,0,0.0,0,279,327,35442.6,277.3
178.4,1671,1158,3001,2.41,21.5,0.17,20.0,83,0,110,12:04,3203,14,100,33,0,0.0,0,279,327,35551.5,277.3
179.0,1670,1157,3001,2.40,21.4,0.15,19.9,83,0,110,12:04,3215,14,100,32,0,0.0,0,279,328,35676.0,280.1
179.5,1669,1155,3001,2.40,21.4,0.18,19.9,83,0,110,12:03,3226,14,100,32,0,0.0,0,279,328,35796.8,280.1
180.1,1668,1153,3001,2.40,21.6,0.18,20.0,83,0,110,12:03,3236,14,100,32,0,0.0,0,279,328,35902.8,273.0
180.6,1667,1152,3001,2.39,21.6,0.17,20.0,83,0,110,12:02,3247,15,100,31,0,0.0,0,279,328,36015.5,273.0
181.2,1666,1151,3001,2.39,21.1,0.15,20.1,83,0,110,12:02,3258,14,100,31,0,0.0,0,279,329,36128.6,290.2
181.7,1665,1149,3001,2.39,21.1,0.17,20.1,83,0,110,12:01,3269,14,100,31,0,0.0,0,279,329,36251.1,290.2
182.3,1664,1148,3001,2.39,21.6,0.17,20.1,83,0,110,12:01,3280,14,100,31,0,0.0,0,279,329,36361.5,268.0
182.8,1663,1147,3001,2.38,21.6,0.15,20.0,83,0,110,12:00,3291,14,100,30,0,0.0,0,279,329,36469.7,268.0
183.4,1662,1146,3001,2.38,21.1,0.13,20.0,83,0,110,12:00,3302,14,100,30,0,0.0,0,279,329,36577.6,287.0
183.9,1661,1144,3001,2.38,21.2,0.12,19.9,83,0,110,11:59,3313,14,100,30,0,0.0,0,279,330,36701.3,281.1
184.4,1660,1143,3001,2.37,21.2,0.14,19.9,83,0,110,11:58,3324,14,100,29,0,0.0,0,279,330,36817.1,281.1
185.0,1659,1141,3001,2.37,20.4,0.10,20.0,83,0,110,11:58,3335,14,100,29,0,0.0,0,279,330,36906.3,312.6
185.5,1658,1140,3001,2.37,20.4,0.05,20.0,83,0,110,11:57,3345,14,100,29,0,0.0,0,279,330,37006.9,312.6
186.1,1657,1139,3001,2.36,19.8,0.01,20.0,83,0,110,11:57,3356,14,100,29,0,0.0,0,279,329,37111.2,333.4
186.6,1656,1138,3001,2.36,19.8,0.02,20.0,83,0,110,11:56,3367,14,100,28,0,0.0,0,280,330,37236.5,333.4
187.2,1655,1136,3001,2.36,20.8,0.05,20.0,83,0,110,11:56,3378,14,100,28,0,0.0,0,280,330,37350.1,292.6
187.7,1654,1135,3001,2.35,20.8,0.06,20.0,83,0,110,11:55,3389,14,100,28,0,0.0,0,280,330,37458.5,292.6
188.3,1653,1134,3001,2.35,20.7,0.06,20.0,83,0,110,11:55,3400,14,100,28,0,0.0,0,280,330,37565.4,295.6
188.8,1652,1133,3001,2.35,20.4,0.05,20.0,83,0,110,11:54,3411,14,100,27,0,0.0,0,280,330,37675.8,306.0
189.4,1651,1132,3001,2.34,20.4,0.05,20.0,83,0,110,11:54,3422,14,100,27,0,0.0,0,279,331,37790.7,306.0
189.9,1650,1130,3001,2.34,21.8,0.11,20.0,83,0,110,11:53,3433,14,100,27,0,0.0,0,279,332,37925.2,249.6
190.5,1649,1129,3001,2.34,21.8,0.17,20.1,83,0,110,11:52,3444,14,100,27,0,0.0,0,279,332,38043.1,249.6
191.0,1647,1128,3001,2.33,21.9,0.18,20.1,83,0,110,11:52,3455,14,100,27,0,0.0,0,279,332,38156.6,246.3
191.5,1646,1127,3001,2.33,21.9,0.16,20.1,83,0,110,11:51,3466,14,100,26,0,0.0,0,279,332,38259.0,246.3
192.1,1645,1126,3001,2.33,21.1,0.13,20.1,83,0,110,11:51,3477,14,100,26,0,0.0,0,279,332,38369.2,276.9
192.6,1644,1125,3001,2.32,21.1,0.10,20.1,83,0,110,11:50,3488,14,100,26,0,0.0,0,279,332,38474.9,276.9
193.2,1643,1124,3001,2.32,20.5,0.08,20.1,83,0,110,11:50,3499,14,100,26,0,0.0,0,279,333,38593.6,296.1
193.7,1642,1123,3001,2.32,20.5,0.09,20.1,83,0,110,11:49,3510,15,100,25,0,0.0,0,279,333,38705.4,296.1
194.3,1641,1122,3001,2.31,21.1,0.10,20.2,83,0,110,11:49,3521,14,100,25,0,0.0,0,279,333,38818.1,272.3
194.8,1640,1121,3001,2.31,20.8,0.08,20.2,83,0,110,11:48,3532,14,100,25,0,0.0,0,279,333,38923.9,284.9
195.4,1639,1120,3001,2.31,20.8,0.06,20.2,83,0,110,11:48,3543,14,100,25,0,0.0,0,279,333,39028.7,284.9
195.9,1638,1119,3001,2.30,20.3,0.03,20.3,83,0,110,11:47,3554,14,100,25,0,0.0,0,279,333,39133.7,301.6
196.4,1637,1116,3001,2.30,20.3,0.01,20.1,83,0,110,11:46,3565,13,100,25,0,0.0,0,279,333,39240.4,301.6
197.0,1636,1117,3001,2.30,19.9,0.00,20.0,83,0,110,11:46,3576,14,100,24,0,0.0,0,279,333,39349.1,314.7
197.5,1635,1116,3001,2.30,19.9,-0.01,19.9,83,0,110,11:45,3586,14,100,24,0,0.0,0,279,333,39449.6,314.7
198.1,1634,1113,3001,2.29,19.7,-0.01,19.9,83,0,110,11:45,3598,14,100,24,0,0.0,0,279,333,39567.7,317.8
198.6,1633,1112,3001,2.29,19.7,0.03,19.9,83,0,110,11:44,3608,14,100,24,0,0.0,0,279,333,39682.9,317.8
199.2,1631,1112,3001,2.29,20.7,0.05,19.9,83,0,110,11:44,3619,14,100,24,0,0.0,0,278,333,39790.5,278.0
199.7,1630,1111,3001,2.28,20.7,0.05,19.9,83,0,110,11:43,3630,14,100,24,0,0.0,0,278,334,39911.2,278.0
200.3,1629,1109,3001,2.28,21.1,0.10,19.9,83,0,110,11:43,3641,14,100,23,0,0.0,0,278,334,40025.2,264.4
200.8,1628,1108,3001,2.28,21.0,0.12,19.9,83,0,110,11:42,3651,14,100,23,0,0.0,0,278,334,40133.4,263.9
201.3,1627,1108,3001,2.27,21.0,0.11,19.9,83,0,110,11:42,3662,14,100,23,0,0.0,0,278,334,40238.6,263.9
201.9,1626,1107,3001,2.27,20.4,0.09,19.9,83,0,110,11:41,3673,14,100,23,0,0.0,0,278,334,40347.0,289.6
202.4,1625,1105,3001,2.27,20.4,0.08,19.9,83,0,110,11:40,3684,14,100,23,0,0.0,0,278,335,40455.8,289.6
203.0,1624,1104,3001,2.26,20.9,0.09,19.9,83,0,110,11:40,3695,15,100,22,0,0.0,0,278,335,40574.4,267.2
203.5,1623,1103,3001,2.26,20.9,0.10,19.9,83,0,110,11:39,3706,15,100,22,0,0.0,0,278,335,40681.5,267.2
204.1,1622,1102,3001,2.26,20.5,0.08,19.9,83,0,110,11:39,3716,15,100,22,0,0.0,0,278,335,40786.6,283.6
204.6,1621,1101,3001,2.25,20.5,0.06,19.9,83,0,110,11:38,3727,15,100,22,0,0.0,0,278,335,40886.2,283.6
205.2,1620,1100,3001,2.25,20.1,0.04,19.8,83,0,110,11:38,3738,14,100,22,0,0.0,0,278,335,40994.5,296.5
205.7,1618,1099,3001,2.25,20.1,0.02,19.7,83,0,110,11:37,3749,14,100,22,0,0.0,0,278,335,41101.5,296.5
206.2,1617,1097,3001,2.25,19.7,0.01,19.7,83,0,110,11:37,3759,14,100,22,0,0.0,0,278,335,41200.9,311.4
206.8,1616,1097,3001,2.24,19.7,0.00,19.5,83,0,110,11:36,3770,14,100,21,0,0.0,0,278,335,41308.7,311.4
207.3,1615,1096,3001,2.24,19.9,0.03,19.4,83,0,110,11:36,3781,14,100,21,0,0.0,0,278,335,41429.2,299.6
207.9,1614,1094,3001,2.24,19.9,0.06,19.4,83,0,110,11:35,3791,15,100,21,0,0.0,0,278,336,41537.7,299.6
208.4,1613,1092,3001,2.23,20.2,0.07,19.4,83,0,110,11:34,3802,15,100,21,0,0.0,0,278,336,41637.9,287.7
209.0,1612,1092,3001,2.23,20.2,0.07,19.4,83,0,110,11:34,3813,14,100,21,0,0.0,0,278,336,41749.3,287.7
209.5,1611,1091,3001,2.23,19.8,0.06,19.3,83,0,110,11:33,3823,14,100,20,0,0.0,0,278,336,41844.4,300.7
210.1,1610,1090,3001,2.22,19.8,0.06,19.3,83,0,110,11:33,3833,14,100,20,0,0.0,0,278,336,41960.6,300.7
210.6,1609,1088,3001,2.22,20.2,0.09,19.3,83,0,110,11:32,3844,14,100,20,0,0.0,0,278,336,42074.2,283.2
211.1,1608,1087,3001,2.22,20.2,0.10,19.2,83,0,110,11:32,3855,14,100,20,0,0.0,0,278,337,42184.2,283.2
211.7,1607,1085,3001,2.22,20.1,0.10,19.1,83,0,110,11:31,3865,14,100,20,0,0.0,0,278,337,42288.5,283.7
212.2,1606,1085,3001,2.21,20.1,0.09,19.0,83,0,110,11:31,3875,14,100,20,0,0.0,0,278,337,42391.3,283.7
212.8,1605,1084,3001,2.21,19.7,0.09,18.9,83,0,110,11:30,3886,14,100,20,0,0.0,0,278,337,42506.7,302.2
213.3,1604,1081,3001,2.21,19.7,0.12,18.7,83,0,110,11:30,3896,14,100,20,0,0.0,0,278,338,42618.7,302.2
213.9,1603,1080,3001,2.20,20.3,0.15,18.7,83,0,110,11:29,3906,14,100,19,0,0.0,0,278,338,42727.4,276.5
214.4,1602,1079,3001,2.20,20.2,0.14,18.7,83,0,110,11:28,3916,15,100,19,0,0.0,0,278,338,42831.0,279.6
215.0,1600,1077,3001,2.20,20.2,0.18,18.6,83,0,110,11:28,3927,14,100,19,0,0.0,0,278,339,42951.6,279.6
215.5,1599,1076,3001,2.20,20.5,0.19,18.6,83,0,110,11:27,3937,14,100,19,0,0.0,0,278,339,43057.8,264.6
216.1,1598,1075,3001,2.19,20.5,0.19,18.5,83,0,110,11:27,3947,14,100,19,0,0.0,0,278,339,43162.0,264.6
216.6,1597,1073,3001,2.19,20.3,0.20,18.3,83,0,110,11:26,3957,14,100,19,0,0.0,0,279,340,43278.5,271.1
217.1,1596,1072,3001,2.19,20.3,0.17,18.1,83,0,110,11:26,3967,14,100,18,0,0.0,0,279,340,43366.1,271.1
217.7,1595,1069,3001,2.19,18.9,0.14,18.1,83,0,110,11:25,3976,14,100,18,0,0.0,0,279,340,43464.6,323.9
218.2,1594,1068,3001,2.18,18.9,0.14,17.9,83,0,110,11:25,3987,14,100,18,0,0.0,0,279,341,43586.0,323.9
218.8,1593,1067,3001,2.18,19.8,0.17,17.9,84,0,110,11:24,3997,14,100,18,0,0.0,0,279,341,43696.8,289.8
219.3,1592,1065,3001,2.18,19.8,0.20,17.9,84,0,110,11:24,4006,14,100,18,0,0.0,0,279,342,43808.4,289.8
219.9,1591,1063,3001,2.17,20.3,0.22,17.9,84,0,110,11:23,4016,14,100,18,0,0.0,0,280,342,43907.2,269.6
220.4,1591,1062,3001,2.17,20.3,0.18,17.9,84,0,110,11:22,4025,14,100,18,0,0.0,0,280,342,44001.4,269.6
221.0,1590,1061,3001,2.17,19.3,0.19,17.9,84,0,110,11:22,4035,14,100,18,0,0.0,0,280,343,44117.6,304.1
221.5,1589,1059,3001,2.17,19.3,0.19,17.9,84,0,110,11:21,4045,14,100,17,0,0.0,0,280,343,44218.2,304.1
222.0,1588,1057,3001,2.16,19.6,0.17,17.9,84,0,110,11:21,4055,14,100,17,0,0.0,0,280,344,44336.9,292.9
222.6,1587,1055,3001,2.16,20.6,0.22,18.0,84,0,110,11:20,4064,14,100,17,0,0.0,0,280,344,44447.1,254.9
223.1,1586,1054,3001,2.16,20.6,0.21,18.0,84,0,110,11:20,4074,14,100,17,0,0.0,0,281,344,44530.7,254.9
223.7,1585,1053,3001,2.16,19.3,0.18,18.0,84,0,110,11:19,4084,14,100,17,0,0.0,0,281,344,44638.4,302.6
224.2,1584,1051,3001,2.15,19.3,0.17,18.0,84,0,110,11:19,4094,14,100,17,0,0.0,0,281,345,44743.1,302.6
224.8,1583,1050,3001,2.15,19.4,0.17,18.0,84,0,110,11:18,4104,14,100,16,0,0.0,0,281,345,44848.3,297.7
225.3,1582,1048,3001,2.15,19.4,0.18,18.1,84,0,110,11:18,4114,14,100,16,0,0.0,0,281,346,44964.1,297.7
225.9,1581,1047,3001,2.15,20.3,0.20,18.1,84,0,110,11:17,4123,14,100,16,0,0.0,0,281,346,45071.3,260.6
226.4,1579,1046,3001,2.14,20.3,0.20,18.2,84,0,110,11:16,4133,14,100,16,0,0.0,0,281,346,45173.1,260.6
227.0,1578,1044,3001,2.14,19.8,0.19,18.2,84,0,110,11:16,4143,14,100,16,0,0.0,0,281,347,45286.3,277.9
227.5,1577,1043,3001,2.14,19.8,0.21,18.2,84,0,110,11:15,4153,14,100,16,0,0.0,0,281,347,45397.5,277.9
228.1,1576,1042,3001,2.14,20.4,0.20,18.2,84,0,110,11:15,4163,14,100,16,0,0.0,0,281,348,45500.6,252.8
228.6,1575,1040,3001,2.13,20.4,0.15,18.2,84,0,110,11:14,4173,14,100,16,0,0.0,0,282,347,45582.6,252.8
229.1,1574,1039,3001,2.13,18.6,0.10,18.2,84,0,110,11:14,4183,14,100,16,0,0.0,0,282,347,45683.8,321.1
229.6,1573,1038,3001,2.13,18.6,0.11,18.2,84,0,110,11:13,4192,14,100,16,0,0.0,0,282,347,45778.2,321.1
230.1,1572,1037,3001,2.13,19.3,0.11,18.3,84,0,110,11:13,4201,14,100,16,0,0.0,0,282,348,45875.1,291.3
230.6,1571,1036,3001,2.12,19.3,0.10,18.3,84,0,110,11:12,4210,14,100,15,0,0.0,0,282,348,45962.7,291.3
231.1,1570,1034,3001,2.12,19.1,0.09,18.4,84,0,110,11:12,4220,14,100,15,0,0.0,0,282,348,46062.7,297.1
231.6,1569,1033,3001,2.12,19.1,0.12,18.4,84,0,110,11:11,4229,14,100,15,0,0.0,0,282,348,46168.1,297.1
232.1,1568,1032,3001,2.12,19.9,0.13,18.5,84,0,110,11:11,4238,14,100,15,0,0.0,0,282,349,46263.6,266.4
232.6,1567,1031,3001,2.11,19.9,0.13,18.5,84,0,110,11:10,4247,14,100,15,0,0.0,0,282,349,46355.8,266.4
233.1,1566,1030,3001,2.11,19.5,0.12,18.5,84,0,110,11:10,4256,14,100,15,0,0.0,0,282,349,46447.1,279.9
233.7,1565,1029,3001,2.11,19.5,0.09,18.5,84,0,110,11:09,4267,14,100,15,0,0.0,0,282,349,46552.6,279.9
234.2,1564,1028,3001,2.11,19.1,0.09,18.5,84,0,110,11:09,4276,14,100,15,0,0.0,0,282,349,46656.2,295.3
234.7,1563,1027,3001,2.10,19.1,0.12,18.5,84,0,110,11:08,4286,14,100,15,0,0.0,0,282,350,46755.7,295.3
235.2,1562,1026,3001,2.10,19.9,0.11,18.5,84,0,110,11:08,4295,14,100,15,0,0.0,0,282,350,46848.8,264.0
235.7,1561,1025,3001,2.10,19.9,0.11,18.5,84,0,110,11:07,4304,14,100,15,0,0.0,0,282,350,46940.1,264.0
236.2,1560,1024,3001,2.10,19.3,0.09,18.4,84,0,110,11:07,4313,14,100,15,0,0.0,0,282,350,47030.6,284.8
236.7,1559,1023,3001,2.09,19.3,0.07,18.4,84,0,110,11:06,4323,14,100,14,0,0.0,0,282,350,47120.9,284.8
237.2,1558,1022,3001,2.09,18.8,0.06,18.3,84,0,110,11:06,4332,14,100,14,0,0.0,0,282,350,47216.3,300.8
237.7,1557,1021,3001,2.09,18.8,0.09,18.3,84,0,110,11:05,4341,14,100,14,0,0.0,0,282,350,47320.3,300.8
238.2,1556,1020,3001,2.09,19.6,0.11,18.4,84,0,110,11:05,4350,14,100,14,0,0.0,0,282,350,47414.3,271.5
238.7,1555,1018,3001,2.08,19.6,0.10,18.4,84,0,110,11:04,4359,14,100,14,0,0.0,0,282,351,47505.3,271.5
239.3,1554,1017,3001,2.08,19.2,0.08,18.5,84,0,110,11:04,4369,14,100,14,0,0.8,0,282,350,47595.3,283.1
239.8,1553,1017,3001,2.08,18.9,0.06,18.6,84,0,110,11:03,4379,14,100,14,0,0.0,0,282,350,47696.2,294.1
240.3,1552,1016,3001,2.08,18.9,0.04,18.6,84,0,110,11:03,4389,14,100,14,0,0.0,0,281,351,47799.3,294.1
240.9,1551,1014,3001,2.07,19.7,0.07,18.6,84,0,110,11:02,4399,14,100,13,0,0.0,0,281,351,47914.1,262.9
241.4,1550,1013,3001,2.07,19.7,0.09,18.6,84,0,110,11:01,4409,14,100,13,0,0.0,0,281,352,48022.1,262.9
242.0,1549,1013,3001,2.07,20.2,0.13,18.6,84,0,110,11:01,4419,14,100,13,0,0.0,0,281,352,48135.0,242.9
242.5,1548,1012,3001,2.06,20.2,0.14,18.6,84,0,110,11:00,4429,14,100,13,0,0.0,0,281,352,48236.5,242.9
243.1,1547,1011,3001,2.06,19.7,0.13,18.7,84,0,110,11:00,4440,15,100,13,0,0.0,0,281,352,48334.3,261.4
243.6,1545,1009,3001,2.06,19.7,0.10,18.8,84,0,110,10:59,4448,15,100,13,0,0.0,0,281,352,48410.9,261.4
244.2,1544,1009,3001,2.06,19.1,0.06,18.9,84,0,110,10:59,4462,14,100,13,0,0.0,0,281,352,48543.9,280.1
244.7,1543,1008,3001,2.05,19.1,0.03,18.9,84,0,110,10:58,4471,14,100,13,0,0.0,0,281,352,48632.6,280.1
245.3,1542,1007,3001,2.05,18.7,0.00,18.9,84,0,110,10:58,4481,14,100,13,0,0.0,0,281,351,48721.3,295.2
245.8,1541,1006,3001,2.05,19.2,0.00,18.9,84,0,110,10:57,4490,14,100,13,0,0.0,0,280,352,48826.7,275.3
246.3,1539,1005,3001,2.04,19.2,0.03,18.8,84,0,110,10:57,4500,14,100,13,0,0.0,0,280,352,48927.0,275.3
246.9,1538,1005,3001,2.04,19.2,0.05,18.7,84,0,110,10:56,4509,14,100,13,0,0.0,0,280,352,49019.3,272.9
247.4,1361,873,3009,1.67,19.2,-0.68,18.2,82,0,110,10:55,6007,16,100,0,0,0.0,0,258,341,63406.6,272.9
248.0,1359,900,3007,1.67,11.9,-0.60,17.7,85,0,110,10:55,6015,17,100,0,0,0.0,0,258,348,63684.6,438.1
248.5,1358,902,2999,1.67,11.9,-0.28,17.4,85,0,110,10:54,6025,18,100,0,0,0.0,0,258,350,63816.1,438.1
249.1,1357,879,2993,1.67,17.7,-0.05,17.3,83,0,110,10:54,6034,13,100,0,0,0.0,0,257,350,63933.5,210.1
249.6,1356,860,3001,1.66,17.7,0.13,15.1,81,0,110,10:53,6043,5,100,0,0,0.0,0,258,351,64047.6,210.1
250.2,1355,877,3007,1.66,16.1,0.20,13.2,83,0,110,10:53,6051,10,100,0,0,0.0,0,258,352,64132.8,254.1
250.7,1355,891,3003,1.66,16.1,0.28,12.0,85,0,110,10:52,6058,14,100,0,0,0.0,0,258,353,64233.9,254.1
251.3,1354,881,2997,1.66,14.7,0.34,11.0,84,0,110,10:52,6064,11,100,0,0,0.0,0,259,354,64318.2,332.3
251.8,1353,861,2997,1.66,14.7,0.39,9.6,83,0,110,10:51,6070,7,100,0,0,0.0,0,260,355,64415.6,332.3
252.3,1353,861,3004,1.66,13.9,0.51,7.4,83,0,110,10:51,6074,9,100,0,0,0.0,0,261,357,64513.4,331.7
252.9,1353,873,3004,1.66,13.9,0.61,6.1,85,0,110,10:50,6078,13,100,0,0,0.0,0,263,359,64597.8,331.7
253.4,1353,871,3000,1.66,13.4,0.71,5.4,85,0,110,10:49,6081,16,100,0,0,0.0,0,264,361,64686.9,375.0
254.0,1353,856,2998,1.66,13.9,0.81,5.1,84,0,110,10:49,6084,17,100,0,0,0.0,0,266,363,64771.3,341.9
254.5,1353,841,3002,1.66,13.9,0.91,4.5,83,0,110,10:48,6087,10,100,0,0,0.0,0,267,366,64870.4,341.9
255.1,1353,851,3006,1.66,14.0,0.98,3.1,84,0,110,10:48,6088,10,100,0,0,0.0,0,269,368,64951.1,337.0
255.6,1354,859,3002,1.66,14.0,0.98,2.0,86,0,110,10:47,6090,13,100,0,0,0.0,0,271,371,65045.1,337.0
256.2,1354,844,2997,1.66,13.0,1.14,1.5,85,0,110,10:47,6091,14,100,0,0,0.0,0,273,373,65129.3,381.3
256.7,1354,832,2999,1.66,13.0,1.06,1.4,84,0,110,10:46,6092,22,100,0,0,3.5,0,274,376,65200.1,381.3
257.3,1354,839,3001,1.66,14.4,1.13,3.7,86,0,110,10:46,6093,37,100,0,0,7.3,818,275,376,65236.6,321.5
257.8,1354,829,3000,1.66,14.4,1.04,8.0,85,0,110,10:45,6096,34,100,0,0,6.6,906,276,377,65295.6,321.5
258.3,1354,826,3005,1.66,17.7,0.97,10.5,85,0,110,10:45,6101,25,100,0,0,5.2,0,277,379,65391.9,196.2
258.9,1353,828,3008,1.66,17.7,0.96,10.1,85,0,110,10:44,6107,7,100,0,0,0.0,0,278,381,65498.4,196.2
259.4,1353,844,3003,1.66,18.1,0.88,9.1,87,0,110,10:43,6112,11,100,0,0,0.0,0,279,382,65583.2,201.5
259.9,1352,832,2996,1.66,18.1,0.87,8.6,86,0,110,10:43,6116,15,100,0,0,0.0,0,279,383,65655.3,201.5
260.4,1352,819,2994,1.66,15.8,0.76,10.1,85,0,110,10:42,6120,27,100,0,0,5.3,0,279,383,65696.7,275.7
260.9,1351,802,3002,1.66,15.8,0.66,11.9,83,0,110,10:42,6126,22,100,0,0,4.0,0,280,384,65775.1,275.7
261.4,1351,820,3009,1.66,17.7,0.59,12.9,85,0,110,10:41,6132,19,100,0,0,2.9,0,280,384,65854.2,189.5
261.9,1350,838,3004,1.65,17.7,0.55,13.5,87,0,110,10:41,6139,17,100,0,0,2.0,0,280,385,65944.8,189.5
262.4,1349,828,2997,1.65,18.6,0.47,13.8,86,0,110,10:40,6146,16,100,0,0,1.3,0,280,385,66007.9,190.5
262.9,1348,808,2997,1.65,18.6,0.35,14.0,84,0,110,10:40,6153,16,100,0,0,0.7,0,281,385,66067.9,190.5
263.4,1348,806,3003,1.65,15.9,0.27,14.0,84,0,110,10:39,6160,15,100,0,0,0.0,0,281,385,66149.0,251.1
263.9,1347,820,3005,1.65,15.9,0.23,14.1,86,0,110,10:39,6167,16,100,0,0,1.7,0,281,385,66227.6,251.1
264.4,1346,826,3001,1.65,16.2,0.20,14.3,87,0,110,10:38,6174,16,100,0,0,1.1,0,281,386,66302.4,261.8
264.9,1345,816,2998,1.64,16.2,0.17,14.5,86,0,110,10:38,6182,16,100,0,0,1.1,0,281,386,66377.6,261.8
265.4,1344,807,2999,1.64,15.8,0.13,14.7,85,0,110,10:37,6189,16,100,0,0,1.5,0,281,386,66444.0,264.0
265.9,1343,808,3003,1.64,15.8,0.10,15.0,85,0,110,10:37,6196,16,100,0,0,1.1,0,281,385,66517.3,264.0
266.4,1342,817,3003,1.64,15.4,0.06,15.1,86,0,110,10:36,6203,16,100,0,0,0.7,0,281,385,66585.1,274.8
266.9,1341,818,3001,1.64,15.4,0.04,15.2,86,0,110,10:36,6211,15,100,0,0,0.0,0,280,386,66670.6,274.8
267.4,1340,811,2999,1.64,16.7,0.11,15.3,86,0,110,10:35,6219,16,100,0,0,0.7,0,280,387,66781.5,237.3
267.9,1339,806,3000,1.63,16.7,0.15,15.4,85,0,110,10:35,6227,15,100,0,0,0.0,0,280,387,66864.8,237.3
268.5,1338,809,3003,1.63,17.3,0.16,15.4,85,0,110,10:34,6236,15,100,0,0,0.0,0,280,387,66950.9,206.0
269.0,1337,813,3002,1.63,17.3,0.14,15.5,86,0,110,10:34,6243,15,100,0,0,0.0,0,280,387,67023.3,206.0
269.5,1336,812,3000,1.63,16.3,0.11,15.5,86,0,110,10:33,6251,15,100,0,0,0.0,0,280,387,67094.8,249.8
270.0,1335,807,3000,1.63,16.3,0.07,15.5,85,0,110,10:33,6259,15,100,0,0,0.0,0,280,387,67165.7,249.8
270.5,1334,805,3001,1.63,15.2,0.00,15.5,85,0,110,10:32,6267,15,100,0,0,0.0,0,280,386,67218.1,278.6
271.0,1334,807,3002,1.62,15.2,-0.06,15.4,85,0,110,10:32,6274,15,100,0,0,0.0,0,279,386,67288.7,278.6
271.5,1332,809,3001,1.62,14.7,-0.05,15.4,86,0,110,10:31,6282,15,100,0,0,0.0,0,279,386,67378.7,298.1
272.0,1331,807,3000,1.62,14.7,-0.03,15.4,86,0,110,10:31,6290,15,100,0,0,0.0,0,279,386,67455.6,298.1
272.5,1331,804,3000,1.62,15.3,-0.02,15.3,85,0,110,10:30,6297,15,100,0,0,0.0,0,279,386,67527.8,275.7
273.0,1119,668,3004,1.27,15.3,-0.94,14.9,84,0,110,10:30,8004,17,100,0,0,0.0,0,253,371,83839.6,275.7
273.5,1118,680,3005,1.27,1.6,-0.83,14.4,86,0,110,10:29,8011,18,100,0,0,0.0,0,253,381,84173.8,617.2
274.0,1117,683,3003,1.27,1.6,-0.35,12.3,86,0,110,10:29,8018,-14,100,0,0,0.0,0,253,384,84345.0,617.2
274.6,1117,676,2999,1.27,13.9,0.07,7.6,86,0,110,10:28,8024,-3,100,0,0,0.0,0,253,386,84472.3,198.3
275.1,1117,667,3000,1.27,13.9,0.37,4.7,85,0,110,10:28,8027,5,100,0,0,0.0,0,254,388,84553.9,198.3
275.7,1117,666,3002,1.27,11.0,0.57,2.3,85,0,110,10:27,8029,8,100,0,0,0.0,0,255,390,84635.5,287.7
276.2,1117,668,3002,1.27,11.0,0.72,0.6,86,0,110,10:27,8030,11,100,0,0,0.0,0,257,392,84702.6,287.7
276.8,1118,667,3001,1.27,9.5,0.83,-0.5,86,0,110,10:26,8030,15,100,0,0,0.0,0,258,394,84772.8,344.7
277.3,1118,663,3000,1.27,9.5,0.91,-1.0,86,0,110,10:26,8029,20,100,0,0,1.0,0,259,396,84830.5,344.7
277.8,1118,657,3000,1.27,9.5,0.92,-0.6,86,0,110,10:25,8029,23,100,0,0,2.6,0,261,398,84881.2,339.6
278.4,1119,653,3002,1.27,9.5,0.98,-0.1,85,0,110,10:24,8029,22,100,0,0,2.3,0,262,400,84946.1,339.6
278.9,1119,655,3004,1.27,11.5,1.01,0.3,86,0,110,10:24,8029,21,100,0,0,1.8,0,263,402,85001.8,269.3
279.5,1119,657,3002,1.28,12.0,1.00,0.6,87,0,110,10:23,8029,20,100,0,0,1.6,0,265,404,85066.5,258.5
280.0,1120,652,3000,1.28,12.0,0.99,0.9,87,0,110,10:23,8029,20,100,0,0,1.4,0,266,406,85132.2,258.5
280.6,1120,645,3001,1.28,12.2,1.00,1.1,86,0,110,10:22,8030,19,100,0,0,1.4,0,267,408,85192.3,245.1
281.1,1120,644,3002,1.28,12.2,1.01,1.3,86,0,110,10:22,8031,19,100,0,0,1.4,0,268,410,85257.6,245.1
281.7,1121,646,3003,1.28,11.9,0.96,1.5,87,0,110,10:21,8031,19,100,0,0,1.2,0,269,411,85318.4,254.8
282.2,1121,645,3001,1.28,11.9,0.97,1.7,87,0,110,10:21,8032,18,100,0,0,1.0,0,270,413,85383.7,254.8
282.8,1121,640,3000,1.28,11.7,0.97,1.8,87,0,110,10:20,8033,17,100,0,0,1.0,0,271,415,85439.1,264.4
283.3,1121,636,3001,1.28,11.7,0.94,1.9,86,0,110,10:20,8034,17,100,0,0,0.7,0,272,416,85502.6,264.4
283.8,1121,636,3002,1.28,12.2,0.91,1.9,87,0,110,10:19,8035,17,100,0,0,0.7,0,273,418,85561.1,242.8
284.4,1122,636,3002,1.28,12.2,0.85,2.0,87,0,110,10:18,8036,17,100,0,0,0.7,0,274,420,85624.8,242.8
284.9,1122,634,3001,1.28,11.3,0.86,2.1,87,0,110,10:18,8037,17,100,0,0,1.0,0,275,421,85680.7,273.7
285.5,1122,630,3001,1.28,11.3,0.85,2.2,87,0,110,10:17,8038,16,100,0,0,1.0,0,276,423,85748.1,273.7
286.0,1122,628,3002,1.28,12.3,0.79,2.4,87,0,110,10:17,8040,17,100,0,0,1.5,0,277,424,85809.9,239.7
286.6,1122,628,3002,1.28,12.6,0.83,2.6,87,0,110,10:16,8041,16,100,0,0,1.2,0,278,426,85877.2,232.1
287.1,1122,630,3001,1.28,12.6,0.83,2.8,88,0,110,10:16,8043,20,100,0,0,2.8,0,279,427,85923.9,232.1
287.7,1122,628,2999,1.28,11.2,0.74,4.7,87,0,110,10:15,8044,26,100,0,0,4.5,0,279,427,85948.0,275.4
288.2,1122,617,3001,1.28,11.2,0.65,6.5,86,0,110,10:15,8048,23,100,0,0,3.9,0,280,428,86011.8,275.4
288.7,1122,620,3004,1.28,14.4,0.59,7.7,87,0,110,10:14,8051,20,100,0,0,2.9,0,280,429,86082.7,169.6
289.3,1121,629,3003,1.28,14.4,0.55,8.4,88,0,110,10:14,8056,17,100,0,0,2.0,0,280,429,86136.7,169.6
289.8,1120,627,3000,1.28,12.9,0.46,8.8,88,0,110,10:13,8060,16,100,0,0,1.5,0,281,429,86188.4,225.3
290.4,1120,618,2999,1.28,12.9,0.39,9.0,87,0,110,10:12,8065,16,100,0,0,0.9,0,281,430,86245.3,225.3
290.9,1119,615,3001,1.28,12.2,0.31,9.3,86,0,110,10:12,8070,16,100,0,0,1.5,0,281,430,86294.8,235.5
291.5,1119,620,3003,1.27,12.2,0.27,9.6,87,0,110,10:11,8076,16,100,0,0,1.2,0,281,430,86371.2,235.5
292.0,1118,624,3001,1.27,12.8,0.26,9.9,88,0,110,10:11,8081,17,100,0,0,1.8,0,281,431,86435.0,224.1
292.6,1118,619,3000,1.27,12.8,0.23,10.2,87,0,110,10:10,8086,16,100,0,0,1.3,0,281,431,86493.2,224.1
293.1,1117,614,3001,1.27,12.4,0.19,10.4,87,0,110,10:10,8092,16,100,0,0,1.2,0,281,431,86550.8,232.5
293.7,1116,616,3002,1.27,11.6,0.15,10.5,87,0,110,10:09,8098,16,100,0,0,0.7,0,281,431,86603.2,254.5
294.2,1116,619,3002,1.27,11.6,0.11,10.5,88,0,110,10:09,8103,15,100,0,0,0.0,0,281,431,86658.4,254.5
294.8,1115,618,3000,1.27,11.1,0.08,10.5,87,0,110,10:08,8109,15,100,0,0,0.0,0,281,431,86716.1,273.6
295.3,1114,614,3000,1.27,11.1,0.09,10.5,87,0,110,10:08,8115,15,100,0,0,0.0,0,281,432,86791.0,273.6
295.8,1114,613,3001,1.27,12.0,0.10,10.5,87,0,110,10:07,8121,15,100,0,0,0.0,0,281,432,86854.7,239.9
296.4,1113,615,3002,1.27,12.0,0.10,10.5,87,0,110,10:06,8126,15,100,0,0,0.0,0,281,432,86909.1,239.9
296.9,1112,616,3001,1.26,11.4,0.08,10.4,87,0,110,10:06,8132,15,100,0,0,0.0,0,281,432,86966.5,262.4
297.5,1112,614,3000,1.26,11.4,0.06,10.5,87,0,110,10:05,8138,15,100,0,0,0.0,0,281,432,87021.0,262.4
298.0,1111,612,3001,1.26,10.9,0.04,10.5,87,0,110,10:05,8144,15,100,0,0,0.0,0,281,432,87077.2,275.0
298.6,1110,613,3002,1.26,10.6,0.03,10.5,87,0,110,10:04,8149,15,100,0,0,0.0,0,281,432,87130.8,285.2
299.1,1109,614,3001,1.26,10.6,0.01,10.5,87,0,110,10:04,8155,15,100,0,0,0.0,0,281,432,87182.6,285.2
299.7,1109,613,3001,1.26,10.4,0.00,10.5,87,0,110,10:03,8161,15,100,0,0,0.0,0,281,431,87238.4,289.9
300.2,1108,611,3001,1.26,10.4,-0.01,10.6,87,0,110,10:03,8166,15,100,0,0,0.0,0,281,431,87291.9,289.9
300.7,1107,610,3001,1.26,10.3,-0.01,10.6,87,0,110,10:02,8172,15,100,0,0,0.0,0,281,432,87352.1,289.7
301.3,1107,611,3001,1.26,10.3,0.02,10.7,87,0,110,10:02,8178,15,100,0,0,0.0,0,281,432,87423.6,289.7
301.8,1106,611,3001,1.26,11.6,0.05,10.7,87,0,110,10:01,8184,15,100,0,0,0.0,0,280,432,87495.8,251.5
302.4,1105,609,3001,1.25,11.6,0.12,10.7,87,0,110,10:00,8188,15,100,0,0,0.0,0,280,433,87568.7,251.5
302.9,1105,608,3001,1.25,12.9,0.15,10.6,87,0,110,10:00,8194,15,100,0,0,0.0,0,280,433,87628.0,208.9
303.5,1104,609,3001,1.25,12.9,0.15,10.6,87,0,110,09:59,8202,15,100,0,0,0.0,0,280,433,87705.1,208.9
304.0,1103,609,3001,1.25,11.9,0.12,10.6,87,0,110,09:59,8207,15,100,0,0,0.0,0,280,433,87755.4,241.4
304.6,1102,608,3001,1.25,11.9,0.09,10.6,87,0,110,09:58,8212,15,100,0,0,0.0,0,280,433,87804.6,241.4
305.1,1102,607,3001,1.25,11.1,0.06,10.7,87,0,110,09:58,8218,15,100,0,0,0.0,0,280,433,87853.5,263.1
305.6,1101,607,3001,1.25,11.1,0.03,10.7,87,0,110,09:57,8223,15,100,0,0,0.0,0,280,433,87902.6,263.1
306.7,892,494,3000,0.96,10.7,-1.16,9.8,88,0,110,09:56,10006,17,100,0,0,0.0,0,251,421,105008.8,277.0
307.3,892,482,3000,0.96,-3.6,-0.74,9.1,85,0,110,09:56,10010,8,100,0,0,0.0,0,251,430,105321.8,607.2
307.8,892,487,3006,0.96,12.4,-0.09,6.1,86,0,110,09:55,10014,2,100,0,0,0.0,0,252,433,105465.0,102.6
308.4,892,500,3004,0.96,12.4,0.28,3.1,89,0,110,09:54,10017,5,100,0,0,0.0,0,252,434,105528.1,102.6
308.9,891,500,2997,0.96,7.8,0.47,1.1,89,0,110,09:54,10018,11,100,0,0,0.0,0,253,435,105585.9,259.7
309.5,891,484,2995,0.96,7.8,0.62,-0.1,87,0,110,09:53,10018,15,100,0,0,0.0,0,253,437,105635.3,259.7
310.0,892,474,3000,0.96,6.4,0.68,-0.9,85,0,110,09:53,10018,17,100,0,0,0.0,0,254,438,105671.1,277.7
310.6,892,482,3005,0.96,6.4,0.70,-1.4,87,0,110,09:52,10017,19,100,0,0,0.0,0,255,439,105704.4,277.7
311.1,893,492,3004,0.96,6.6,0.70,-1.7,89,0,110,09:52,10017,20,100,0,0,0.0,0,256,440,105748.2,289.1
311.6,893,490,2999,0.96,6.6,0.73,-1.9,89,0,110,09:51,10016,20,100,0,0,0.0,0,257,442,105782.8,289.1
312.2,893,479,2998,0.96,6.5,0.72,-2.0,87,0,110,09:51,10015,20,100,0,0,0.0,0,257,443,105827.5,285.3
312.7,894,476,3001,0.96,6.5,0.72,-1.8,87,0,110,09:50,10014,22,100,0,0,1.3,0,258,445,105864.6,285.3
313.3,894,477,3003,0.96,7.4,0.74,-1.6,87,0,110,09:50,10013,21,100,0,0,1.3,0,259,446,105910.0,252.5
313.8,895,482,3003,0.96,7.4,0.71,-1.4,88,0,110,09:49,10012,20,100,0,0,0.9,0,260,448,105945.7,252.5
314.4,895,482,3001,0.96,8.1,0.76,-1.3,88,0,110,09:48,10011,20,100,0,0,0.9,0,261,449,105982.4,239.5
314.9,895,476,3000,0.96,8.1,0.77,-1.1,88,0,110,09:48,10010,20,100,0,0,1.1,0,261,450,106026.8,239.5
315.5,896,472,3001,0.96,7.6,0.76,-1.0,87,0,110,09:47,10010,20,100,0,0,1.1,0,262,452,106061.1,250.0
316.0,896,473,3003,0.97,7.4,0.72,-0.8,87,0,110,09:47,10009,20,100,0,0,1.1,0,263,453,106097.2,255.1
316.6,896,476,3002,0.97,7.4,0.71,-0.7,88,0,110,09:46,10009,20,100,0,0,0.9,0,264,454,106136.4,255.1
317.1,896,475,3001,0.97,7.5,0.70,-0.5,88,0,110,09:46,10009,19,100,0,0,0.9,0,264,455,106183.9,254.4
317.6,897,471,3000,0.97,7.5,0.67,-0.5,88,0,110,09:45,10008,19,100,0,0,0.6,0,265,457,106226.9,254.4
318.2,897,469,3001,0.97,7.8,0.66,-0.4,87,0,110,09:45,10008,19,100,0,0,0.0,0,266,458,106259.6,239.3
318.7,897,470,3002,0.97,7.8,0.63,-0.4,88,0,110,09:44,10008,19,100,0,0,0.6,0,266,459,106294.5,239.3
319.3,897,471,3002,0.97,7.6,0.63,-0.4,88,0,110,09:44,10008,19,100,0,0,0.6,0,267,460,106339.7,250.5
319.8,898,469,3001,0.97,7.6,0.62,-0.3,88,0,110,09:43,10007,19,100,0,0,0.9,0,268,461,106370.7,250.5
320.4,898,466,3001,0.97,7.7,0.62,-0.2,88,0,110,09:42,10007,19,100,0,0,0.9,0,268,462,106403.2,244.7
320.9,898,465,3002,0.97,7.7,0.59,-0.1,88,0,110,09:42,10007,18,100,0,0,0.9,0,269,463,106452.6,244.7
321.5,898,466,3002,0.97,7.7,0.58,0.0,88,0,110,09:41,10007,18,100,0,0,0.6,0,270,464,106482.1,241.6
322.0,898,466,3001,0.97,7.5,0.59,0.0,88,0,110,09:41,10007,17,100,0,0,0.0,0,270,466,106535.2,249.4
322.6,899,464,3001,0.97,7.5,0.58,0.0,88,0,110,09:40,10007,17,100,0,0,0.0,0,271,467,106568.8,249.4
323.1,899,462,3001,0.97,7.3,0.58,0.0,88,0,110,09:40,10007,17,100,0,0,0.0,0,272,468,106606.7,254.8
323.7,899,462,3001,0.97,7.3,0.57,0.0,88,0,110,09:39,10007,17,100,0,0,0.0,0,272,469,106648.9,254.8
324.2,899,462,3001,0.97,6.6,0.56,0.0,88,0,110,09:39,10007,17,100,0,0,0.6,0,273,470,106676.1,273.6
324.7,900,461,3001,0.97,6.6,0.55,0.1,88,0,110,09:38,10007,17,100,0,0,0.9,0,273,471,106728.4,273.6
325.3,900,460,3001,0.97,7.1,0.54,0.2,88,0,110,09:38,10007,17,100,0,0,0.9,0,274,472,106752.3,258.7
325.8,900,458,3001,0.97,7.1,0.53,0.4,88,0,110,09:37,10008,17,100,0,0,0.9,0,275,473,106788.1,258.7
326.4,900,458,3002,0.97,7.0,0.52,0.4,88,0,110,09:36,10008,17,100,0,0,0.9,0,275,474,106829.1,260.1
326.9,900,458,3001,0.97,7.1,0.51,0.5,88,0,110,09:36,10008,16,100,0,0,0.6,0,276,474,106860.0,257.8
327.5,900,457,3001,0.97,7.1,0.50,0.5,88,0,110,09:35,10008,16,100,0,0,0.0,0,276,475,106904.1,257.8
328.0,901,456,3001,0.97,6.8,0.48,0.5,88,0,110,09:35,10009,16,100,0,0,0.0,0,277,476,106936.3,265.3
328.6,901,455,3001,0.97,6.8,0.48,0.5,88,0,110,09:34,10009,16,100,0,0,0.6,0,277,478,106984.0,265.3
329.1,901,455,3001,0.97,6.6,0.50,0.5,88,0,110,09:34,10009,16,100,0,0,0.6,0,278,478,107003.7,269.6
329.6,901,454,3001,0.97,6.6,0.51,0.5,88,0,110,09:33,10009,16,100,0,0,0.6,0,278,479,107054.0,269.6
330.2,901,453,3001,0.97,7.5,0.50,0.6,88,0,110,09:33,10010,16,100,0,0,0.6,0,279,480,107082.1,245.6
330.7,901,452,3001,0.97,7.5,0.50,0.6,88,0,110,09:32,10010,16,100,0,0,0.0,0,279,481,107132.3,245.6
331.3,901,453,3001,0.97,6.7,0.49,0.5,89,0,110,09:32,10010,18,100,0,0,1.2,0,280,482,107151.0,264.3
331.8,901,456,2998,0.97,6.7,0.37,2.3,89,0,110,09:31,10011,30,100,0,0,4.8,0,279,481,107127.8,264.3
332.4,901,443,2998,0.97,6.2,0.26,5.2,87,0,110,09:30,10013,29,100,0,0,4.6,0,279,481,107142.4,273.9
332.9,901,441,3004,0.97,6.2,0.18,7.3,86,0,110,09:30,10017,24,100,0,0,3.4,0,279,481,107177.4,273.9
333.5,900,454,3006,0.97,8.8,0.12,8.5,89,0,110,09:29,10021,20,100,0,0,2.5,0,279,481,107219.9,200.7
334.0,900,458,3003,0.97,8.8,0.11,8.5,89,0,110,09:29,10026,11,100,0,0,0.0,0,279,481,107283.8,200.7
334.6,899,455,2999,0.97,9.6,0.10,7.6,89,0,110,09:28,10030,10,100,0,0,0.0,0,279,481,107327.1,190.6
335.1,899,450,2999,0.97,9.6,0.08,6.8,88,0,110,09:28,10034,12,100,0,0,0.0,0,279,481,107361.4,190.6
335.6,898,447,3000,0.97,7.3,0.05,6.2,87,0,110,09:27,10037,13,100,0,0,0.0,0,279,481,107391.8,246.5
336.2,898,450,3002,0.97,6.2,0.03,6.0,88,0,110,09:27,10040,15,100,0,0,0.0,0,279,481,107416.2,277.9
336.7,898,453,3002,0.97,6.2,0.03,5.8,89,0,110,09:26,10044,16,100,0,0,0.0,0,279,481,107473.2,277.9
337.3,897,451,3000,0.97,7.2,0.06,5.8,89,0,110,09:26,10047,16,100,0,0,0.6,0,279,482,107518.3,251.9
337.8,897,448,3000,0.97,7.2,0.08,5.8,88,0,110,09:25,10050,16,100,0,0,0.6,0,279,482,107552.2,251.9
338.4,897,447,3001,0.97,7.0,0.09,5.8,88,0,110,09:24,10053,16,100,0,0,0.6,0,279,482,107582.4,252.4
338.9,896,449,3002,0.97,7.0,0.08,5.9,88,0,110,09:24,10056,16,100,0,0,0.6,0,279,482,107612.0,252.4
339.5,896,450,3001,0.97,6.6,0.06,5.9,89,0,110,09:23,10059,16,100,0,0,0.0,0,279,482,107642.1,266.2
340.0,896,449,3000,0.96,6.6,0.05,5.8,88,0,110,09:23,10063,15,100,0,0,0.0,0,279,482,107687.6,266.2
340.5,895,447,3001,0.96,6.3,0.05,5.7,88,0,110,09:22,10066,15,100,0,0,0.0,0,279,482,107717.4,272.4
341.1,895,447,3001,0.96,6.3,0.05,5.6,88,0,110,09:22,10069,15,100,0,0,0.0,0,279,482,107754.5,272.4
341.6,895,448,3001,0.96,6.8,0.08,5.5,88,0,110,09:21,10072,16,100,0,0,0.0,0,279,483,107803.5,259.2
342.2,894,448,3001,0.96,6.8,0.11,5.5,88,0,110,09:21,10074,16,100,0,0,0.0,0,279,483,107839.2,259.2
342.7,894,447,3001,0.96,7.2,0.12,5.5,88,0,110,09:20,10079,16,100,0,0,0.0,0,279,483,107885.1,248.2
343.3,894,446,3001,0.96,6.7,0.11,5.4,88,0,110,09:20,10081,16,100,0,0,0.0,0,279,483,107915.0,260.2
343.8,893,446,3001,0.96,6.7,0.10,5.4,88,0,110,09:19,10084,16,100,0,0,0.0,0,279,484,107944.6,260.2
344.4,893,447,3001,0.96,6.3,0.08,5.4,88,0,110,09:18,10087,16,100,0,0,0.0,0,279,484,107974.2,271.7
344.9,893,446,3001,0.96,6.3,0.11,5.3,88,0,110,09:18,10089,16,100,0,0,0.0,0,279,484,108028.7,271.7
345.5,602,309,2997,0.63,-98.0,-2.67,4.3,91,0,110,09:17,12801,18,100,0,0,0.0,0,234,444,133173.1,3430.8
346.0,614,247,3022,0.64,-98.0,1.10,4.1,81,0,110,09:17,12803,20,100,0,0,1.1,0,266,534,136597.7,3430.8
346.3,614,273,3024,0.64,157.2,6.02,3.9,89,0,110,09:17,12804,21,100,0,0,1.3,0,265,540,136880.3,-3643.0
347.1,614,300,3013,0.64,157.2,5.91,3.4,98,0,110,09:16,12806,16,100,0,0,0.0,0,265,545,137104.6,-3643.0
347.7,613,294,2988,0.64,97.8,6.36,1.4,96,0,110,09:15,12807,14,100,0,0,0.0,0,266,547,137193.8,-2097.0
348.2,613,253,2982,0.64,97.8,5.66,0.1,83,0,110,09:15,12808,17,100,0,0,0.0,0,265,548,137214.9,-2097.0
348.8,613,230,3002,0.64,50.0,4.67,-0.2,75,0,110,09:14,12808,18,100,0,0,0.0,0,265,548,137217.8,-979.7
349.3,614,260,3018,0.64,50.0,3.74,-0.1,85,0,110,09:14,12808,20,100,0,0,0.7,0,265,548,137212.0,-979.7
349.8,613,292,3010,0.64,26.8,2.84,0.0,96,0,110,09:13,12807,20,100,0,0,0.7,0,265,548,137218.6,-387.7
350.4,613,286,2990,0.64,16.7,2.15,0.0,94,0,110,09:12,12807,19,100,0,0,0.5,0,266,548,137227.8,-121.9
350.9,613,252,2987,0.64,16.7,1.57,0.0,83,0,110,09:12,12807,19,100,0,0,0.0,0,266,548,137232.9,-121.9
351.5,613,239,3003,0.64,9.2,1.15,0.0,78,0,110,09:11,12807,19,100,0,0,0.0,0,266,548,137232.8,14.0
352.0,614,265,3015,0.64,9.2,0.80,0.0,87,0,110,09:11,12807,19,100,0,0,0.0,0,266,548,137233.3,14.0
352.6,613,288,3006,0.64,5.1,0.57,-0.1,94,0,110,09:10,12807,19,100,0,0,0.0,0,266,549,137248.1,157.3
353.1,613,278,2993,0.64,5.1,0.44,-0.7,91,0,110,09:10,12807,11,100,0,0,0.0,0,266,550,137306.2,157.3
353.7,613,254,2993,0.64,5.3,0.43,-1.9,83,0,110,09:09,12807,12,100,0,0,0.0,0,266,550,137323.5,136.6
354.2,614,249,3004,0.64,5.3,0.43,-3.2,82,0,110,09:09,12805,11,100,0,0,0.0,0,267,551,137343.9,136.6
354.8,614,268,3011,0.64,1.2,0.38,-4.5,88,0,110,09:08,12803,12,100,0,0,0.0,0,267,551,137331.8,225.0
355.3,615,282,3003,0.65,1.2,0.36,-5.6,92,0,110,09:08,12800,13,100,0,0,0.0,0,267,553,137359.5,225.0
355.9,615,272,2994,0.65,0.6,0.38,-6.4,89,0,110,09:07,12797,14,100,0,0,0.0,0,268,553,137354.8,267.5
356.4,616,253,2995,0.65,0.6,0.42,-7.0,83,0,110,09:06,12793,15,100,0,0,0.0,0,268,555,137370.4,267.5
356.9,616,251,3005,0.65,-0.5,0.43,-7.4,83,0,110,09:06,12790,16,100,0,0,0.0,0,269,555,137358.5,263.6
357.5,617,268,3009,0.65,-0.4,0.45,-7.8,88,0,110,09:05,12786,16,100,0,0,0.0,0,270,556,137367.2,277.1
358.0,618,276,3002,0.65,-0.4,0.46,-8.1,91,0,110,09:05,12781,17,100,0,0,0.0,0,270,558,137381.4,277.1
358.6,618,266,2995,0.65,-0.4,0.50,-8.3,88,0,110,09:04,12777,17,100,0,0,0.0,0,271,559,137377.7,276.6
359.1,619,253,2998,0.65,-0.4,0.53,-8.4,84,0,110,09:04,12772,17,100,0,0,0.0,0,271,560,137391.0,276.6
359.7,620,255,3005,0.65,0.3,0.54,-8.5,84,0,110,09:03,12768,17,100,0,0,0.0,0,272,561,137386.9,245.2
360.2,620,268,3006,0.65,0.3,0.53,-8.5,89,0,110,09:03,12763,18,100,0,0,0.5,0,273,562,137376.5,245.2
360.8,621,272,3000,0.65,0.4,0.55,-8.4,90,0,110,09:02,12758,18,100,0,0,0.7,0,273,563,137397.8,262.3
361.3,621,261,2996,0.65,0.4,0.56,-8.2,87,0,110,09:02,12754,19,100,0,0,1.1,0,274,564,137379.2,262.3
361.8,622,253,3000,0.65,0.8,0.57,-8.0,84,0,110,09:01,12749,18,100,0,0,1.0,0,274,565,137392.4,237.8
362.4,623,258,3005,0.65,0.8,0.55,-7.9,86,0,110,09:00,12745,18,100,0,0,0.9,0,275,566,137384.9,237.8
362.9,624,267,3005,0.65,0.2,0.53,-7.7,89,0,110,09:00,12741,17,100,0,0,0.9,0,276,567,137386.4,254.8
363.5,624,267,2999,0.65,0.8,0.52,-7.6,89,0,110,08:59,12737,17,100,0,0,0.7,0,276,568,137395.7,249.0
364.0,625,259,2998,0.66,0.8,0.53,-7.5,86,0,110,08:59,12732,17,100,0,0,0.5,0,277,569,137390.4,249.0
364.6,625,254,3002,0.66,0.9,0.53,-7.5,85,0,110,08:58,12728,17,100,0,0,0.5,0,277,570,137406.4,232.9
365.1,626,260,3005,0.66,0.9,0.52,-7.4,87,0,110,08:58,12724,17,100,0,0,0.5,0,278,571,137387.7,232.9
365.7,627,266,3003,0.66,0.1,0.49,-7.3,89,0,110,08:57,12720,17,100,0,0,0.5,0,278,572,137410.4,261.3
366.2,627,264,2999,0.66,0.1,0.50,-7.2,88,0,110,08:57,12716,19,100,0,0,1.8,0,279,572,137384.4,261.3
366.8,627,258,2998,0.66,-0.2,0.45,-6.3,86,0,110,08:56,12713,24,100,0,0,2.9,0,279,573,137368.8,264.8
367.3,628,254,3001,0.66,-0.2,0.43,-4.6,85,0,110,08:56,12709,26,100,0,0,3.1,0,279,573,137355.7,264.8
367.9,628,259,3004,0.66,0.1,0.31,-2.8,86,0,110,08:55,12707,25,100,0,0,3.0,0,279,573,137304.2,251.2
368.4,628,263,3002,0.66,0.0,0.21,-1.2,88,0,110,08:54,12706,23,100,0,0,2.7,0,279,572,137291.8,263.1
369.0,628,262,3000,0.66,0.0,0.14,0.0,87,0,110,08:54,12706,21,100,0,0,2.1,0,279,573,137290.7,263.1
369.5,628,258,2999,0.66,0.7,0.10,0.1,86,0,110,08:53,12706,21,100,0,0,2.1,0,279,573,137303.2,243.8
370.0,628,257,3002,0.66,0.7,0.13,0.2,86,0,110,08:53,12706,20,100,0,0,2.0,0,279,574,137347.0,243.8
370.6,628,261,3002,0.66,2.8,0.13,0.2,87,0,110,08:52,12706,20,100,0,0,1.9,0,279,573,137328.3,194.7
371.1,628,263,3001,0.66,2.8,0.09,0.3,88,0,110,08:52,12706,20,100,0,0,1.9,0,279,573,137319.8,194.7
371.7,628,260,3000,0.66,0.5,0.05,0.2,87,0,110,08:51,12706,20,100,0,0,1.9,0,279,573,137312.9,250.5
372.2,628,258,3000,0.66,0.5,0.01,0.2,86,0,110,08:51,12707,20,100,0,0,1.9,0,279,573,137307.9,250.5
372.8,619,256,3002,0.65,-0.3,-0.02,0.1,86,0,110,08:50,12800,20,100,0,0,1.8,0,277,571,138145.0,264.1
373.3,614,271,2991,0.64,-0.3,-1.52,0.0,89,0,110,08:50,12800,20,100,0,0,1.2,0,266,549,137213.8,264.1
373.9,614,249,2995,0.64,-48.3,-2.03,0.0,82,0,110,08:49,12800,20,100,0,0,1.3,0,266,550,137231.8,1444.9
374.4,614,251,3007,0.64,-25.3,-1.95,0.0,82,0,110,08:48,12800,20,100,0,0,1.3,0,266,550,137234.9,867.9
375.0,614,272,3010,0.64,-25.3,-1.63,0.0,89,0,110,08:48,12800,20,100,0,0,1.2,0,266,550,137235.5,867.9
375.5,614,281,3000,0.64,-13.4,-1.28,0.0,92,0,110,08:47,12800,20,100,0,0,1.3,0,266,550,137239.5,609.0
376.1,614,267,2993,0.64,-13.4,-0.95,0.0,88,0,110,08:47,12800,20,100,0,0,1.3,0,266,550,137243.0,609.0
376.6,614,252,2997,0.64,-6.9,-0.69,0.0,82,0,110,08:46,12800,20,100,0,0,1.3,0,266,550,137243.7,424.1
377.1,614,256,3006,0.64,-6.9,-0.49,0.0,84,0,110,08:46,12800,21,100,0,0,1.3,0,266,550,137241.6,424.1
377.7,614,273,3007,0.64,-3.9,-0.35,0.0,89,0,110,08:45,12800,21,100,0,0,1.4,0,266,550,137240.8,357.5
378.2,614,277,2999,0.64,-3.9,-0.24,0.0,91,0,110,08:45,12800,20,100,0,0,1.3,0,266,550,137243.8,357.5
378.8,614,265,2995,0.64,-1.9,-0.16,0.0,87,0,110,08:44,12800,20,100,0,0,1.2,0,266,550,137247.5,322.8
379.3,614,254,2999,0.64,-0.8,-0.10,0.0,83,0,110,08:44,12800,20,100,0,0,1.2,0,266,550,137248.6,273.2
379.9,614,260,3006,0.64,-0.8,-0.06,0.0,85,0,110,08:43,12800,20,100,0,0,1.1,0,266,550,137248.2,273.2
380.4,614,273,3005,0.64,-0.4,-0.04,0.0,89,0,110,08:42,12800,20,100,0,0,1.2,0,266,550,137249.6,281.6
381.0,614,274,2999,0.64,-0.4,-0.02,0.0,90,0,110,08:42,12800,20,100,0,0,1.3,0,266,550,137251.4,281.6
382.1,523,139,3031,0.55,-0.1,2.45,0.0,62,0,110,08:41,14000,21,100,0,0,2.1,0,284,626,152447.0,269.1
382.6,523,211,3041,0.55,174.4,6.65,0.0,94,0,110,08:40,14000,22,100,0,0,2.0,0,284,634,152853.1,-3541.0
383.2,523,258,2999,0.55,174.4,7.55,0.0,115,0,110,08:40,14000,22,100,0,0,2.0,0,284,637,152983.9,-3541.0
383.7,521,202,2964,0.55,110.0,6.67,0.0,90,0,110,08:39,14000,22,100,0,0,2.0,0,284,637,153018.4,-2061.2
384.2,522,129,2990,0.55,110.0,5.60,0.0,57,0,110,08:39,14000,20,100,0,0,1.8,0,283,637,152974.6,-2061.2
384.8,523,167,3029,0.55,53.0,4.52,0.0,74,0,110,08:38,14000,20,100,0,0,1.8,0,283,637,152985.0,-988.0
385.3,523,237,3020,0.55,30.5,3.42,0.0,106,0,110,08:38,14000,20,100,0,0,1.7,0,283,637,152971.1,-406.1
385.9,522,229,2982,0.55,30.5,2.50,0.0,102,0,110,08:37,14000,20,100,0,0,1.7,0,283,636,152961.9,-406.1
386.4,521,169,2977,0.55,14.2,1.77,0.0,75,0,110,08:36,14000,20,100,0,0,1.7,0,283,635,152914.5,-119.6
387.0,522,152,3009,0.55,14.2,1.15,0.0,67,0,110,08:36,14000,20,100,0,0,1.7,0,282,634,152858.3,-119.6
387.5,522,205,3024,0.55,5.1,0.73,0.0,91,0,110,08:35,14000,20,100,0,0,1.7,0,282,635,152875.2,75.2
388.1,522,232,3002,0.55,5.1,0.47,0.0,103,0,110,08:35,14000,20,100,0,0,1.7,0,282,635,152874.7,75.2
388.6,521,202,2981,0.55,2.7,0.28,0.0,90,0,110,08:34,14000,20,100,0,0,1.7,0,282,634,152839.8,168.9
389.2,531,164,2994,0.55,2.7,0.10,0.0,71,0,100,08:34,14000,20,100,0,0,1.7,0,282,633,152800.5,168.9
389.7,532,186,3016,0.55,-2.3,-0.05,0.0,81,0,100,08:34,14000,20,100,0,0,1.7,0,281,632,152744.2,212.6
390.3,532,224,3011,0.55,-1.7,-0.09,0.0,97,0,100,08:34,14000,20,100,0,0,1.6,0,281,633,152782.6,260.9
390.8,531,219,2990,0.55,-1.7,-0.08,0.0,96,0,100,08:34,14000,20,100,0,0,1.6,0,281,633,152788.0,260.9
391.3,531,185,2987,0.55,-1.9,-0.08,0.0,81,0,100,08:34,14000,20,100,0,0,1.6,0,281,632,152752.2,232.9
391.9,531,176,3004,0.55,-1.9,-0.14,0.0,77,0,100,08:34,14000,20,100,0,0,1.7,0,281,631,152711.2,232.9
392.4,531,204,3013,0.55,-4.8,-0.19,0.0,89,0,100,08:34,14000,20,100,0,0,1.7,0,280,630,152660.5,292.8
393.0,531,220,3001,0.55,-4.8,-0.27,0.0,96,0,100,08:34,14000,20,100,0,0,1.7,0,280,630,152627.1,292.8
393.5,531,204,2989,0.55,-3.8,-0.22,0.0,88,0,100,08:34,14000,20,100,0,0,1.6,0,280,631,152679.5,298.8
