"Time, s","Climb, m/s","Specific excess power, m/s",RPM,"Propeller efficiency, %","Manifold pressure, atm","Power, hp","Thrust, kgf","Propeller pitch, deg","Propeller pitch, %","IAS, km/h","TAS, km/h","Altitude, m",Mach number,"Specific energy, J/kg","Acceleration, m/s²","Turn rate, deg/s"
0.0,17.3,-64.2,2995,61,1.80,1012,269,38.8,100,627,628,33,0.51,15539.2,-3.62,5.4
0.1,18.5,-64.3,2996,61,1.80,1012,271,38.7,100,625,626,35,0.51,15462.0,-3.72,7.1
0.2,19.9,-62.4,2996,62,1.80,1011,273,38.6,100,623,625,37,0.51,15433.4,-3.72,6.9
0.3,20.9,-60.7,2996,62,1.80,1011,274,38.6,100,622,623,39,0.51,15356.7,-3.71,4.7
0.4,21.4,-59.1,2996,62,1.80,1011,275,38.5,100,620,621,41,0.51,15280.3,-3.71,3.6
0.5,21.7,-59.0,2996,62,1.80,1011,276,38.4,100,619,620,43,0.51,15252.1,-3.79,2.6
0.6,21.7,-58.8,2996,62,1.80,1011,278,38.4,100,617,619,45,0.50,15223.9,-3.86,1.7
0.7,22.5,-58.7,2996,63,1.80,1011,281,38.3,100,616,617,48,0.50,15158.0,-3.93,6.7
0.8,24.2,-56.9,2996,63,1.80,1011,284,38.2,100,614,616,50,0.50,15130.0,-3.91,9.2
0.9,26.0,-55.3,2996,63,1.80,1011,286,38.2,100,612,614,53,0.50,15064.5,-3.89,8.3
1.0,27.3,-53.9,2996,64,1.80,1011,287,38.1,100,611,613,55,0.50,15036.8,-3.88,8.3
1.1,29.2,-53.5,2996,64,1.80,1011,289,38.0,100,609,611,58,0.50,14971.8,-3.95,9.3
1.2,31.4,-53.2,2996,64,1.80,1011,291,37.9,100,607,609,62,0.50,14916.9,-4.01,9.0
1.3,32.8,-52.9,2995,64,1.80,1011,292,37.9,100,606,608,64,0.50,14889.6,-4.07,8.2
1.4,34.0,-52.1,2995,64,1.80,1011,292,37.8,100,604,606,68,0.49,14835.1,-4.12,5.4
1.5,34.4,-51.4,2996,64,1.80,1011,293,37.7,100,603,605,71,0.49,14817.8,-4.17,3.5
1.6,34.8,-50.8,2996,65,1.80,1011,296,37.6,100,601,603,75,0.49,14763.9,-4.21,3.8
1.7,35.3,-48.5,2996,65,1.80,1011,298,37.6,100,599,602,78,0.49,14746.8,-4.16,4.8
1.8,36.2,-46.4,2996,65,1.80,1011,301,37.5,100,598,600,81,0.49,14683.5,-4.12,6.6
1.9,37.7,-44.5,2996,66,1.80,1011,303,37.4,100,596,598,85,0.49,14630.3,-4.07,8.7
2.0,39.4,-43.9,2995,66,1.80,1011,304,37.4,100,594,597,89,0.49,14623.4,-4.12,8.5
2.1,40.6,-43.3,2996,66,1.80,1011,305,37.3,100,592,595,94,0.48,14580.5,-4.17,6.0
2.2,41.2,-42.8,2996,66,1.80,1011,306,37.2,100,591,594,97,0.48,14564.1,-4.21,4.7
2.3,41.8,-42.1,2996,66,1.80,1013,309,37.1,100,589,592,102,0.48,14521.6,-4.25,3.8
2.4,42.1,-41.4,2996,66,1.80,1015,311,37.1,100,587,590,106,0.48,14469.6,-4.29,3.7
2.5,42.5,-40.8,2996,66,1.80,1018,314,37.0,100,586,589,110,0.48,14463.4,-4.32,4.0
2.6,43.0,-39.9,2996,67,1.80,1021,318,36.9,100,584,587,114,0.48,14411.9,-4.34,4.9
2.7,43.6,-39.1,2996,67,1.80,1024,321,36.8,100,582,586,119,0.48,14415.7,-4.35,4.1
2.8,44.0,-38.3,2996,68,1.79,1027,325,36.8,100,581,584,124,0.48,14374.5,-4.37,3.8
2.9,44.4,-36.3,2996,68,1.79,1029,328,36.7,100,579,583,127,0.48,14358.9,-4.31,4.7
3.0,45.2,-34.4,2996,68,1.79,1032,331,36.7,100,577,581,132,0.47,14318.1,-4.25,5.7
3.1,46.1,-32.8,2996,68,1.79,1034,333,36.6,100,576,580,137,0.47,14322.4,-4.21,5.9
3.2,46.7,-32.3,2996,68,1.79,1037,335,36.5,100,574,578,141,0.47,14272.3,-4.24,4.1
3.3,46.8,-31.9,2996,68,1.79,1040,338,36.4,100,572,577,146,0.47,14276.7,-4.28,1.6
3.4,46.7,-31.6,2996,69,1.79,1043,341,36.4,100,571,575,151,0.47,14236.9,-4.31,0.0
3.5,46.6,-29.8,2996,69,1.79,1045,344,36.3,100,570,574,155,0.47,14231.8,-4.25,1.0
3.6,46.7,-28.1,2996,69,1.79,1049,347,36.2,100,568,572,161,0.47,14202.3,-4.19,2.5
3.7,46.9,-26.7,2996,69,1.79,1051,350,36.2,100,566,571,165,0.47,14197.4,-4.14,3.5
3.8,47.3,-26.7,2997,70,1.79,1054,353,36.1,100,565,569,170,0.46,14158.5,-4.19,3.8
3.9,47.7,-26.7,2997,70,1.78,1057,356,36.1,100,563,568,175,0.46,14163.7,-4.23,3.9
4.0,48.1,-26.8,2997,70,1.78,1059,359,36.0,100,562,567,179,0.46,14159.1,-4.27,4.7
4.1,48.7,-25.1,2997,70,1.78,1062,363,35.9,100,560,565,185,0.46,14130.6,-4.21,4.4
4.2,49.1,-23.6,2997,71,1.78,1065,365,35.9,100,559,564,189,0.46,14126.3,-4.16,3.8
4.3,49.2,-22.3,2997,71,1.78,1068,367,35.8,100,558,563,194,0.46,14131.9,-4.11,1.3
4.4,49.2,-19.5,2997,71,1.78,1070,370,35.8,100,556,562,198,0.46,14127.7,-3.98,1.6
4.5,49.3,-17.1,2997,71,1.78,1073,373,35.7,100,555,560,203,0.46,14090.2,-3.86,2.9
4.6,49.8,-14.8,2997,71,1.78,1077,376,35.7,100,553,559,209,0.46,14105.9,-3.75,4.2
4.7,50.2,-14.1,2997,72,1.78,1079,379,35.6,100,552,558,214,0.46,14111.8,-3.74,5.1
4.8,51.0,-13.5,2997,72,1.77,1082,383,35.5,100,551,556,219,0.45,14074.9,-3.73,6.0
4.9,51.8,-12.9,2997,72,1.77,1085,385,35.5,100,549,555,223,0.45,14071.3,-3.73,7.0
5.0,52.7,-12.1,2997,72,1.77,1088,388,35.4,100,548,554,229,0.45,14087.4,-3.72,5.9
5.1,53.4,-11.4,2997,72,1.77,1091,392,35.4,100,546,552,235,0.45,14060.9,-3.72,4.9
5.2,54.0,-10.8,2997,73,1.77,1095,395,35.3,100,545,551,241,0.45,14077.2,-3.71,4.8
5.3,54.3,-10.0,2997,73,1.77,1097,397,35.3,100,544,550,245,0.45,14074.0,-3.71,4.2
5.4,54.8,-9.3,2997,73,1.77,1100,400,35.2,100,542,549,251,0.45,14090.4,-3.71,4.4
5.5,55.2,-8.6,2997,73,1.77,1104,403,35.2,100,541,548,257,0.45,14107.0,-3.70,4.1
5.6,55.6,-7.9,2997,73,1.77,1107,406,35.1,100,539,546,262,0.45,14071.6,-3.70,4.4
5.7,56.1,-7.2,2997,73,1.76,1110,410,35.0,100,538,545,268,0.45,14088.4,-3.70,4.5
5.8,56.5,-6.6,2997,74,1.76,1113,412,35.0,100,537,544,273,0.44,14095.4,-3.69,4.2
5.9,56.8,-4.5,2997,74,1.76,1116,415,34.9,100,536,543,279,0.44,14112.3,-3.60,3.5
6.0,57.2,-2.7,2997,74,1.76,1119,419,34.9,100,534,542,285,0.44,14129.3,-3.52,4.1
6.1,57.6,-1.0,2997,74,1.76,1123,422,34.8,100,533,540,292,0.44,14114.5,-3.44,3.4
6.2,57.8,-0.7,2997,74,1.76,1126,424,34.8,100,531,539,297,0.44,14121.9,-3.47,0.8
6.3,57.7,-0.5,2997,74,1.76,1129,427,34.7,100,530,538,302,0.44,14129.4,-3.49,0.5
6.4,57.5,-0.3,2997,74,1.76,1133,430,34.7,100,529,537,309,0.44,14156.6,-3.51,0.0
6.5,57.3,1.3,2997,75,1.75,1136,433,34.6,100,528,536,315,0.44,14174.1,-3.43,0.0
6.6,57.2,2.7,2997,75,1.75,1139,436,34.6,100,526,535,321,0.44,14191.6,-3.37,0.0
6.8,57.1,4.0,2997,75,1.75,1142,439,34.5,100,525,534,326,0.44,14199.5,-3.31,0.0
6.9,56.9,5.1,2997,75,1.75,1145,442,34.5,100,524,533,331,0.44,14207.3,-3.25,0.0
7.0,56.8,6.1,2998,75,1.75,1148,444,34.5,100,523,532,336,0.43,14215.3,-3.20,0.0
7.1,56.6,7.0,2998,75,1.75,1152,448,34.4,100,522,530,343,0.43,14202.0,-3.16,0.0
7.2,56.4,6.5,2998,76,1.75,1155,451,34.4,100,521,529,349,0.43,14220.0,-3.21,0.0
7.3,56.3,6.0,2998,76,1.75,1157,453,34.3,100,520,529,354,0.43,14269.1,-3.26,0.0
7.4,56.2,5.5,2998,76,1.75,1161,456,34.3,100,519,528,360,0.43,14287.2,-3.30,0.0
7.5,56.1,7.8,2998,76,1.74,1163,458,34.3,100,518,527,364,0.43,14285.7,-3.15,0.5
7.6,56.6,9.9,2998,76,1.74,1167,463,34.2,100,517,526,371,0.43,14313.7,-3.02,5.8
7.7,57.9,11.8,2998,77,1.74,1170,467,34.2,100,515,525,377,0.43,14332.1,-2.90,10.0
7.8,59.5,12.5,2998,77,1.74,1173,471,34.1,100,515,524,382,0.43,14340.6,-2.89,12.6
7.9,61.9,13.1,2998,77,1.74,1176,475,34.1,100,513,523,389,0.43,14368.9,-2.88,13.7
8.0,64.2,13.6,2997,77,1.74,1180,478,34.0,100,512,522,395,0.43,14387.5,-2.86,12.8
8.1,66.2,14.8,2997,77,1.74,1183,480,34.0,100,511,521,402,0.43,14415.9,-2.85,10.4
8.2,67.2,15.9,2997,77,1.74,1187,482,34.0,100,510,520,409,0.43,14444.4,-2.84,6.2
8.3,67.7,16.8,2997,77,1.73,1190,485,33.9,100,509,519,415,0.42,14463.2,-2.83,6.1
8.4,68.7,18.0,2997,77,1.73,1194,488,33.9,100,507,518,422,0.42,14491.8,-2.83,7.3
8.5,69.9,19.0,2997,77,1.73,1198,491,33.8,100,506,517,430,0.42,14530.4,-2.82,7.1
8.6,70.5,19.9,2997,77,1.73,1201,494,33.8,100,505,516,436,0.42,14549.4,-2.81,6.6
8.7,71.1,21.0,2997,77,1.73,1205,497,33.7,100,504,515,444,0.42,14588.1,-2.81,3.8
8.8,71.2,22.0,2997,78,1.73,1208,500,33.7,100,503,514,449,0.42,14597.4,-2.80,3.0
8.9,71.5,22.9,2997,78,1.73,1212,504,33.6,100,501,513,457,0.42,14636.3,-2.80,4.7
9.0,72.2,22.5,2998,78,1.72,1217,508,33.6,100,500,511,466,0.42,14645.6,-2.89,5.5
9.1,72.6,22.1,2998,78,1.72,1220,511,33.5,100,499,510,472,0.42,14665.0,-2.97,4.2
9.2,72.8,21.8,2998,78,1.72,1223,513,33.5,100,498,510,478,0.42,14723.9,-3.04,2.9
9.3,72.8,24.2,2998,78,1.72,1227,516,33.5,100,497,509,486,0.42,14763.1,-2.92,0.0
9.4,72.6,26.4,2998,78,1.72,1231,520,33.4,100,496,508,493,0.42,14792.5,-2.81,0.0
9.5,72.5,28.4,2998,78,1.72,1235,523,33.4,100,495,507,501,0.41,14831.8,-2.72,0.0
9.6,72.5,28.9,2998,78,1.71,1239,526,33.3,100,494,506,508,0.41,14861.4,-2.72,1.7
9.7,72.6,29.3,2998,79,1.71,1242,529,33.3,100,493,505,514,0.41,14881.3,-2.72,0.0
9.8,72.4,29.6,2998,79,1.71,1246,532,33.3,100,492,504,522,0.41,14920.8,-2.73,0.0
9.9,72.3,30.0,2998,79,1.71,1250,536,33.2,100,490,503,531,0.41,14970.3,-2.73,0.0
10.0,72.2,30.3,2998,79,1.71,1254,540,33.2,100,489,502,538,0.41,15000.2,-2.73,0.0
10.1,72.0,30.6,2998,79,1.71,1257,542,33.2,100,488,501,544,0.41,15020.3,-2.74,0.0
10.2,71.9,32.1,2998,79,1.71,1261,545,33.1,100,487,501,552,0.41,15098.8,-2.65,0.0
10.3,71.8,33.5,2998,79,1.70,1265,549,33.1,100,487,500,559,0.41,15128.9,-2.56,0.0
10.4,71.7,34.7,2998,79,1.70,1268,552,33.1,100,486,499,567,0.41,15168.8,-2.49,0.0
10.5,71.7,34.5,2998,79,1.70,1272,555,33.0,100,485,498,574,0.41,15199.0,-2.52,0.0
10.6,71.6,34.3,2998,79,1.70,1275,557,33.0,100,484,498,580,0.41,15257.9,-2.54,0.0
10.7,71.5,34.1,2998,80,1.70,1279,560,33.0,100,483,497,588,0.41,15297.9,-2.57,0.0
10.8,71.4,35.3,2999,80,1.70,1283,564,32.9,100,482,496,597,0.41,15347.9,-2.49,0.0
10.9,71.3,36.3,2999,80,1.70,1286,566,32.9,100,481,496,603,0.41,15406.8,-2.43,0.0
11.0,71.3,37.2,2999,80,1.69,1290,569,32.9,100,480,495,610,0.41,15437.2,-2.37,0.0
11.1,71.2,38.0,2999,80,1.69,1293,572,32.9,100,480,494,616,0.41,15457.9,-2.32,0.0
11.2,71.1,38.8,2999,80,1.69,1297,575,32.9,100,479,494,625,0.40,15546.2,-2.27,0.0
11.3,71.1,39.4,2999,80,1.69,1300,577,32.8,100,478,493,631,0.40,15567.0,-2.23,0.0
11.4,71.0,40.0,2999,80,1.69,1303,580,32.8,100,478,492,638,0.40,15597.7,-2.19,0.0
11.5,71.0,40.6,2999,80,1.69,1307,583,32.8,100,477,492,646,0.40,15676.1,-2.15,0.0
11.6,70.8,41.1,2999,80,1.69,1310,585,32.8,100,476,491,652,0.40,15697.1,-2.12,0.0
11.7,70.8,42.8,2999,80,1.68,1314,588,32.7,100,475,491,660,0.40,15775.6,-2.00,0.0
11.8,70.7,44.3,2999,80,1.68,1318,591,32.7,100,475,490,668,0.40,15816.2,-1.89,0.0
11.9,70.6,45.6,2999,80,1.68,1321,594,32.7,100,474,490,675,0.40,15884.9,-1.80,0.0
12.0,70.6,45.6,2999,80,1.68,1324,596,32.7,100,473,489,681,0.40,15906.0,-1.80,1.0
12.1,70.6,45.6,2999,80,1.68,1327,598,32.7,100,473,489,688,0.40,15974.6,-1.80,0.0
12.2,70.5,45.6,2999,81,1.68,1331,601,32.7,100,472,488,696,0.40,16015.4,-1.80,0.0
12.3,70.4,46.8,2999,81,1.68,1334,603,32.6,100,472,488,703,0.40,16084.1,-1.72,0.0
12.4,70.3,47.9,2999,81,1.67,1338,606,32.6,100,471,487,710,0.40,16115.1,-1.64,0.0
12.5,70.3,48.8,2999,81,1.67,1341,608,32.6,100,470,487,716,0.40,16174.0,-1.57,0.0
12.6,70.3,49.7,2999,81,1.67,1344,610,32.6,100,470,487,724,0.40,16252.5,-1.50,0.0
12.7,70.2,50.5,2999,81,1.67,1347,613,32.6,100,469,486,731,0.40,16283.6,-1.44,0.0
12.8,70.1,51.2,2999,81,1.67,1351,615,32.6,100,469,486,738,0.40,16352.3,-1.39,0.0
12.9,70.0,51.8,3000,81,1.67,1354,618,32.6,100,468,486,745,0.40,16421.0,-1.34,0.0
13.0,70.0,52.4,3000,81,1.67,1357,620,32.6,100,468,485,751,0.40,16442.3,-1.30,0.0
13.1,69.9,52.9,3000,81,1.66,1360,622,32.6,100,467,485,759,0.40,16520.8,-1.26,0.0
13.2,69.9,53.3,3000,81,1.66,1364,624,32.5,100,467,485,766,0.40,16589.5,-1.23,0.0
13.3,69.8,53.7,3000,81,1.66,1367,626,32.5,100,466,484,773,0.40,16620.8,-1.20,0.0
13.4,69.8,54.0,3000,81,1.66,1370,628,32.5,100,466,484,780,0.40,16689.5,-1.17,0.0
13.5,69.7,54.4,3000,81,1.66,1373,630,32.5,100,466,484,786,0.40,16748.3,-1.15,0.0
13.6,69.7,54.6,3000,81,1.66,1377,633,32.5,100,465,483,795,0.40,16799.3,-1.12,0.0
13.7,69.6,54.9,3000,81,1.66,1380,635,32.5,100,465,483,801,0.40,16858.2,-1.10,0.0
13.8,69.6,55.1,3000,81,1.65,1383,637,32.5,100,464,483,808,0.40,16926.8,-1.09,0.0
13.9,69.5,55.3,3000,81,1.65,1386,639,32.5,100,464,483,815,0.40,16995.5,-1.07,0.0
14.0,69.5,55.4,3000,81,1.65,1389,641,32.5,100,464,482,822,0.40,17026.9,-1.05,0.0
14.1,69.4,55.6,3000,81,1.65,1393,643,32.5,100,463,482,830,0.40,17105.4,-1.04,0.0
14.2,69.4,55.7,3000,81,1.65,1396,645,32.5,100,463,482,837,0.40,17174.1,-1.03,0.0
14.3,69.4,55.8,3000,81,1.65,1398,646,32.5,100,463,482,843,0.40,17232.9,-1.02,0.0
14.4,69.3,57.2,3000,81,1.65,1402,648,32.5,100,462,482,850,0.40,17301.6,-0.91,0.0
14.5,69.3,58.4,3000,81,1.64,1404,650,32.5,100,462,482,856,0.40,17360.5,-0.82,0.0
14.6,69.3,59.5,3000,81,1.64,1408,652,32.5,100,462,481,864,0.40,17401.8,-0.74,0.0
14.7,69.2,59.2,3000,81,1.64,1411,654,32.5,100,461,481,872,0.40,17480.3,-0.76,0.0
14.8,69.2,59.0,3000,82,1.64,1414,656,32.5,100,461,481,879,0.40,17549.0,-0.78,0.0
14.9,69.2,58.7,3000,82,1.64,1417,658,32.5,100,461,481,885,0.40,17607.8,-0.79,0.0
15.0,69.2,59.8,3000,82,1.64,1420,660,32.5,100,460,481,892,0.40,17676.5,-0.71,0.0
15.1,69.1,60.7,3000,82,1.64,1423,661,32.5,100,460,481,899,0.40,17745.2,-0.64,0.0
15.2,69.1,61.6,3000,82,1.63,1426,663,32.5,100,460,481,906,0.40,17813.8,-0.58,0.0
15.3,69.1,62.3,3000,82,1.63,1429,665,32.5,100,460,481,913,0.40,17882.5,-0.52,0.0
15.4,69.1,63.0,3000,82,1.63,1432,666,32.5,100,460,480,919,0.40,17904.3,-0.47,0.0
15.5,69.1,63.6,3000,82,1.63,1435,668,32.5,100,459,480,926,0.40,17973.0,-0.42,0.0
15.6,69.1,62.9,3000,82,1.63,1438,670,32.5,100,459,480,934,0.40,18051.4,-0.47,0.0
15.7,69.1,62.3,3000,82,1.63,1441,671,32.5,100,459,480,941,0.40,18120.1,-0.52,0.0
15.8,69.1,61.7,3000,82,1.63,1444,673,32.5,100,459,480,948,0.40,18188.8,-0.56,0.0
15.9,69.1,62.4,3000,82,1.63,1447,674,32.5,100,459,480,954,0.40,18247.6,-0.50,0.0
16.0,69.1,63.1,3000,82,1.62,1450,676,32.5,100,458,480,962,0.40,18326.1,-0.45,0.0
16.1,69.1,63.7,3000,82,1.62,1453,678,32.5,100,458,480,969,0.40,18394.8,-0.41,0.0
16.2,69.1,64.2,3000,82,1.62,1456,679,32.5,100,458,480,977,0.40,18473.3,-0.37,0.0
16.3,69.1,64.7,3000,82,1.62,1459,681,32.5,100,458,480,982,0.40,18522.3,-0.33,0.0
16.4,69.1,65.2,3000,82,1.62,1461,682,32.6,100,458,480,988,0.40,18581.2,-0.30,0.0
16.5,69.1,65.6,3001,82,1.62,1464,683,32.6,100,458,480,995,0.40,18649.8,-0.27,0.0
16.6,69.2,65.9,3001,82,1.62,1468,685,32.6,100,457,480,1004,0.40,18738.1,-0.24,0.0
16.7,69.2,66.2,3001,82,1.61,1471,687,32.6,100,457,480,1011,0.40,18806.8,-0.22,0.0
16.8,69.2,66.5,3001,82,1.61,1473,688,32.6,100,457,480,1017,0.40,18865.7,-0.19,0.0
16.9,69.2,66.8,3001,82,1.61,1476,689,32.6,100,457,480,1024,0.40,18934.3,-0.17,0.0
17.0,69.2,67.0,3001,82,1.61,1478,690,32.6,100,457,480,1030,0.40,18993.2,-0.16,0.0
17.1,69.2,67.3,3001,82,1.61,1482,692,32.6,100,457,480,1039,0.40,19081.5,-0.14,0.0
17.2,69.2,67.4,3001,82,1.61,1484,693,32.6,100,457,480,1044,0.40,19130.5,-0.13,0.0
17.3,69.2,67.6,3001,82,1.61,1487,694,32.6,100,457,481,1052,0.40,19246.1,-0.11,0.0
17.4,69.3,69.0,3001,82,1.60,1490,696,32.6,100,456,481,1059,0.40,19314.8,-0.01,0.0
17.5,69.3,70.3,3001,82,1.60,1493,697,32.7,100,456,481,1066,0.40,19383.4,0.08,0.0
17.6,69.3,71.5,3001,82,1.60,1496,698,32.7,100,456,481,1073,0.40,19452.1,0.17,0.0
17.7,69.3,71.3,3001,82,1.60,1499,700,32.7,100,456,481,1081,0.40,19530.6,0.15,0.0
17.8,69.4,71.1,3001,82,1.60,1501,701,32.7,100,456,481,1086,0.40,19579.6,0.13,0.0
17.9,69.4,70.9,3001,82,1.60,1504,702,32.7,100,456,481,1094,0.40,19658.1,0.12,0.0
18.0,69.4,70.7,3001,82,1.60,1507,703,32.7,100,456,481,1101,0.40,19726.8,0.11,0.0
18.1,69.5,70.6,3001,82,1.60,1510,704,32.7,100,456,481,1108,0.40,19795.4,0.10,0.0
18.2,69.5,70.5,3001,82,1.59,1512,705,32.7,100,456,481,1114,0.40,19854.3,0.09,0.0
18.3,69.5,70.4,3001,82,1.59,1515,707,32.8,100,456,481,1121,0.40,19923.0,0.08,0.0
18.4,69.5,70.3,3001,82,1.59,1518,708,32.8,100,456,482,1128,0.40,20028.8,0.07,0.0
18.5,69.6,70.2,3001,82,1.59,1521,709,32.8,100,456,482,1137,0.40,20117.1,0.06,0.0
18.6,69.6,71.4,3001,82,1.59,1524,710,32.8,100,456,482,1143,0.40,20175.9,0.15,0.0
18.7,69.6,72.5,3001,82,1.59,1526,711,32.8,100,456,482,1149,0.40,20234.8,0.23,0.0
18.8,69.7,73.5,3001,82,1.59,1529,712,32.8,100,456,482,1156,0.40,20303.5,0.30,0.0
18.9,69.7,73.1,3001,82,1.58,1531,713,32.8,100,456,482,1163,0.40,20372.1,0.27,0.0
19.0,69.7,72.8,3001,82,1.58,1535,714,32.9,100,456,483,1172,0.40,20497.7,0.24,0.0
19.1,69.8,72.4,3001,82,1.58,1537,715,32.9,100,456,483,1178,0.40,20556.5,0.22,0.0
19.2,69.8,73.4,3001,82,1.58,1539,716,32.9,100,456,483,1183,0.40,20605.6,0.29,0.0
19.3,69.8,74.3,3001,82,1.58,1542,717,32.9,100,456,483,1191,0.40,20684.1,0.35,0.0
19.4,69.8,75.1,3001,82,1.58,1545,719,32.9,100,456,483,1199,0.40,20762.5,0.41,0.0
19.5,69.9,74.6,3001,82,1.58,1548,719,32.9,100,456,483,1205,0.40,20821.4,0.37,0.0
19.6,69.9,74.1,3001,82,1.58,1550,720,32.9,100,456,484,1212,0.40,20927.4,0.33,0.0
19.7,69.9,73.7,3001,82,1.57,1553,721,33.0,100,456,484,1218,0.40,20986.2,0.30,0.0
19.8,70.0,74.6,3001,82,1.57,1556,722,33.0,100,456,484,1227,0.40,21074.5,0.36,0.0
19.9,70.0,75.4,3001,82,1.57,1558,723,33.0,100,456,484,1233,0.40,21133.4,0.42,0.0
20.0,70.0,76.1,3001,82,1.57,1561,724,33.0,100,456,484,1240,0.40,21202.1,0.47,0.0
20.1,70.1,76.8,3001,82,1.57,1563,725,33.0,100,456,485,1247,0.40,21308.1,0.51,0.0
20.2,70.1,77.4,3001,82,1.57,1566,726,33.0,100,456,485,1255,0.40,21386.6,0.55,0.0
20.3,70.1,77.9,3001,82,1.57,1569,727,33.1,100,456,485,1262,0.40,21455.3,0.59,0.0
20.4,70.1,77.1,3001,82,1.56,1572,728,33.1,100,456,485,1269,0.40,21523.9,0.53,0.0
20.5,70.1,76.4,3001,82,1.56,1574,729,33.1,100,456,485,1277,0.40,21602.4,0.48,0.0
20.6,70.1,75.8,3001,82,1.56,1576,729,33.1,100,456,486,1283,0.40,21698.7,0.43,0.0
20.7,70.2,76.5,3001,82,1.56,1579,730,33.1,100,456,486,1290,0.40,21767.4,0.48,0.0
20.8,70.2,77.1,3001,82,1.56,1582,731,33.2,100,456,486,1297,0.40,21836.1,0.52,0.0
20.9,70.2,77.7,3001,82,1.56,1584,732,33.2,100,456,486,1304,0.40,21904.7,0.56,0.0
21.0,70.2,78.2,3001,82,1.56,1587,733,33.2,100,456,487,1312,0.40,22020.8,0.60,0.0
21.1,70.2,78.7,3001,82,1.56,1589,733,33.2,100,457,487,1318,0.40,22079.6,0.63,0.0
21.2,70.2,79.1,3001,82,1.55,1592,734,33.2,100,457,487,1325,0.40,22148.3,0.66,0.0
21.3,70.3,78.2,3001,82,1.55,1594,735,33.2,100,457,487,1332,0.40,22217.0,0.59,0.0
21.4,70.3,77.4,3001,82,1.55,1597,736,33.3,100,457,488,1340,0.40,22333.1,0.53,0.0
21.5,70.3,76.7,3001,82,1.55,1600,736,33.3,100,457,488,1347,0.40,22401.7,0.48,0.0
21.6,70.3,77.3,3001,82,1.55,1602,737,33.3,100,457,488,1354,0.40,22470.4,0.52,0.0
21.7,70.3,77.9,3001,82,1.55,1605,738,33.3,100,457,488,1362,0.40,22548.9,0.56,0.0
21.8,70.4,78.4,3001,82,1.55,1607,738,33.3,100,457,489,1367,0.40,22635.6,0.60,0.0
21.9,70.4,78.9,3001,82,1.54,1610,739,33.4,100,457,489,1376,0.40,22723.9,0.63,0.0
22.0,70.4,79.3,3001,82,1.54,1612,740,33.4,100,457,489,1382,0.40,22782.8,0.66,0.0
22.1,70.4,79.7,3001,82,1.54,1614,740,33.4,100,457,489,1389,0.40,22851.4,0.69,0.0
22.2,70.5,80.0,3001,82,1.54,1616,741,33.4,100,458,490,1395,0.41,22948.1,0.71,0.0
22.3,70.5,80.3,3001,82,1.54,1619,742,33.4,100,458,490,1403,0.41,23026.5,0.73,0.0
22.4,70.5,80.6,3001,82,1.54,1622,742,33.5,100,458,490,1410,0.41,23095.2,0.75,0.0
22.5,70.5,80.9,3001,82,1.54,1624,743,33.5,100,458,491,1417,0.41,23201.7,0.77,0.0
22.6,70.5,81.1,3001,82,1.53,1627,744,33.5,100,458,491,1425,0.41,23280.2,0.78,0.0
22.8,70.6,81.4,3001,82,1.53,1629,744,33.5,100,458,491,1432,0.41,23348.9,0.80,0.0
22.9,70.7,80.3,3001,82,1.53,1632,745,33.5,100,458,491,1439,0.41,23417.6,0.72,0.0
23.0,70.7,79.3,3001,82,1.53,1634,745,33.6,100,458,492,1447,0.41,23534.0,0.64,0.0
23.1,70.7,78.5,3001,82,1.53,1636,746,33.6,100,458,492,1453,0.41,23592.8,0.58,0.0
23.2,70.8,79.0,3001,82,1.53,1639,746,33.6,100,459,492,1460,0.41,23661.5,0.61,0.0
23.3,70.9,79.5,3001,82,1.53,1641,747,33.6,100,459,493,1467,0.41,23768.2,0.65,0.0
23.4,70.9,79.9,3001,82,1.53,1643,748,33.6,100,459,493,1475,0.41,23846.6,0.67,0.0
23.5,71.0,80.3,3001,82,1.52,1646,748,33.7,100,459,493,1482,0.41,23915.3,0.70,0.0
23.6,71.0,80.6,3001,82,1.52,1648,749,33.7,100,459,494,1490,0.41,24031.9,0.72,0.0
23.7,71.1,80.9,3001,82,1.52,1650,749,33.7,100,459,494,1495,0.41,24080.9,0.74,0.0
23.8,71.2,81.2,3001,82,1.52,1653,750,33.7,100,459,494,1504,0.41,24169.2,0.76,0.0
23.9,71.2,81.5,3001,82,1.52,1655,750,33.8,100,459,495,1510,0.41,24266.2,0.77,0.0
24.0,71.3,81.8,3001,82,1.52,1658,751,33.8,100,460,495,1518,0.41,24344.7,0.79,0.0
24.1,71.3,82.0,3001,82,1.52,1660,751,33.8,100,460,495,1525,0.41,24413.4,0.80,0.0
24.2,71.4,82.3,3001,82,1.51,1662,752,33.8,100,460,495,1531,0.41,24472.2,0.81,0.0
24.3,71.4,82.5,3001,82,1.51,1665,752,33.8,100,460,496,1540,0.41,24598.8,0.83,0.0
24.4,71.5,82.6,3001,82,1.51,1667,753,33.9,100,460,496,1546,0.41,24657.6,0.83,0.0
24.5,71.6,82.8,3001,82,1.51,1669,753,33.9,100,460,496,1553,0.41,24726.3,0.84,0.0
24.6,71.6,83.0,3001,82,1.51,1672,754,33.9,100,460,497,1561,0.41,24843.1,0.85,0.0
24.7,71.7,83.1,3001,82,1.51,1674,754,33.9,100,460,497,1568,0.41,24911.8,0.86,0.0
24.8,71.7,83.3,3001,82,1.51,1676,755,33.9,100,461,497,1574,0.41,24970.6,0.86,0.0
24.9,71.8,83.4,3001,82,1.51,1679,755,34.0,100,461,498,1583,0.41,25097.3,0.87,0.0
25.0,71.9,83.6,3001,82,1.50,1681,755,34.0,100,461,498,1589,0.41,25156.1,0.87,0.0
25.1,71.9,83.7,3001,82,1.50,1683,756,34.0,100,461,498,1597,0.41,25234.6,0.88,0.0
25.2,72.0,83.8,3001,82,1.50,1685,756,34.0,100,461,499,1604,0.41,25341.8,0.88,0.0
25.3,72.0,83.9,3001,82,1.50,1688,757,34.1,100,461,499,1612,0.41,25420.2,0.89,0.0
25.4,72.1,84.0,3001,82,1.50,1690,757,34.1,100,461,499,1619,0.41,25488.9,0.89,0.0
25.5,72.2,84.1,3001,82,1.50,1692,757,34.1,100,462,500,1625,0.41,25586.3,0.89,0.0
25.6,72.2,84.2,3001,82,1.50,1694,758,34.1,100,462,500,1633,0.41,25664.8,0.90,0.0
25.7,72.2,84.3,3001,82,1.49,1696,758,34.1,100,462,500,1640,0.42,25733.5,0.90,0.0
25.8,72.3,84.4,3001,82,1.49,1699,759,34.2,100,462,501,1648,0.42,25850.6,0.90,0.0
25.9,72.3,84.5,3001,82,1.49,1701,759,34.2,100,462,501,1655,0.42,25919.2,0.90,0.0
26.0,72.4,84.6,3001,82,1.49,1703,760,34.2,100,462,501,1663,0.42,25997.7,0.90,0.0
26.1,72.4,84.7,3001,82,1.49,1705,760,34.2,100,462,502,1669,0.42,26095.3,0.91,0.0
26.2,72.5,84.8,3001,82,1.49,1707,760,34.3,100,463,502,1676,0.42,26163.9,0.91,0.0
26.3,72.5,84.8,3001,82,1.49,1710,761,34.3,100,463,502,1684,0.42,26242.4,0.91,0.0
26.4,72.6,84.9,3001,82,1.49,1712,761,34.3,100,463,503,1692,0.42,26359.7,0.91,0.0
26.5,72.6,85.0,3001,82,1.48,1714,761,34.3,100,463,503,1698,0.42,26418.5,0.91,0.0
26.6,72.6,85.0,3001,82,1.48,1716,762,34.3,100,463,503,1707,0.42,26506.8,0.91,0.0
26.7,72.7,85.1,3001,82,1.48,1718,762,34.4,100,463,504,1713,0.42,26604.5,0.91,0.0
26.8,72.7,85.2,3001,82,1.48,1721,762,34.4,100,463,504,1720,0.42,26673.2,0.91,0.0
26.9,72.8,85.2,3001,82,1.48,1722,763,34.4,100,463,504,1726,0.42,26732.1,0.91,0.0
27.0,72.7,85.3,3001,82,1.48,1725,763,34.4,100,464,505,1735,0.42,26859.3,0.91,0.0
27.1,72.8,85.4,3001,82,1.48,1727,763,34.4,100,464,505,1742,0.42,26927.9,0.91,0.0
27.2,72.9,85.4,3001,82,1.47,1729,764,34.5,100,464,505,1749,0.42,26996.6,0.91,0.0
27.3,72.9,85.5,3001,82,1.47,1731,764,34.5,100,464,506,1757,0.42,27114.1,0.92,0.0
27.4,72.9,85.5,3001,82,1.47,1733,764,34.5,100,464,506,1764,0.42,27182.8,0.92,0.0
27.5,72.9,85.6,3001,81,1.47,1735,764,34.5,100,464,506,1772,0.42,27261.3,0.92,0.0
27.6,73.0,85.6,3001,81,1.47,1738,765,34.6,100,465,507,1779,0.42,27369.0,0.92,0.0
27.7,73.0,85.7,3001,81,1.47,1740,765,34.6,100,465,507,1787,0.42,27447.5,0.92,0.0
27.8,73.0,85.8,3001,81,1.47,1742,765,34.6,100,465,508,1793,0.42,27545.5,0.92,0.0
27.9,73.1,85.8,3001,81,1.47,1744,765,34.6,100,465,508,1801,0.42,27624.0,0.92,0.0
28.0,73.1,85.9,3001,81,1.46,1746,766,34.6,100,465,508,1808,0.42,27692.7,0.92,0.0
28.1,73.1,85.9,3001,81,1.46,1748,766,34.7,100,465,509,1816,0.42,27810.4,0.92,0.0
28.2,73.2,86.0,3001,81,1.46,1750,766,34.7,100,465,509,1824,0.42,27888.9,0.92,0.0
28.3,73.2,86.0,3001,81,1.46,1752,766,34.7,100,466,509,1831,0.42,27957.5,0.92,0.0
28.4,73.2,86.1,3001,81,1.46,1754,767,34.7,100,466,510,1837,0.42,28055.7,0.92,0.0
28.5,73.3,86.1,3001,81,1.46,1756,767,34.8,100,466,510,1845,0.42,28134.2,0.92,0.0
28.6,73.3,86.1,3001,81,1.46,1758,767,34.8,100,466,510,1853,0.42,28212.7,0.92,0.0
28.7,73.4,86.2,3001,81,1.45,1760,767,34.8,100,466,511,1860,0.42,28320.7,0.92,0.0
28.8,73.4,86.2,3001,81,1.45,1762,767,34.8,100,466,511,1866,0.43,28379.6,0.92,0.0
28.9,73.4,86.3,3001,81,1.45,1764,768,34.8,100,467,511,1874,0.43,28458.1,0.92,0.0
29.0,73.5,86.3,3001,81,1.45,1766,768,34.9,100,467,512,1882,0.43,28576.0,0.92,0.0
29.1,73.5,86.4,3001,81,1.45,1768,768,34.9,100,467,512,1891,0.43,28664.3,0.92,0.0
29.2,73.6,87.8,3001,81,1.45,1770,768,34.9,100,467,513,1897,0.43,28762.7,1.01,0.0
29.3,73.7,89.0,3001,81,1.45,1772,769,34.9,100,467,513,1905,0.43,28841.2,1.10,0.0
29.4,73.7,90.2,3001,81,1.45,1774,769,35.0,100,467,513,1912,0.43,28909.8,1.17,0.0
29.5,73.8,89.9,3001,81,1.44,1776,769,35.0,100,467,514,1920,0.43,29027.9,1.15,1.0
29.6,73.8,89.6,3001,81,1.44,1778,769,35.0,100,468,514,1926,0.43,29086.8,1.12,0.0
29.7,73.9,89.4,3001,81,1.44,1780,769,35.0,100,468,514,1934,0.43,29165.3,1.10,0.0
29.8,73.9,89.2,3001,81,1.44,1782,769,35.0,100,468,515,1942,0.43,29283.5,1.08,0.0
29.9,74.0,89.0,3001,81,1.44,1784,770,35.1,100,468,515,1949,0.43,29352.1,1.07,0.0
30.0,74.1,88.8,3001,81,1.44,1786,770,35.1,100,468,515,1957,0.43,29430.6,1.05,0.0
30.1,74.2,88.7,3001,81,1.44,1788,770,35.1,100,468,516,1965,0.43,29548.9,1.04,0.0
30.2,74.2,88.6,3001,81,1.43,1790,770,35.1,100,469,516,1971,0.43,29607.7,1.03,0.0
30.3,74.3,88.5,3001,81,1.43,1792,770,35.2,100,469,516,1979,0.43,29686.2,1.02,0.0
30.4,74.4,88.4,3001,81,1.43,1793,770,35.2,100,469,517,1986,0.43,29794.7,1.01,0.0
30.5,74.4,88.4,3001,81,1.43,1795,770,35.2,100,469,517,1994,0.43,29873.2,1.00,0.0
30.6,74.5,88.3,3001,81,1.43,1797,771,35.2,100,469,518,2002,0.43,29991.6,0.99,0.0
30.7,74.5,88.3,3001,81,1.43,1799,771,35.2,100,469,518,2008,0.43,30050.5,0.98,0.0
30.8,74.6,88.3,3001,81,1.43,1801,771,35.3,100,469,518,2016,0.43,30129.0,0.98,0.0
30.9,74.6,88.2,3001,81,1.43,1803,771,35.3,100,470,519,2025,0.43,30257.3,0.97,0.0
31.0,74.7,88.2,3001,81,1.42,1805,771,35.3,100,470,519,2033,0.43,30335.7,0.97,0.0
31.1,74.8,88.2,3001,81,1.42,1807,771,35.3,100,470,519,2039,0.43,30394.6,0.96,0.0
31.2,74.8,88.2,3001,81,1.42,1808,771,35.4,100,470,520,2045,0.43,30493.6,0.96,0.0
31.3,74.9,88.3,3001,81,1.42,1810,772,35.4,100,470,520,2053,0.43,30572.0,0.95,0.0
31.4,75.0,88.3,3001,81,1.42,1812,772,35.4,100,470,520,2063,0.43,30670.1,0.95,0.0
31.5,75.0,88.3,3001,81,1.42,1814,772,35.4,100,470,521,2069,0.43,30769.2,0.95,0.0
31.6,75.1,88.3,3001,81,1.42,1816,772,35.4,100,471,521,2077,0.43,30847.6,0.95,0.0
31.7,75.1,88.4,3001,81,1.41,1818,772,35.5,100,471,521,2084,0.43,30916.3,0.94,0.0
31.8,75.1,88.4,3001,81,1.41,1820,772,35.5,100,471,522,2092,0.44,31035.0,0.94,0.0
31.9,75.2,88.4,3001,81,1.41,1821,772,35.5,100,471,522,2099,0.44,31103.7,0.94,0.0
32.0,75.2,88.5,3001,81,1.41,1823,772,35.5,100,471,522,2106,0.44,31172.4,0.94,0.0
32.1,75.3,88.5,3001,81,1.41,1825,772,35.5,100,471,523,2114,0.44,31291.2,0.93,0.0
32.2,75.3,88.5,3001,81,1.41,1826,773,35.6,100,471,523,2120,0.44,31350.0,0.93,0.0
32.3,75.4,88.6,3001,81,1.41,1828,773,35.6,100,471,523,2128,0.44,31428.5,0.93,0.0
32.4,75.4,88.6,3001,81,1.41,1830,773,35.6,100,472,524,2136,0.44,31547.4,0.93,0.0
32.5,75.4,88.6,3001,81,1.40,1832,773,35.6,100,472,524,2146,0.44,31645.5,0.93,0.0
32.6,75.4,88.7,3001,81,1.40,1834,773,35.7,100,472,525,2152,0.44,31744.8,0.93,0.0
32.7,75.5,88.7,3001,81,1.40,1836,773,35.7,100,472,525,2160,0.44,31823.3,0.93,0.0
32.8,75.5,88.8,3001,81,1.40,1837,773,35.7,100,472,525,2168,0.44,31901.8,0.93,0.0
32.9,75.6,88.8,3001,81,1.40,1839,773,35.7,100,472,526,2175,0.44,32011.0,0.93,0.0
33.0,75.6,88.8,3001,81,1.40,1841,773,35.7,100,472,526,2183,0.44,32089.5,0.93,0.0
33.1,75.6,88.9,3001,81,1.40,1842,773,35.8,100,473,526,2190,0.44,32158.1,0.92,0.0
33.2,75.7,88.9,3001,81,1.40,1844,773,35.8,100,473,527,2198,0.44,32277.2,0.92,0.0
33.3,75.7,89.0,3001,81,1.39,1846,773,35.8,100,473,527,2205,0.44,32345.9,0.92,0.0
33.4,75.8,89.0,3001,81,1.39,1848,773,35.8,100,473,527,2213,0.44,32424.4,0.92,0.0
33.5,75.8,89.1,3001,81,1.39,1849,773,35.8,100,473,528,2221,0.44,32543.6,0.92,0.0
33.6,75.8,89.1,3001,81,1.39,1851,773,35.9,100,473,528,2228,0.44,32612.2,0.92,0.0
33.7,75.9,89.2,3001,81,1.39,1853,774,35.9,100,473,528,2237,0.44,32700.5,0.92,0.0
33.8,75.9,89.2,3001,81,1.39,1855,774,35.9,100,474,529,2245,0.44,32819.8,0.92,0.0
33.9,76.0,89.3,3001,81,1.39,1856,774,35.9,100,474,529,2251,0.44,32878.6,0.92,0.0
34.0,76.0,89.3,3001,81,1.38,1858,774,35.9,100,474,529,2259,0.44,32957.1,0.92,0.0
34.1,76.1,89.4,3001,81,1.38,1859,774,36.0,100,474,530,2266,0.44,33066.7,0.92,0.0
34.2,76.1,89.4,3001,81,1.38,1861,774,36.0,100,474,530,2273,0.44,33135.3,0.92,0.0
34.3,76.2,89.5,3001,80,1.38,1863,774,36.0,100,474,530,2281,0.44,33213.8,0.92,0.0
34.4,76.2,89.5,3001,80,1.38,1864,774,36.0,100,474,531,2289,0.44,33333.2,0.92,0.0
34.5,76.3,89.6,3001,80,1.38,1866,774,36.0,100,474,531,2297,0.44,33411.7,0.92,0.0
34.6,76.3,91.0,3001,80,1.38,1868,774,36.1,100,475,532,2305,0.44,33531.2,1.01,0.0
34.7,76.4,92.3,3001,80,1.38,1869,774,36.1,100,475,532,2313,0.44,33609.7,1.10,0.0
34.8,76.4,93.5,3001,80,1.37,1871,774,36.1,100,475,532,2320,0.45,33678.3,1.17,0.0
34.9,76.5,93.2,3001,80,1.37,1872,774,36.1,100,475,533,2327,0.45,33788.1,1.15,0.0
35.0,76.5,92.9,3001,80,1.37,1874,774,36.1,100,475,533,2335,0.45,33866.6,1.12,0.0
35.1,76.5,92.7,3001,80,1.37,1876,774,36.2,100,475,533,2343,0.45,33945.1,1.10,0.0
35.2,76.6,92.5,3001,80,1.37,1877,774,36.2,100,475,534,2351,0.45,34064.7,1.09,0.0
35.3,76.6,92.3,3001,80,1.37,1879,774,36.2,100,475,534,2359,0.45,34143.2,1.07,0.0
35.4,76.7,92.1,3001,80,1.37,1880,774,36.2,100,475,534,2367,0.45,34221.7,1.06,0.0
35.5,76.7,91.9,3001,80,1.36,1882,774,36.2,100,476,535,2374,0.45,34331.6,1.04,0.0
35.6,76.7,91.8,3001,80,1.36,1883,774,36.3,100,476,535,2382,0.45,34410.1,1.03,0.0
35.7,76.8,91.7,3001,80,1.36,1885,774,36.3,100,476,535,2390,0.45,34488.5,1.02,0.0
35.8,76.8,91.6,3001,80,1.36,1887,774,36.3,100,476,536,2398,0.45,34608.3,1.01,0.0
35.9,76.8,91.5,3001,80,1.36,1888,774,36.3,100,476,536,2404,0.45,34667.2,1.00,0.0
36.0,76.8,91.4,3001,80,1.36,1889,774,36.3,100,476,536,2412,0.45,34745.7,0.99,0.0
36.1,76.9,91.4,3001,80,1.36,1891,774,36.4,100,476,537,2420,0.45,34865.6,0.98,0.0
36.2,76.9,91.3,3001,80,1.36,1893,774,36.4,100,476,537,2430,0.45,34963.6,0.98,0.0
36.3,77.0,91.3,3001,80,1.35,1894,774,36.4,100,477,537,2436,0.45,35022.5,0.97,0.0
36.4,76.9,91.2,3001,80,1.35,1896,774,36.4,100,477,538,2444,0.45,35142.5,0.97,0.0
36.5,76.9,91.2,3001,80,1.35,1897,773,36.4,100,477,538,2452,0.45,35220.9,0.96,0.0
36.6,76.9,91.2,3001,80,1.35,1898,773,36.5,100,477,538,2459,0.45,35289.6,0.96,0.0
36.7,77.0,91.2,3001,80,1.35,1900,774,36.5,100,477,539,2467,0.45,35409.6,0.95,0.0
36.8,77.1,91.2,3001,80,1.35,1901,774,36.5,100,477,539,2475,0.45,35488.1,0.95,0.0
36.9,77.1,91.1,3001,80,1.35,1903,774,36.5,100,477,539,2483,0.45,35566.6,0.95,0.0
37.0,77.2,91.2,3001,80,1.34,1904,774,36.5,100,477,540,2491,0.45,35686.7,0.94,0.0
37.1,77.2,91.2,3001,80,1.34,1906,773,36.6,100,477,540,2499,0.45,35765.2,0.94,0.0
37.2,77.3,91.2,3001,80,1.34,1907,773,36.6,100,478,540,2507,0.45,35843.7,0.94,0.0
37.3,77.4,91.2,3001,80,1.34,1909,773,36.6,100,478,541,2513,0.45,35944.2,0.94,0.0
37.4,77.4,91.2,3001,80,1.34,1910,773,36.6,100,478,541,2521,0.45,36022.7,0.94,0.0
37.5,77.5,91.3,3001,80,1.34,1912,773,36.6,100,478,541,2529,0.45,36101.2,0.93,0.0
37.6,77.6,91.3,3001,80,1.34,1913,773,36.7,100,478,542,2537,0.45,36221.5,0.93,0.0
37.7,77.7,91.3,3001,80,1.34,1914,773,36.7,100,478,542,2546,0.45,36309.8,0.93,0.0
37.8,77.8,91.4,3001,80,1.33,1916,773,36.7,100,478,542,2552,0.45,36368.6,0.93,0.0
38.0,77.9,91.4,3001,80,1.33,1917,773,36.7,100,478,543,2560,0.46,36488.9,0.93,0.0
38.1,78.0,91.5,3001,80,1.33,1919,773,36.7,100,478,543,2568,0.46,36567.4,0.93,0.0
38.2,78.1,91.6,3001,80,1.33,1920,773,36.8,100,478,543,2578,0.46,36665.5,0.93,0.0
38.3,78.1,91.6,3001,80,1.33,1921,773,36.8,100,478,544,2585,0.46,36776.1,0.93,0.0
38.4,78.2,91.7,3001,80,1.33,1923,773,36.8,100,479,544,2591,0.46,36835.0,0.93,0.0
38.5,78.3,91.8,3001,80,1.33,1924,773,36.8,100,479,544,2601,0.46,36933.1,0.92,0.0
38.6,78.4,91.8,3001,80,1.33,1925,773,36.8,100,479,545,2607,0.46,37034.0,0.92,0.0
38.7,78.5,91.9,3001,80,1.32,1927,773,36.8,100,479,545,2616,0.46,37122.3,0.92,0.0
38.8,78.5,92.0,3001,80,1.32,1928,773,36.9,100,479,545,2624,0.46,37200.7,0.92,0.0
38.9,78.6,90.6,3001,80,1.32,1929,772,36.9,100,479,545,2630,0.46,37259.6,0.83,0.0
39.0,78.7,89.4,3001,80,1.32,1931,772,36.9,100,479,546,2638,0.46,37380.2,0.75,0.0
39.1,78.7,88.4,3001,80,1.32,1932,772,36.9,100,479,546,2648,0.46,37478.3,0.67,0.0
39.2,78.8,88.8,3001,80,1.32,1933,772,36.9,100,479,546,2655,0.46,37546.9,0.70,0.0
39.3,78.9,89.2,3001,80,1.32,1935,772,37.0,100,479,547,2663,0.46,37667.6,0.72,0.0
39.4,78.9,89.6,3001,80,1.31,1936,772,37.0,100,479,547,2671,0.46,37746.1,0.74,0.0
39.5,78.9,90.0,3001,80,1.31,1937,772,37.0,100,479,547,2680,0.46,37834.4,0.76,0.0
39.6,79.0,90.3,3001,80,1.31,1939,772,37.0,100,479,548,2688,0.46,37955.1,0.77,0.0
39.7,79.0,90.6,3001,80,1.31,1940,772,37.0,100,480,548,2696,0.46,38033.6,0.79,0.0
39.8,79.0,90.8,3001,80,1.31,1941,772,37.0,100,480,548,2703,0.46,38102.2,0.80,0.0
39.9,79.0,91.1,3001,80,1.31,1943,772,37.1,100,480,549,2711,0.46,38223.0,0.81,0.0
40.0,79.0,91.3,3001,80,1.31,1944,772,37.1,100,480,549,2721,0.46,38321.1,0.82,0.0
40.1,79.0,91.5,3001,80,1.31,1945,772,37.1,100,480,549,2727,0.46,38380.0,0.83,0.0
40.2,79.0,91.7,3001,80,1.30,1946,771,37.1,100,480,549,2735,0.46,38458.5,0.84,0.0
40.3,79.1,91.8,3001,80,1.30,1947,771,37.1,100,480,550,2742,0.46,38569.5,0.85,0.0
40.4,79.1,92.0,3001,80,1.30,1949,771,37.1,100,480,550,2750,0.46,38648.0,0.86,0.0
40.5,79.1,92.1,3001,80,1.30,1950,771,37.2,100,480,550,2759,0.46,38736.3,0.86,0.0
40.6,79.1,92.3,3001,79,1.30,1951,771,37.2,100,480,551,2767,0.46,38857.3,0.87,0.0
40.7,79.1,92.4,3001,79,1.30,1953,771,37.2,100,480,551,2775,0.46,38935.8,0.87,0.0
40.8,79.1,92.5,3001,79,1.30,1954,771,37.2,100,480,551,2783,0.46,39014.2,0.88,0.0
40.9,79.2,92.6,3001,79,1.30,1955,771,37.2,100,480,552,2790,0.46,39125.5,0.88,0.0
41.0,79.2,92.7,3001,79,1.29,1956,771,37.2,100,480,552,2798,0.46,39203.9,0.89,0.0
41.1,79.2,92.8,3001,79,1.29,1957,771,37.3,100,480,552,2806,0.46,39282.4,0.89,0.0
41.2,79.2,92.9,3001,79,1.29,1959,770,37.3,100,481,552,2815,0.46,39370.7,0.89,0.0
41.3,79.3,93.0,3001,79,1.29,1960,770,37.3,100,481,553,2823,0.47,39491.8,0.90,0.0
41.4,79.3,93.0,3001,79,1.29,1961,770,37.3,100,481,553,2829,0.47,39550.7,0.90,0.0
41.5,79.4,93.1,3001,79,1.29,1962,770,37.3,100,481,553,2838,0.47,39639.0,0.90,0.0
41.6,79.4,93.2,3001,79,1.29,1963,770,37.4,100,481,554,2848,0.47,39779.8,0.90,0.0
41.7,79.5,93.2,3001,79,1.28,1964,770,37.4,100,481,554,2854,0.47,39838.6,0.90,0.0
41.8,79.5,93.3,3001,79,1.28,1965,770,37.4,100,481,554,2861,0.47,39907.3,0.91,0.0
41.9,79.6,91.9,3001,79,1.28,1966,770,37.4,100,481,554,2869,0.47,39985.8,0.81,0.0
42.0,79.7,90.7,3001,79,1.28,1968,770,37.4,100,481,555,2879,0.47,40126.7,0.73,0.0
42.1,79.7,89.6,3001,79,1.28,1969,770,37.4,100,481,555,2887,0.47,40205.2,0.66,0.0
42.2,79.7,90.0,3001,79,1.28,1970,770,37.5,100,481,555,2894,0.47,40273.8,0.69,0.0
42.3,79.8,90.5,3001,79,1.28,1971,770,37.5,100,481,556,2902,0.47,40395.2,0.71,0.0
42.4,79.9,90.8,3001,79,1.28,1972,769,37.5,100,481,556,2911,0.47,40483.5,0.73,0.0
42.5,80.0,91.2,3001,79,1.27,1973,769,37.5,100,481,556,2919,0.47,40561.9,0.75,0.5
42.6,80.1,91.5,3001,79,1.27,1974,769,37.5,100,481,557,2927,0.47,40683.4,0.77,0.0
42.7,80.1,91.8,3001,79,1.27,1975,769,37.5,100,481,557,2934,0.47,40752.0,0.78,0.0
42.8,80.2,92.1,3001,79,1.27,1976,768,37.5,100,481,557,2942,0.47,40830.5,0.80,0.0
42.9,80.3,92.4,3001,79,1.27,1978,768,37.6,100,481,557,2951,0.47,40918.8,0.81,0.0
43.0,80.3,92.6,3001,79,1.27,1979,768,37.6,100,481,558,2959,0.47,41040.3,0.82,0.0
43.1,80.4,92.9,3001,79,1.27,1980,768,37.6,100,482,558,2968,0.47,41128.6,0.83,0.0
43.2,80.4,93.1,3001,79,1.27,1981,768,37.6,100,482,558,2974,0.47,41187.4,0.84,0.0
43.3,80.5,93.2,3001,79,1.26,1982,768,37.6,100,482,558,2983,0.47,41275.7,0.85,0.0
43.4,80.5,93.4,3001,79,1.26,1983,768,37.6,100,482,559,2991,0.47,41397.3,0.85,0.0
43.5,80.6,93.6,3001,79,1.26,1984,768,37.7,100,482,559,2999,0.47,41475.8,0.86,0.0
43.6,80.6,93.7,3001,79,1.26,1985,768,37.7,100,482,559,3008,0.47,41564.1,0.87,0.0
43.7,80.7,92.4,3001,79,1.26,1986,767,37.7,100,482,559,3014,0.47,41622.9,0.78,0.0
43.8,80.7,91.3,3001,79,1.26,1987,767,37.7,100,482,560,3025,0.47,41774.0,0.70,0.0
43.9,80.8,90.2,3001,79,1.26,1988,767,37.7,100,482,560,3031,0.47,41832.9,0.63,0.0
44.0,80.9,90.7,3001,79,1.25,1989,767,37.7,100,482,560,3041,0.47,41931.0,0.66,0.0
44.1,80.9,91.2,3001,79,1.25,1990,767,37.8,100,482,561,3048,0.47,42042.9,0.69,0.0
44.2,81.0,91.7,3001,79,1.25,1991,767,37.8,100,482,561,3055,0.47,42111.6,0.71,0.0
44.3,81.0,92.1,3001,79,1.25,1992,767,37.8,100,482,561,3065,0.47,42209.7,0.73,0.0
44.4,81.1,92.4,3001,79,1.25,1993,767,37.8,100,482,561,3072,0.47,42278.3,0.75,0.0
44.5,81.1,92.7,3001,79,1.25,1994,766,37.8,100,482,562,3080,0.47,42400.1,0.77,0.0
44.6,81.2,93.0,3001,79,1.25,1995,766,37.8,100,482,562,3087,0.47,42468.8,0.78,0.0
44.7,81.3,93.3,3001,79,1.25,1996,766,37.8,100,482,562,3097,0.47,42566.9,0.80,0.0
44.8,81.3,93.5,3001,79,1.24,1997,766,37.9,100,482,562,3106,0.47,42655.2,0.81,0.0
44.9,81.4,93.8,3001,79,1.24,1998,766,37.9,100,482,563,3114,0.48,42777.1,0.82,0.0
45.0,81.4,94.0,3001,79,1.24,1999,766,37.9,100,482,563,3121,0.48,42845.8,0.83,0.0
45.1,81.4,94.2,3001,79,1.24,1999,766,37.9,100,482,563,3129,0.48,42924.2,0.84,0.0
45.2,81.5,93.0,3001,79,1.24,2000,765,37.9,100,482,563,3138,0.48,43012.5,0.76,0.0
45.3,81.5,91.8,3001,79,1.24,2001,765,37.9,100,482,564,3146,0.48,43134.5,0.68,0.0
45.4,81.5,90.8,3001,79,1.24,2002,765,37.9,100,482,564,3155,0.48,43222.8,0.61,0.0
45.5,81.5,91.3,3001,79,1.24,2003,765,38.0,100,482,564,3162,0.48,43291.4,0.64,0.0
45.6,81.6,91.8,3001,79,1.23,2004,765,38.0,100,482,564,3170,0.48,43369.9,0.67,0.0
45.7,81.6,92.2,3001,79,1.23,2005,765,38.0,100,482,565,3179,0.48,43501.8,0.69,0.0
45.8,81.6,92.6,3001,79,1.23,2006,765,38.0,100,482,565,3189,0.48,43599.9,0.72,0.0
45.9,81.6,93.0,3001,79,1.23,2007,764,38.0,100,482,565,3196,0.48,43668.5,0.74,0.0
46.0,81.6,93.3,3001,79,1.23,2008,764,38.0,100,482,565,3204,0.48,43747.0,0.76,0.0
46.1,81.6,93.6,3001,79,1.23,2008,764,38.0,100,482,566,3211,0.48,43859.3,0.77,0.0
46.2,81.6,93.9,3001,79,1.23,2009,764,38.1,100,482,566,3219,0.48,43937.8,0.79,0.0
46.3,81.6,94.2,3001,79,1.22,2010,764,38.1,100,482,566,3230,0.48,44045.7,0.80,0.0
46.4,81.6,92.9,3001,79,1.22,2011,763,38.1,100,482,566,3236,0.48,44104.6,0.72,0.0
46.5,81.6,91.8,3001,79,1.22,2012,763,38.1,100,482,567,3245,0.48,44236.6,0.65,0.0
46.6,81.6,90.7,3001,79,1.22,2013,763,38.1,100,482,567,3252,0.48,44305.2,0.58,0.0
46.7,81.6,91.3,3001,79,1.22,2014,763,38.1,100,482,567,3262,0.48,44403.3,0.62,0.0
46.8,81.6,91.8,3001,78,1.22,2014,763,38.1,100,482,567,3270,0.48,44481.8,0.65,0.0
46.9,81.6,92.3,3001,78,1.22,2015,762,38.2,100,482,568,3277,0.48,44594.3,0.67,0.0
47.0,81.6,92.7,3001,78,1.22,2016,762,38.2,100,482,568,3284,0.48,44663.0,0.70,0.0
47.1,81.6,93.1,3001,78,1.21,2017,762,38.2,100,482,568,3294,0.48,44761.1,0.72,0.0
47.2,81.6,93.4,3001,78,1.21,2018,762,38.2,100,482,568,3303,0.48,44849.3,0.74,0.0
47.3,81.6,93.7,3001,78,1.21,2018,762,38.2,100,482,569,3311,0.48,44971.7,0.76,0.0
47.4,81.6,94.0,3001,78,1.21,2019,761,38.2,100,482,569,3318,0.48,45040.4,0.77,0.0
47.5,81.6,94.2,3001,78,1.21,2020,761,38.2,100,482,569,3327,0.48,45128.7,0.79,0.0
47.6,81.6,93.0,3001,78,1.21,2021,761,38.3,100,482,569,3335,0.48,45207.1,0.71,0.0
47.7,81.7,91.8,3001,78,1.21,2021,761,38.3,100,482,570,3344,0.48,45339.4,0.64,0.0
47.8,81.7,90.8,3001,78,1.21,2022,761,38.3,100,482,570,3352,0.48,45417.8,0.58,0.0
47.9,81.7,91.4,3001,78,1.20,2023,760,38.3,100,482,570,3359,0.48,45486.5,0.61,0.0
48.0,81.7,91.9,3001,78,1.20,2023,760,38.3,100,482,570,3367,0.48,45565.0,0.64,0.0
48.1,81.8,92.4,3001,78,1.20,2024,760,38.3,100,482,571,3378,0.48,45716.9,0.67,0.0
48.2,81.8,92.8,3001,78,1.20,2025,760,38.3,100,482,571,3386,0.48,45795.4,0.70,0.0
48.3,81.8,93.2,3001,78,1.20,2026,759,38.4,100,482,571,3393,0.48,45864.1,0.72,0.0
48.4,81.9,93.5,3001,78,1.20,2026,759,38.4,100,482,571,3401,0.48,45942.6,0.74,0.0
48.5,81.9,93.9,3001,78,1.20,2027,759,38.4,100,482,572,3408,0.48,46055.3,0.75,0.0
48.6,82.0,94.1,3001,78,1.20,2028,759,38.4,100,482,572,3417,0.48,46143.6,0.77,0.0
48.7,82.0,94.4,3001,78,1.19,2029,759,38.4,100,482,572,3427,0.48,46241.7,0.79,0.0
48.8,82.1,93.2,3001,78,1.19,2029,758,38.4,100,482,572,3434,0.49,46310.4,0.71,0.0
48.9,82.1,92.1,3001,78,1.19,2030,758,38.4,100,482,573,3442,0.49,46433.0,0.64,0.0
49.0,82.2,91.1,3001,78,1.19,2031,758,38.5,100,482,573,3451,0.49,46521.3,0.57,0.0
49.1,82.2,91.7,3001,78,1.19,2031,758,38.5,100,482,573,3458,0.49,46590.0,0.61,0.0
49.2,82.3,92.2,3001,78,1.19,2032,758,38.5,100,482,573,3468,0.49,46688.1,0.64,0.0
49.3,82.4,92.7,3001,78,1.19,2032,757,38.5,100,482,573,3475,0.49,46756.8,0.67,0.0
49.4,82.4,93.2,3001,78,1.19,2033,757,38.5,100,482,574,3484,0.49,46889.3,0.69,0.0
49.5,82.5,93.6,3001,78,1.18,2034,757,38.5,100,482,574,3492,0.49,46967.8,0.72,0.0
49.6,82.5,94.0,3001,78,1.18,2034,757,38.5,100,482,574,3501,0.49,47056.1,0.74,0.0
49.7,82.6,92.9,3001,78,1.18,2035,756,38.5,100,482,574,3509,0.49,47134.6,0.66,0.0
49.8,82.6,91.8,3001,78,1.18,2036,756,38.6,100,482,575,3516,0.49,47247.6,0.60,0.0
49.9,82.7,90.9,3001,78,1.18,2036,756,38.6,100,482,575,3525,0.49,47335.8,0.54,0.0
50.0,82.7,91.6,3001,78,1.18,2037,756,38.6,100,482,575,3533,0.49,47414.3,0.58,0.0
50.1,82.8,92.2,3001,78,1.18,2038,756,38.6,100,482,575,3542,0.49,47502.6,0.61,0.0
50.2,82.8,92.8,3001,78,1.18,2038,755,38.6,100,482,575,3551,0.49,47590.9,0.64,0.0
50.3,82.8,93.2,3001,78,1.17,2039,755,38.6,100,482,576,3558,0.49,47704.0,0.67,0.0
50.4,82.9,93.7,3001,78,1.17,2039,755,38.6,100,482,576,3566,0.49,47782.5,0.69,0.0
50.5,82.9,94.1,3001,78,1.17,2040,755,38.6,100,482,576,3575,0.49,47870.8,0.71,0.0
50.6,82.9,92.9,3001,78,1.17,2040,754,38.7,100,482,576,3583,0.49,47949.2,0.64,0.0
50.7,82.9,91.9,3001,78,1.17,2041,754,38.7,100,482,576,3592,0.49,48037.5,0.58,0.0
50.8,82.9,91.0,3001,78,1.17,2042,754,38.7,100,482,577,3601,0.49,48170.3,0.52,0.0
50.9,82.9,91.7,3001,78,1.17,2042,754,38.7,100,482,577,3609,0.49,48248.8,0.56,0.0
51.0,83.0,92.4,3001,78,1.17,2043,754,38.7,100,482,577,3616,0.49,48317.4,0.60,0.0
51.1,83.0,92.9,3001,78,1.16,2043,753,38.7,100,482,577,3627,0.49,48425.4,0.63,0.0
51.2,83.1,93.4,3001,78,1.16,2044,753,38.7,100,482,578,3634,0.49,48538.6,0.66,0.0
51.3,83.1,93.9,3001,78,1.16,2044,753,38.7,100,482,578,3642,0.49,48617.1,0.68,0.0
51.4,83.1,94.3,3001,78,1.16,2045,752,38.8,100,481,578,3649,0.49,48685.7,0.71,0.0
51.5,83.1,93.2,3001,78,1.16,2045,752,38.8,100,481,578,3660,0.49,48793.6,0.64,0.0
51.6,83.1,92.2,3001,78,1.16,2046,752,38.8,100,481,578,3667,0.49,48862.3,0.57,0.0
51.7,83.2,91.3,3001,78,1.16,2046,752,38.8,100,481,579,3675,0.49,48985.4,0.52,0.0
51.8,83.2,92.0,3001,78,1.16,2047,752,38.8,100,481,579,3682,0.49,49054.1,0.56,0.0
51.9,83.2,92.6,3001,78,1.15,2047,751,38.8,100,481,579,3692,0.49,49152.2,0.59,0.0
52.0,83.2,93.2,3001,78,1.15,2048,751,38.8,100,481,579,3701,0.49,49240.5,0.63,0.0
52.1,83.3,92.2,3001,78,1.15,2048,751,38.8,100,481,579,3710,0.49,49328.8,0.56,0.0
52.2,83.3,91.3,3001,78,1.15,2049,751,38.9,100,481,580,3717,0.49,49442.2,0.51,0.0
52.3,83.3,90.5,3001,78,1.15,2049,750,38.9,100,481,580,3725,0.49,49520.6,0.46,0.0
52.4,83.3,91.3,3001,78,1.15,2050,750,38.9,100,481,580,3734,0.49,49608.9,0.50,0.0
52.5,83.3,92.0,3001,78,1.15,2050,750,38.9,100,481,580,3743,0.49,49697.2,0.54,0.0
52.6,83.3,92.6,3001,77,1.15,2051,749,38.9,100,481,580,3751,0.49,49775.7,0.58,0.0
52.7,83.3,93.2,3001,77,1.14,2051,749,38.9,100,481,581,3760,0.49,49908.8,0.62,0.0
52.8,83.4,93.7,3001,77,1.14,2051,749,38.9,100,481,581,3767,0.49,49977.5,0.65,0.0
52.9,83.4,94.2,3001,77,1.14,2052,749,38.9,100,481,581,3778,0.49,50085.4,0.67,0.0
53.0,83.5,93.1,3001,77,1.14,2052,749,39.0,100,481,581,3784,0.49,50144.2,0.61,0.0
53.1,83.5,92.2,3001,77,1.14,2053,748,39.0,100,481,581,3793,0.49,50232.5,0.55,0.0
53.2,83.5,91.3,3001,77,1.14,2053,748,39.0,100,481,582,3800,0.50,50346.1,0.49,0.0
53.3,83.6,92.1,3001,77,1.14,2054,748,39.0,100,481,582,3811,0.50,50454.0,0.53,0.0
53.4,83.6,92.7,3001,77,1.14,2054,747,39.0,100,481,582,3819,0.50,50532.4,0.57,0.0
53.5,83.6,93.3,3001,77,1.13,2054,747,39.0,100,481,582,3826,0.50,50601.1,0.61,0.0
53.6,83.6,92.4,3001,77,1.13,2055,747,39.0,100,480,582,3833,0.50,50669.8,0.55,0.0
53.7,83.7,91.5,3001,77,1.13,2055,747,39.0,100,480,582,3842,0.50,50758.1,0.49,0.0
53.8,83.7,90.7,3001,77,1.13,2055,746,39.0,100,480,583,3852,0.50,50901.1,0.44,0.0
53.9,83.7,91.5,3001,77,1.13,2056,746,39.1,100,480,583,3861,0.50,50989.4,0.49,0.0
54.0,83.7,92.3,3001,77,1.13,2056,746,39.1,100,480,583,3868,0.50,51058.1,0.53,0.0
54.1,83.8,92.9,3001,77,1.13,2057,746,39.1,100,480,583,3877,0.50,51146.4,0.57,0.0
54.2,83.8,92.0,3001,77,1.13,2057,745,39.1,100,480,583,3884,0.50,51215.0,0.52,0.0
54.3,83.8,91.2,3001,77,1.12,2057,745,39.1,100,480,584,3894,0.50,51358.2,0.46,0.0
54.4,83.8,90.5,3001,77,1.12,2058,745,39.1,100,480,584,3903,0.50,51446.5,0.42,0.0
54.6,83.8,91.3,3001,77,1.12,2058,745,39.1,100,480,584,3910,0.50,51515.1,0.47,0.0
54.7,83.9,92.1,3001,77,1.12,2058,744,39.1,100,480,584,3919,0.50,51603.4,0.51,0.0
54.8,83.9,92.8,3001,77,1.12,2059,744,39.1,100,480,584,3927,0.50,51681.9,0.55,0.0
54.9,83.9,93.4,3001,77,1.12,2059,744,39.2,100,480,585,3936,0.50,51815.3,0.59,0.0
55.0,84.0,94.0,3001,77,1.12,2059,744,39.2,100,480,585,3945,0.50,51903.6,0.62,0.0
55.1,84.0,94.5,3001,77,1.12,2059,743,39.2,100,480,585,3952,0.50,51972.3,0.65,0.0
55.2,84.1,93.5,3001,77,1.11,2060,743,39.2,100,480,585,3961,0.50,52060.5,0.59,0.0
55.3,84.1,92.5,3001,77,1.11,2060,743,39.2,100,479,585,3969,0.50,52139.0,0.53,0.0
55.4,84.2,91.7,3001,77,1.11,2060,742,39.2,100,479,585,3978,0.50,52227.3,0.48,0.0
55.5,84.2,92.5,3001,77,1.11,2061,742,39.2,100,479,586,3987,0.50,52360.8,0.52,0.0
55.6,84.3,93.2,3001,77,1.11,2061,742,39.2,100,479,586,3994,0.50,52429.4,0.56,0.0
55.7,84.3,93.8,3001,77,1.11,2061,742,39.2,100,479,586,4005,0.50,52537.4,0.60,0.0
55.8,84.4,92.8,3001,77,1.11,2062,741,39.3,100,479,586,4013,0.50,52615.8,0.54,0.0
55.9,84.4,92.0,3001,77,1.11,2062,741,39.3,100,479,586,4020,0.50,52684.5,0.48,0.0
56.0,84.5,91.2,3001,77,1.10,2062,741,39.3,100,479,586,4029,0.50,52772.8,0.43,0.0
56.1,84.5,92.1,3001,77,1.10,2062,741,39.3,100,479,587,4038,0.50,52906.3,0.48,0.0
56.2,84.6,92.9,3001,77,1.10,2062,740,39.3,100,479,587,4045,0.50,52975.0,0.53,0.0
56.3,84.6,93.6,3001,77,1.10,2063,740,39.3,100,479,587,4054,0.50,53063.3,0.57,0.0
56.4,84.7,92.7,3001,77,1.10,2063,740,39.3,100,479,587,4063,0.50,53151.6,0.51,0.0
56.5,84.8,91.9,3001,77,1.10,2063,740,39.3,100,479,587,4071,0.50,53230.1,0.46,0.0
56.6,84.8,91.2,3001,77,1.10,2063,739,39.3,100,479,587,4080,0.50,53318.4,0.41,0.0
56.7,84.9,92.1,3001,77,1.10,2064,739,39.3,100,478,588,4087,0.50,53432.4,0.46,0.0
56.8,85.0,92.9,3001,77,1.09,2064,739,39.4,100,478,588,4098,0.50,53540.3,0.51,0.0
56.9,85.0,93.6,3001,77,1.09,2064,738,39.4,100,478,588,4107,0.50,53628.6,0.55,0.0
57.0,85.0,92.7,3001,77,1.09,2064,738,39.4,100,478,588,4114,0.50,53697.2,0.49,0.0
57.1,85.1,92.0,3001,77,1.09,2064,738,39.4,100,478,588,4123,0.50,53785.5,0.44,0.0
57.2,85.1,91.3,3001,77,1.09,2065,738,39.4,100,478,588,4132,0.50,53873.8,0.40,0.0
57.3,85.1,92.2,3001,77,1.09,2065,737,39.4,100,478,589,4141,0.50,54007.5,0.45,0.0
57.4,85.2,93.0,3001,77,1.09,2065,737,39.4,100,478,589,4149,0.50,54086.0,0.50,0.0
57.5,85.1,93.8,3001,77,1.09,2065,737,39.4,100,478,589,4156,0.50,54154.7,0.54,0.0
57.6,85.2,92.9,3001,77,1.09,2065,737,39.4,100,478,589,4167,0.50,54262.6,0.49,0.0
57.7,85.2,92.1,3001,77,1.08,2065,736,39.4,100,477,589,4174,0.50,54331.2,0.44,0.0
57.8,85.2,91.4,3001,77,1.08,2066,736,39.4,100,477,589,4183,0.50,54419.5,0.39,0.0
57.9,85.2,90.8,3001,77,1.08,2066,736,39.5,100,477,589,4192,0.50,54507.8,0.35,0.0
58.0,85.2,90.2,3001,77,1.08,2066,736,39.5,100,477,590,4199,0.50,54622.0,0.32,0.0
58.1,85.2,89.7,3001,77,1.08,2066,735,39.5,100,477,590,4208,0.50,54710.3,0.29,0.0
58.2,85.2,90.8,3001,77,1.08,2066,735,39.5,100,477,590,4217,0.50,54798.6,0.35,0.0
58.3,85.2,91.8,3001,77,1.08,2066,735,39.5,100,477,590,4227,0.51,54896.7,0.41,0.0
58.4,85.2,92.7,3001,77,1.08,2066,734,39.5,100,477,590,4235,0.51,54975.1,0.46,0.0
58.5,85.2,91.9,3001,77,1.07,2067,734,39.5,100,477,590,4242,0.51,55043.8,0.41,0.0
58.6,85.2,91.3,3001,77,1.07,2067,734,39.5,100,477,590,4252,0.51,55141.9,0.37,0.0
58.7,85.2,90.7,3001,77,1.07,2067,734,39.5,100,477,591,4261,0.51,55275.8,0.33,0.0
58.8,85.3,91.7,3001,77,1.07,2067,733,39.5,100,476,591,4270,0.51,55364.1,0.39,0.0
58.9,85.3,92.6,3001,77,1.07,2067,733,39.6,100,476,591,4277,0.51,55432.7,0.45,0.0
59.0,85.3,93.4,3001,77,1.07,2067,733,39.6,100,476,591,4284,0.51,55501.4,0.49,0.0
59.1,85.3,92.6,3001,77,1.07,2067,732,39.6,100,476,591,4293,0.51,55589.7,0.44,0.0
59.2,85.3,91.8,3001,77,1.07,2067,732,39.6,100,476,591,4302,0.51,55678.0,0.40,0.0
59.3,85.4,91.2,3001,76,1.06,2067,732,39.6,100,476,591,4311,0.51,55766.3,0.36,0.0
59.4,85.4,92.2,3001,76,1.06,2067,732,39.6,100,476,592,4320,0.51,55900.2,0.42,0.0
59.5,85.4,93.0,3001,76,1.06,2067,731,39.6,100,476,592,4329,0.51,55988.5,0.47,0.0
59.6,85.5,93.8,3001,76,1.06,2067,731,39.6,100,476,592,4338,0.51,56076.8,0.51,0.0
59.7,85.5,93.0,3001,76,1.06,2067,731,39.6,100,475,592,4347,0.51,56165.1,0.46,0.0
59.8,85.6,92.3,3001,76,1.06,2068,730,39.6,100,475,592,4355,0.51,56243.5,0.42,0.0
59.9,85.6,91.6,3001,76,1.06,2068,730,39.6,100,475,592,4363,0.51,56322.0,0.37,0.0
60.0,85.6,91.0,3001,76,1.06,2068,730,39.6,100,475,592,4372,0.51,56410.3,0.34,0.0
60.1,85.7,90.4,3001,76,1.06,2068,730,39.7,100,475,593,4380,0.51,56534.5,0.30,0.0
60.2,85.7,90.0,3000,76,1.05,2068,729,39.7,100,475,593,4389,0.51,56622.8,0.27,0.0
60.3,85.8,91.1,3000,76,1.05,2068,729,39.7,100,475,593,4398,0.51,56711.1,0.34,0.0
60.4,85.8,92.1,3000,76,1.05,2068,729,39.7,100,475,593,4405,0.51,56779.8,0.40,0.0
60.5,85.8,93.0,3000,76,1.05,2068,728,39.7,100,475,593,4414,0.51,56868.0,0.45,0.0
60.6,85.8,92.3,3000,76,1.05,2068,728,39.7,100,475,593,4423,0.51,56956.3,0.40,0.0
60.7,85.8,91.7,3000,76,1.05,2068,728,39.7,100,474,593,4432,0.51,57044.6,0.36,0.0
60.8,85.9,91.1,3000,76,1.05,2068,728,39.7,100,474,594,4441,0.51,57178.7,0.33,0.0
60.9,85.8,92.1,3000,76,1.05,2068,727,39.7,100,474,594,4450,0.51,57267.0,0.39,0.0
61.0,85.9,93.0,3000,76,1.04,2068,727,39.7,100,474,594,4457,0.51,57335.7,0.44,0.0
61.1,85.9,93.8,3000,76,1.04,2068,727,39.7,100,474,594,4466,0.51,57424.0,0.49,0.0
61.2,85.9,93.0,3000,76,1.04,2068,726,39.8,100,474,594,4477,0.51,57531.9,0.44,0.0
61.3,85.9,92.3,3000,76,1.04,2068,726,39.8,100,474,594,4484,0.51,57600.5,0.39,0.0
61.4,85.9,91.7,3000,76,1.04,2067,726,39.8,100,474,594,4493,0.51,57688.8,0.36,0.0
61.5,85.8,91.1,3000,76,1.04,2067,725,39.8,100,473,594,4502,0.51,57777.1,0.32,0.0
61.6,85.8,90.6,3000,76,1.04,2067,725,39.8,100,473,595,4509,0.51,57891.7,0.29,0.0
61.7,85.8,90.1,3000,76,1.04,2067,725,39.8,100,473,595,4518,0.51,57980.0,0.26,0.0
61.8,85.8,91.2,3000,76,1.04,2067,725,39.8,100,473,595,4527,0.51,58068.2,0.33,0.0
61.9,85.8,92.2,3000,76,1.03,2067,724,39.8,100,473,595,4536,0.51,58156.5,0.38,0.0
62.0,85.8,93.1,3000,76,1.03,2067,724,39.8,100,473,595,4545,0.51,58244.8,0.44,0.0
62.1,85.8,92.4,3000,76,1.03,2067,724,39.8,100,473,595,4554,0.51,58333.1,0.39,0.0
62.2,85.8,91.7,3000,76,1.03,2067,723,39.8,100,473,595,4563,0.51,58421.4,0.35,0.0
62.3,85.8,91.2,3000,76,1.03,2067,723,39.8,100,473,595,4570,0.51,58490.1,0.32,0.0
62.4,85.8,92.2,3000,76,1.03,2067,723,39.8,100,472,596,4579,0.51,58624.3,0.38,0.0
62.5,85.8,93.1,3000,76,1.03,2067,723,39.9,100,472,596,4588,0.51,58712.6,0.43,0.0
62.6,85.8,93.9,3000,76,1.03,2067,722,39.9,100,472,596,4597,0.51,58800.9,0.48,0.0
62.7,85.8,93.1,3000,76,1.02,2066,722,39.9,100,472,596,4604,0.51,58869.6,0.43,0.0
62.8,85.9,92.4,3000,76,1.02,2066,722,39.9,100,472,596,4613,0.51,58957.9,0.39,0.0
62.9,85.9,91.7,3000,76,1.02,2066,721,39.9,100,472,596,4622,0.51,59046.1,0.35,0.0
63.0,85.9,91.1,3000,76,1.02,2066,721,39.9,100,472,596,4631,0.51,59134.4,0.32,0.0
63.1,85.9,90.6,3000,76,1.02,2066,721,39.9,100,472,596,4640,0.51,59222.7,0.29,0.0
63.2,86.0,90.1,3000,76,1.02,2066,720,39.9,100,471,597,4647,0.51,59337.4,0.26,0.0
63.3,86.0,91.3,3000,76,1.02,2066,720,39.9,100,471,597,4658,0.51,59445.3,0.32,0.0
63.4,86.1,92.3,3000,76,1.02,2066,720,39.9,100,471,597,4665,0.51,59514.0,0.38,0.0
63.5,86.1,93.2,3000,76,1.02,2065,719,39.9,100,471,597,4674,0.51,59602.3,0.44,0.0
63.6,86.1,92.5,3000,76,1.01,2065,719,39.9,100,471,597,4683,0.51,59690.6,0.39,0.0
63.7,86.1,91.9,3000,76,1.01,2065,719,40.0,100,471,597,4692,0.51,59778.9,0.35,0.0
63.8,86.1,91.3,3000,76,1.01,2065,719,40.0,100,471,597,4699,0.51,59847.5,0.32,0.0
63.9,86.2,90.8,3000,76,1.01,2065,718,40.0,100,471,597,4710,0.51,59955.4,0.29,0.0
64.0,86.2,90.3,3000,76,1.01,2065,718,40.0,100,470,597,4719,0.51,60043.7,0.26,0.0
64.1,86.2,89.9,3000,76,1.01,2064,718,40.0,100,470,598,4726,0.51,60158.5,0.23,0.0
64.2,86.2,91.1,3000,76,1.01,2064,717,40.0,100,470,598,4735,0.51,60246.8,0.30,0.0
64.3,86.2,92.2,3000,76,1.01,2064,717,40.0,100,470,598,4742,0.52,60315.5,0.36,0.0
64.4,86.2,93.1,3000,76,1.00,2064,717,40.0,100,470,598,4753,0.52,60423.4,0.42,0.0
64.5,86.2,92.4,3000,76,1.00,2064,716,40.0,100,470,598,4760,0.52,60492.1,0.38,0.0
64.6,86.2,91.8,3000,76,1.00,2063,716,40.0,100,470,598,4769,0.52,60580.3,0.34,0.0
64.7,86.2,91.2,3000,76,1.00,2063,716,40.0,100,470,598,4778,0.52,60668.6,0.30,0.0
64.8,86.2,90.7,3000,76,1.00,2063,715,40.0,100,469,598,4787,0.52,60756.9,0.27,0.0
64.9,86.1,90.3,3000,76,1.00,2063,715,40.0,100,469,598,4796,0.52,60845.2,0.25,0.0
65.0,86.1,89.9,3000,76,1.00,2063,715,40.1,100,469,599,4805,0.52,60979.7,0.22,0.0
65.1,86.1,91.0,3000,76,1.00,2062,714,40.1,100,469,599,4812,0.52,61048.4,0.29,0.0
65.2,86.1,92.1,3000,76,1.00,2062,714,40.1,100,469,599,4821,0.52,61136.6,0.35,0.0
65.3,86.1,93.1,3000,76,0.99,2062,714,40.1,100,469,599,4830,0.52,61224.9,0.41,0.0
65.4,86.1,92.4,3000,76,0.99,2062,713,40.1,100,469,599,4839,0.52,61313.2,0.37,0.0
65.5,86.1,91.7,3000,76,0.99,2061,713,40.1,100,468,599,4848,0.52,61401.5,0.33,0.0
65.6,86.1,91.2,3000,76,0.99,2061,713,40.1,100,468,599,4855,0.52,61470.2,0.30,0.0
65.7,86.0,90.7,3000,76,0.99,2061,712,40.1,100,468,599,4866,0.52,61578.1,0.27,0.0
65.8,86.0,90.2,3000,76,0.99,2061,712,40.1,100,468,599,4875,0.52,61666.4,0.24,0.0
65.9,86.0,89.8,3000,76,0.99,2060,712,40.1,100,468,600,4884,0.52,61800.9,0.22,0.0
66.0,86.0,91.0,3000,76,0.99,2060,712,40.1,100,468,600,4891,0.52,61869.6,0.29,0.0
66.1,86.0,92.0,3000,76,0.99,2060,711,40.1,100,468,600,4898,0.52,61938.3,0.35,0.0
66.2,86.0,93.0,3000,76,0.98,2060,711,40.1,100,468,600,4907,0.52,62026.6,0.41,0.0
66.3,86.0,92.3,3000,76,0.98,2059,711,40.1,100,467,600,4918,0.52,62134.5,0.37,0.0
66.4,86.1,91.7,3000,76,0.98,2059,710,40.2,100,467,600,4927,0.52,62222.8,0.33,0.0
66.5,86.1,91.1,3000,76,0.98,2059,710,40.2,100,467,600,4934,0.52,62291.4,0.30,0.0
66.6,86.1,90.6,3000,76,0.98,2058,710,40.2,100,467,600,4943,0.52,62379.7,0.27,0.0
66.7,86.1,90.2,3000,76,0.98,2058,709,40.2,100,467,600,4950,0.52,62448.4,0.24,0.0
66.8,86.2,89.8,3000,76,0.98,2058,709,40.2,100,467,601,4959,0.52,62583.0,0.22,0.0
66.9,86.2,91.0,3000,76,0.98,2057,709,40.2,100,467,601,4970,0.52,62690.9,0.29,0.0
67.0,86.2,92.1,3000,76,0.98,2057,708,40.2,100,466,601,4977,0.52,62759.6,0.35,0.0
67.1,86.2,93.0,3000,76,0.97,2057,708,40.2,100,466,601,4986,0.52,62847.9,0.41,0.0
67.2,86.3,92.4,3000,76,0.97,2057,708,40.2,100,466,601,4995,0.52,62936.2,0.37,0.0
67.3,86.3,91.8,3000,76,0.97,2056,707,40.2,100,466,601,5004,0.52,63024.5,0.33,0.0
67.4,86.3,91.2,3000,76,0.97,2056,707,40.2,100,466,601,5013,0.52,63112.8,0.30,0.0
67.5,86.4,90.7,3000,76,0.97,2056,707,40.2,100,466,601,5020,0.52,63181.4,0.27,0.0
67.6,86.4,90.3,3000,75,0.97,2055,706,40.2,100,466,601,5029,0.52,63269.7,0.24,0.0
67.7,86.4,89.9,3000,75,0.97,2055,706,40.2,100,465,601,5038,0.52,63358.0,0.22,0.0
67.8,86.4,91.1,3000,75,0.97,2054,706,40.3,100,465,602,5047,0.52,63492.7,0.29,0.0
67.9,86.4,92.2,3000,75,0.96,2054,705,40.3,100,465,602,5056,0.52,63581.0,0.35,0.0
68.0,86.5,93.2,3000,75,0.96,2054,705,40.3,100,465,602,5063,0.52,63649.7,0.41,0.0
68.1,86.5,92.5,3000,75,0.96,2053,705,40.3,100,465,602,5072,0.52,63738.0,0.37,0.0
68.2,86.5,91.9,3000,75,0.96,2053,704,40.3,100,465,602,5083,0.52,63845.9,0.33,0.0
68.3,86.5,91.4,3000,75,0.96,2053,704,40.3,100,465,602,5090,0.52,63914.5,0.30,0.0
68.4,86.6,90.9,3000,75,0.96,2052,704,40.3,100,464,602,5099,0.52,64002.8,0.27,0.0
68.5,86.6,90.5,3000,75,0.96,2052,703,40.3,100,464,602,5108,0.52,64091.1,0.24,0.0
68.6,86.6,90.1,3000,75,0.96,2051,703,40.3,100,464,602,5117,0.52,64179.4,0.22,0.0
68.7,86.6,89.7,3000,75,0.96,2051,703,40.3,100,464,602,5125,0.52,64257.9,0.20,0.0
68.8,86.6,89.4,3000,75,0.95,2051,702,40.3,100,464,602,5135,0.52,64356.0,0.18,0.0
68.9,86.6,89.1,3000,75,0.95,2050,702,40.3,100,464,602,5143,0.52,64434.5,0.16,0.0
69.0,86.6,90.5,3000,75,0.95,2050,702,40.3,100,463,603,5152,0.52,64569.3,0.23,0.0
69.1,86.7,91.6,3000,75,0.95,2049,701,40.3,100,463,603,5161,0.52,64657.5,0.30,0.0
69.2,86.7,92.7,3000,75,0.95,2049,701,40.3,100,463,603,5170,0.52,64745.8,0.36,0.0
69.3,86.7,92.1,3000,75,0.95,2049,701,40.3,100,463,603,5179,0.52,64834.1,0.33,0.0
69.4,86.7,91.6,3000,75,0.95,2048,700,40.4,100,463,603,5186,0.52,64902.8,0.29,0.0
69.5,86.7,91.1,3000,75,0.95,2048,700,40.4,100,463,603,5195,0.52,64991.1,0.27,0.0
69.6,86.7,90.6,3000,75,0.95,2047,700,40.4,100,463,603,5204,0.52,65079.4,0.24,0.0
69.7,86.8,90.3,3000,75,0.94,2047,699,40.4,100,462,603,5213,0.52,65167.7,0.22,0.0
69.8,86.8,89.9,3000,75,0.94,2046,699,40.4,100,462,603,5222,0.52,65255.9,0.19,0.0
69.9,86.8,89.6,3000,75,0.94,2046,699,40.4,100,462,603,5229,0.52,65324.6,0.17,0.0
70.0,86.8,89.3,3000,75,0.94,2046,698,40.4,100,462,603,5240,0.52,65432.5,0.16,0.0
70.1,86.8,89.1,3000,75,0.94,2045,698,40.4,100,462,603,5247,0.52,65501.2,0.14,0.0
70.2,86.8,90.4,3000,75,0.94,2045,698,40.4,100,462,604,5257,0.52,65645.9,0.22,0.0
70.3,86.8,91.6,3000,75,0.94,2044,697,40.4,100,461,604,5266,0.52,65734.2,0.29,0.0
70.4,86.8,92.7,3000,75,0.94,2044,697,40.4,100,461,604,5275,0.52,65822.4,0.35,0.0
70.5,86.8,92.1,3000,75,0.94,2043,696,40.4,100,461,604,5284,0.52,65910.7,0.32,0.0
70.6,86.8,91.6,3000,75,0.93,2043,696,40.4,100,461,604,5293,0.52,65999.0,0.29,0.0
70.7,86.9,91.1,3000,75,0.93,2042,696,40.4,100,461,604,5300,0.52,66067.7,0.26,0.0
70.8,86.9,90.7,3000,75,0.93,2042,696,40.4,100,461,604,5309,0.52,66156.0,0.23,0.0
70.9,86.9,90.3,3000,75,0.93,2042,695,40.4,100,461,604,5316,0.52,66224.7,0.21,0.0
71.0,86.9,90.0,3000,75,0.93,2041,695,40.4,100,460,604,5327,0.52,66332.6,0.19,0.0
71.1,86.9,89.7,3000,75,0.93,2040,694,40.5,100,460,604,5334,0.52,66401.2,0.17,0.0
71.2,86.9,89.4,3000,75,0.93,2040,694,40.5,100,460,604,5343,0.52,66489.5,0.15,0.0
71.3,86.9,89.1,3000,75,0.93,2040,694,40.5,100,460,604,5351,0.52,66568.0,0.14,0.0
71.4,86.9,88.9,3000,75,0.93,2039,693,40.5,100,460,604,5361,0.52,66666.1,0.12,0.0
71.5,86.9,88.7,3000,75,0.93,2038,693,40.5,100,459,604,5371,0.53,66764.2,0.11,0.0
71.6,86.9,88.5,3000,75,0.92,2038,693,40.5,100,459,605,5380,0.53,66899.1,0.10,0.0
71.7,86.9,90.0,3000,75,0.92,2037,692,40.5,100,459,605,5387,0.53,66967.8,0.18,0.0
71.8,87.0,91.2,3000,75,0.92,2037,692,40.5,100,459,605,5396,0.53,67056.1,0.26,0.0
71.9,87.0,92.4,3000,75,0.92,2036,692,40.5,100,459,605,5405,0.53,67144.4,0.32,0.0
72.0,87.0,91.8,3000,75,0.92,2036,691,40.5,100,459,605,5414,0.53,67232.7,0.29,0.0
72.1,87.0,91.4,3000,75,0.92,2035,691,40.5,100,458,605,5423,0.53,67321.0,0.26,0.0
72.2,87.0,90.9,3000,75,0.92,2035,691,40.5,100,458,605,5430,0.53,67389.6,0.24,0.0
72.3,87.0,90.5,3000,75,0.92,2034,690,40.5,100,458,605,5439,0.53,67477.9,0.21,0.0
72.4,87.0,90.2,3000,75,0.92,2034,690,40.5,100,458,605,5448,0.53,67566.2,0.19,0.0
72.5,87.0,89.9,3000,75,0.91,2033,690,40.5,100,458,605,5457,0.53,67654.5,0.17,0.0
72.7,87.0,89.6,3000,75,0.91,2033,689,40.5,100,458,605,5467,0.53,67752.6,0.15,0.0
72.8,87.1,89.3,3000,75,0.91,2032,689,40.5,100,457,605,5474,0.53,67821.3,0.14,0.0
72.9,87.1,89.1,3000,75,0.91,2032,689,40.5,100,457,605,5483,0.53,67909.6,0.12,0.0
73.0,87.1,88.9,3000,75,0.91,2031,688,40.5,100,457,605,5494,0.53,68017.5,0.11,0.0
73.1,87.1,88.7,3000,75,0.91,2030,688,40.6,100,457,605,5501,0.53,68086.1,0.10,0.0
73.2,87.1,88.6,3000,75,0.91,2030,687,40.6,100,457,606,5510,0.53,68221.2,0.09,0.0
73.3,87.1,90.0,3000,75,0.91,2029,687,40.6,100,457,606,5519,0.53,68309.5,0.17,0.5
73.4,87.1,91.3,3000,75,0.91,2029,687,40.6,100,456,606,5528,0.53,68397.7,0.25,0.0
73.5,87.2,92.5,3000,75,0.90,2028,686,40.6,100,456,606,5537,0.53,68486.0,0.32,0.0
73.6,87.2,91.9,3000,75,0.90,2027,686,40.6,100,456,606,5546,0.53,68574.3,0.28,0.0
73.7,87.2,91.5,3000,75,0.90,2027,686,40.6,100,456,606,5554,0.53,68652.8,0.26,0.0
73.8,87.2,91.0,3000,75,0.90,2026,685,40.6,100,456,606,5561,0.53,68721.5,0.23,0.0
73.9,87.2,90.7,3000,75,0.90,2026,685,40.6,100,456,606,5570,0.53,68809.8,0.21,0.0
74.0,87.2,90.3,3000,75,0.90,2025,685,40.6,100,455,606,5581,0.53,68917.7,0.19,0.0
74.1,87.3,90.0,3000,75,0.90,2022,684,40.6,100,455,606,5590,0.53,69006.0,0.17,0.0
74.2,87.3,89.7,3000,75,0.90,2020,683,40.6,100,455,606,5597,0.53,69074.6,0.15,0.0
74.3,87.3,89.5,3000,75,0.90,2018,682,40.6,100,455,606,5606,0.53,69162.9,0.14,0.0
74.4,87.3,89.3,3000,75,0.89,2015,681,40.6,100,455,606,5615,0.53,69251.2,0.12,0.0
74.5,87.3,89.1,3000,75,0.89,2013,680,40.6,100,454,606,5625,0.53,69349.3,0.11,0.0
74.6,87.3,88.9,3000,75,0.89,2010,679,40.6,100,454,606,5634,0.53,69437.6,0.10,0.0
74.7,87.3,88.7,3000,75,0.89,2008,678,40.6,100,454,606,5641,0.53,69506.3,0.09,0.0
74.8,87.4,88.6,3000,75,0.89,2006,677,40.6,100,454,606,5650,0.53,69594.6,0.08,0.0
74.9,87.4,88.5,3000,75,0.89,2003,676,40.6,100,454,606,5659,0.53,69682.9,0.07,0.0
75.0,87.4,88.4,3000,75,0.89,2001,675,40.6,100,453,606,5668,0.53,69771.1,0.07,0.0
75.1,87.4,88.3,3000,75,0.89,1998,675,40.6,100,453,606,5677,0.53,69859.4,0.06,0.0
75.2,87.4,88.2,3000,75,0.89,1996,674,40.6,100,453,606,5685,0.53,69937.9,0.05,0.0
75.3,87.3,88.1,3000,75,0.89,1993,673,40.6,100,453,606,5696,0.53,70045.8,0.05,0.0
75.4,87.3,88.0,3000,75,0.88,1991,672,40.6,100,453,606,5703,0.53,70114.5,0.04,0.0
75.5,87.3,88.0,3000,75,0.88,1989,671,40.6,100,452,606,5712,0.53,70202.8,0.04,0.0
75.6,87.3,87.9,3000,75,0.88,1986,670,40.6,100,452,606,5721,0.53,70291.1,0.03,0.0
75.7,87.3,87.8,3000,75,0.88,1984,669,40.6,100,452,606,5728,0.53,70359.7,0.03,0.0
75.8,87.3,87.8,3000,75,0.88,1982,668,40.6,100,452,606,5739,0.53,70467.6,0.03,0.0
75.9,87.3,87.7,3000,75,0.88,1980,668,40.6,100,451,606,5747,0.53,70546.1,0.03,0.0
76.0,87.3,87.7,3000,75,0.88,1977,667,40.6,100,451,606,5757,0.53,70644.2,0.02,0.0
76.1,87.3,87.7,3000,75,0.88,1975,666,40.6,100,451,606,5765,0.53,70722.7,0.02,0.0
76.2,87.3,87.6,3000,75,0.88,1973,665,40.6,100,451,606,5772,0.53,70791.4,0.02,0.0
76.3,87.3,87.6,3000,75,0.87,1970,664,40.6,100,451,606,5783,0.53,70899.3,0.02,0.0
76.4,87.2,87.5,3000,75,0.87,1967,663,40.6,100,450,606,5792,0.53,70987.6,0.01,0.0
76.5,87.2,87.5,3000,75,0.87,1965,663,40.6,100,450,606,5801,0.53,71075.9,0.01,0.0
76.6,87.2,87.5,3000,75,0.87,1963,662,40.6,100,450,606,5808,0.53,71144.5,0.01,0.0
76.7,87.2,87.5,3000,75,0.87,1961,661,40.6,100,450,606,5817,0.53,71232.8,0.01,0.0
76.8,87.2,87.4,3000,75,0.87,1958,660,40.6,100,449,606,5826,0.53,71321.1,0.01,0.0
76.9,87.2,87.4,3000,75,0.87,1956,659,40.6,100,449,606,5836,0.53,71419.2,0.01,0.0
77.0,87.2,87.4,3000,75,0.87,1953,659,40.6,100,449,606,5845,0.53,71507.5,0.01,0.0
77.1,87.3,87.4,3000,75,0.87,1951,658,40.6,100,449,606,5854,0.53,71595.8,0.01,0.0
77.2,87.3,87.4,3000,75,0.87,1949,657,40.6,100,448,606,5861,0.53,71664.5,0.01,0.0
77.3,87.3,87.4,3000,75,0.86,1947,656,40.6,100,448,606,5870,0.53,71752.8,0.01,0.0
77.4,87.3,87.4,3000,75,0.86,1944,655,40.6,100,448,606,5879,0.53,71841.0,0.01,0.0
77.5,87.3,87.4,3000,75,0.86,1942,655,40.6,100,448,606,5888,0.53,71929.3,0.00,0.0
77.6,87.4,87.4,3000,75,0.86,1939,654,40.6,100,447,606,5897,0.53,72017.6,0.00,0.0
77.7,87.4,87.4,3000,75,0.86,1937,653,40.6,100,447,606,5905,0.53,72096.1,0.00,0.0
77.8,87.4,87.4,3000,75,0.86,1935,652,40.6,100,447,606,5916,0.53,72204.0,0.00,0.0
77.9,87.4,87.4,3000,75,0.86,1933,652,40.6,100,447,606,5923,0.53,72272.7,0.00,0.0
78.0,87.5,87.4,3000,75,0.86,1930,651,40.6,100,446,606,5932,0.53,72361.0,0.00,0.0
78.1,87.5,85.8,3000,75,0.86,1928,650,40.6,100,446,605,5941,0.53,72402.5,-0.09,0.0
78.2,87.5,84.4,3000,75,0.86,1925,649,40.6,100,446,605,5950,0.53,72490.8,-0.17,0.0
78.3,87.5,83.1,3000,75,0.85,1923,649,40.6,100,446,605,5959,0.53,72579.1,-0.25,0.0
78.4,87.5,83.6,3000,75,0.85,1921,648,40.6,100,445,605,5967,0.53,72657.6,-0.22,0.0
78.5,87.5,84.0,3000,75,0.85,1919,647,40.6,100,445,605,5976,0.53,72745.9,-0.20,0.0
78.6,87.6,84.3,3000,75,0.85,1916,646,40.6,100,445,605,5985,0.53,72834.2,-0.18,0.0
78.7,87.6,84.6,3000,75,0.85,1914,646,40.6,100,444,605,5994,0.53,72922.5,-0.16,0.0
78.8,87.6,84.9,3000,75,0.85,1912,645,40.6,100,444,605,6003,0.53,73010.8,-0.15,0.0
78.9,87.6,85.2,3000,75,0.85,1909,644,40.5,100,444,605,6012,0.53,73099.1,-0.13,0.0
79.0,87.6,85.4,3000,75,0.85,1907,644,40.5,100,444,605,6020,0.53,73177.5,-0.12,0.0
79.1,87.6,85.6,3000,75,0.85,1905,643,40.5,100,443,605,6029,0.53,73265.8,-0.11,0.0
79.2,87.6,85.8,3000,75,0.84,1902,642,40.5,100,443,605,6038,0.53,73354.1,-0.10,0.0
79.3,87.5,86.0,3000,75,0.84,1900,641,40.5,100,443,605,6047,0.53,73442.4,-0.09,0.0
79.4,87.5,86.2,3000,75,0.84,1898,641,40.5,100,442,604,6056,0.53,73484.1,-0.08,0.0
79.5,87.5,86.3,3000,75,0.84,1896,640,40.5,100,442,604,6063,0.53,73552.7,-0.07,0.0
79.6,87.5,84.8,3000,75,0.84,1893,639,40.5,100,442,604,6072,0.53,73641.0,-0.15,0.0
79.7,87.5,83.5,3000,75,0.84,1891,639,40.5,100,442,604,6082,0.53,73739.1,-0.23,0.0
