"Time, s","Climb, m/s","Specific excess power, m/s","Critical Flaps Speed, %","Propeller efficiency, %","Manifold pressure, atm",Supercharger gear,RPM,"Power, hp","Thrust, kgf","Propeller pitch, deg","Propeller pitch, %","IAS, km/h","TAS, km/h","Altitude, m",Mach number,"Specific energy, J/kg","Acceleration, m/s²"
0.0,27.0,20.4,0,81,1.81,1,2854,1262,1211,29.7,90,227,230,253,0.19,4521.6,-1.07
0.1,26.9,20.5,0,81,1.81,1,2853,1262,1212,29.7,90,227,230,256,0.19,4549.2,-1.06
0.2,26.9,19.9,0,81,1.81,1,2853,1262,1213,29.7,90,227,229,258,0.19,4553.5,-1.14
0.3,26.8,19.4,0,81,1.81,1,2852,1262,1215,29.7,90,226,229,261,0.19,4586.4,-1.21
0.4,26.7,19.0,0,80,1.81,1,2852,1262,1216,29.7,90,226,229,264,0.19,4608.3,-1.27
0.5,26.7,19.2,0,80,1.81,1,2852,1263,1217,29.7,90,225,228,266,0.19,4618.0,-1.23
0.6,26.6,19.3,0,80,1.81,1,2852,1263,1219,29.7,90,225,228,269,0.19,4645.2,-1.20
0.7,26.5,19.5,0,80,1.81,1,2851,1263,1220,29.7,90,224,227,271,0.19,4649.3,-1.17
0.8,26.5,19.6,0,80,1.81,1,2851,1263,1221,29.6,90,224,227,274,0.19,4676.4,-1.15
0.9,26.4,19.7,0,80,1.81,1,2851,1263,1223,29.6,90,224,227,277,0.19,4703.4,-1.13
1.0,26.3,19.7,0,80,1.81,1,2851,1263,1224,29.6,90,223,226,279,0.18,4707.5,-1.11
1.1,26.3,19.8,0,80,1.81,1,2851,1264,1225,29.6,90,223,226,282,0.18,4734.4,-1.09
1.2,26.2,19.9,0,80,1.81,1,2851,1264,1226,29.6,90,222,225,284,0.18,4743.8,-1.07
1.3,26.1,19.9,0,80,1.81,1,2850,1264,1228,29.6,90,222,225,287,0.18,4770.5,-1.06
1.4,26.1,19.9,0,80,1.81,1,2850,1264,1229,29.6,90,222,225,290,0.18,4797.2,-1.04
1.5,26.0,20.0,0,80,1.81,1,2850,1264,1230,29.6,90,221,224,292,0.18,4801.2,-1.03
1.6,25.9,20.0,0,80,1.81,1,2850,1264,1231,29.6,90,221,224,294,0.18,4822.4,-1.02
1.7,25.9,20.0,0,80,1.81,1,2850,1264,1233,29.6,90,220,224,297,0.18,4854.2,-1.01
1.8,25.8,20.0,0,80,1.81,1,2850,1265,1235,29.6,90,220,223,300,0.18,4863.4,-1.00
1.9,25.7,20.0,0,80,1.81,1,2850,1265,1236,29.6,90,220,223,303,0.18,4889.7,-0.99
2.0,25.7,19.4,0,80,1.81,1,2850,1265,1237,29.5,90,219,222,306,0.18,4898.8,-1.08
2.1,25.6,18.9,0,79,1.81,1,2850,1265,1239,29.5,90,219,222,308,0.18,4925.1,-1.15
2.2,25.5,18.4,0,79,1.81,1,2850,1265,1240,29.5,90,218,222,311,0.18,4951.2,-1.22
2.3,25.5,18.5,0,79,1.81,1,2850,1265,1241,29.5,90,218,221,313,0.18,4955.0,-1.19
2.4,25.4,18.6,0,79,1.81,1,2850,1265,1242,29.5,90,218,221,315,0.18,4975.8,-1.17
2.5,25.4,18.8,0,79,1.81,1,2850,1265,1244,29.5,90,217,221,318,0.18,5001.8,-1.14
2.6,25.3,18.8,0,79,1.81,1,2850,1266,1245,29.5,90,217,220,320,0.18,5010.7,-1.12
2.7,25.3,18.9,0,79,1.81,1,2850,1266,1247,29.5,90,217,220,324,0.18,5041.7,-1.10
2.8,25.2,19.0,0,79,1.81,1,2850,1266,1248,29.5,90,216,220,326,0.18,5067.5,-1.08
2.9,25.1,19.0,0,79,1.81,1,2850,1266,1249,29.5,90,216,219,329,0.18,5076.3,-1.06
3.0,25.1,19.1,0,79,1.81,1,2850,1266,1251,29.5,90,216,219,331,0.18,5096.8,-1.05
3.1,25.0,19.1,0,79,1.81,1,2850,1266,1252,29.5,90,215,219,334,0.18,5122.4,-1.04
3.2,25.0,19.1,0,79,1.81,1,2850,1266,1253,29.4,90,215,218,336,0.18,5131.1,-1.03
3.3,24.9,19.1,0,79,1.81,1,2850,1266,1254,29.4,90,214,218,339,0.18,5156.6,-1.02
3.4,24.9,19.1,0,79,1.81,1,2850,1267,1256,29.4,90,214,218,341,0.18,5182.1,-1.01
3.5,24.8,19.1,0,79,1.81,1,2850,1267,1257,29.4,90,214,217,343,0.18,5185.6,-1.00
3.6,24.7,19.1,0,79,1.81,1,2850,1267,1258,29.4,90,213,217,346,0.18,5210.9,-0.99
3.7,24.7,19.1,0,79,1.81,1,2850,1267,1260,29.4,90,213,217,349,0.18,5236.2,-0.98
3.8,24.6,19.1,0,79,1.81,1,2850,1267,1261,29.4,90,213,216,351,0.18,5244.7,-0.98
3.9,24.6,19.1,0,79,1.81,1,2850,1267,1262,29.4,90,212,216,354,0.18,5269.9,-0.97
4.0,24.5,19.1,0,79,1.81,1,2850,1267,1263,29.4,90,212,216,356,0.18,5289.9,-0.96
4.1,24.5,19.1,0,79,1.81,1,2850,1267,1264,29.4,90,212,215,358,0.18,5298.4,-0.96
4.2,24.4,19.1,0,79,1.81,1,2850,1268,1266,29.4,90,211,215,361,0.18,5323.4,-0.96
4.3,24.4,19.0,0,78,1.81,1,2850,1268,1267,29.4,90,211,215,364,0.18,5353.3,-0.95
4.4,24.3,19.0,0,78,1.81,1,2850,1268,1268,29.4,90,211,214,366,0.18,5356.7,-0.95
4.5,24.3,19.0,0,78,1.81,1,2850,1268,1269,29.4,90,210,214,368,0.18,5381.5,-0.95
4.6,24.2,19.0,0,78,1.81,1,2850,1268,1271,29.4,90,210,214,371,0.17,5406.3,-0.94
4.7,24.2,19.5,0,78,1.81,1,2850,1268,1272,29.4,90,210,214,374,0.17,5431.0,-0.85
4.8,84.8,20.0,0,231,2.34,1,3203,1522,1386,35.0,90,681,694,381,0.57,22317.5,-0.76
4.9,88.8,20.4,0,175,2.52,1,3520,1482,1015,38.1,90,687,700,388,0.57,22710.7,-0.69
5.0,92.4,914.4,0,64,2.46,1,3677,1328,330,41.2,90,686,699,397,0.57,22748.7,44.18
5.1,94.4,1719.0,0,162,2.21,1,3599,1266,801,43.3,90,686,699,407,0.57,22843.7,84.57
5.2,95.6,2443.1,0,134,2.00,1,3474,1230,644,43.5,90,685,699,417,0.57,22940.5,120.92
5.3,96.4,2208.4,0,76,1.90,1,3409,1204,361,43.0,90,684,699,427,0.57,23038.5,108.83
5.4,96.9,1997.2,0,84,1.87,1,3388,1191,394,43.4,90,684,699,435,0.57,23117.4,97.94
5.5,97.3,1807.2,0,115,1.81,1,3336,1179,532,44.4,90,684,699,445,0.57,23216.5,88.15
5.6,97.5,1634.4,0,88,1.77,1,3276,1171,406,44.3,90,683,698,455,0.57,23262.2,79.24
5.7,97.7,1478.9,0,93,1.76,1,3244,1172,426,44.9,90,683,698,465,0.57,23362.0,71.23
5.8,97.8,1338.9,0,103,1.74,1,3194,1169,471,45.3,90,682,698,476,0.57,23462.0,64.01
5.9,97.8,1213.0,0,81,1.73,1,3160,1172,372,45.2,90,681,697,486,0.57,23508.2,57.52
6.0,97.9,1099.6,0,96,1.74,1,3140,1176,445,45.9,90,681,698,494,0.57,23642.1,51.67
6.1,97.9,997.6,0,90,1.73,1,3099,1176,416,45.9,90,683,700,504,0.57,23850.2,46.41
6.2,98.2,911.3,0,76,1.74,1,3081,1184,353,46.1,90,682,699,514,0.57,23896.4,41.95
6.3,98.2,833.6,0,94,1.74,1,3053,1185,435,46.6,90,682,699,525,0.57,23996.6,37.94
6.4,98.2,763.7,0,75,1.74,1,3030,1186,350,46.4,90,681,699,533,0.57,24076.8,34.33
6.5,98.2,697.1,0,80,1.75,1,3020,1194,376,46.8,90,681,699,543,0.57,24177.0,30.90
6.6,98.1,637.2,0,88,1.75,1,2995,1193,411,47.0,90,680,699,553,0.57,24277.2,27.81
6.7,98.0,583.3,0,73,1.75,1,2982,1197,341,46.8,90,679,698,563,0.57,24323.5,25.03
6.8,98.0,533.0,0,88,1.76,1,2971,1201,415,47.3,90,679,698,574,0.57,24423.7,22.43
6.9,98.0,487.7,0,81,1.76,1,2953,1200,383,47.2,90,679,698,582,0.57,24503.8,20.10
7.0,98.0,446.9,0,74,1.77,1,2948,1206,348,47.2,90,678,698,592,0.57,24604.0,18.00
7.1,97.9,412.0,0,89,1.77,1,2936,1206,419,47.6,90,678,698,602,0.57,24704.2,16.20
7.2,97.9,380.6,0,73,1.77,1,2922,1207,346,47.4,90,679,700,612,0.57,24912.2,14.58
7.3,97.8,352.3,0,83,1.78,1,2922,1212,393,47.7,90,679,700,623,0.57,25012.3,13.12
7.4,97.9,330.5,0,85,1.77,1,2910,1210,401,47.8,90,679,700,631,0.57,25092.4,11.99
7.5,98.0,310.9,0,71,1.78,1,2905,1214,340,47.6,90,677,699,643,0.57,25158.7,10.98
7.6,98.0,293.3,0,82,1.78,1,2899,1215,392,47.9,90,677,699,653,0.57,25258.8,10.07
7.8,98.0,272.0,0,73,1.78,1,2889,1215,346,47.7,90,677,699,663,0.57,25358.9,8.97
7.9,98.0,252.7,0,74,1.79,1,2891,1219,353,47.9,90,676,699,672,0.57,25439.1,7.98
7.9,98.0,235.5,0,82,1.79,1,2887,1218,391,48.1,90,676,699,680,0.57,25519.2,7.09
8.0,97.9,219.9,0,71,1.79,1,2879,1218,340,47.8,90,675,698,692,0.57,25585.4,6.29
8.1,97.8,205.8,0,81,1.79,1,2881,1222,386,48.1,90,674,698,702,0.57,25685.6,5.57
8.2,97.8,193.2,0,81,1.79,1,2873,1219,388,48.1,90,674,698,710,0.57,25765.7,4.92
8.4,97.7,181.8,0,73,1.79,1,2872,1221,349,47.9,90,673,697,721,0.57,25812.0,4.33
8.5,98.0,171.6,0,78,1.80,1,2872,1224,375,48.2,90,675,699,731,0.57,26019.8,3.81
8.6,98.0,162.4,0,74,1.79,1,2864,1221,352,48.1,90,675,699,741,0.57,26119.8,3.33
8.7,98.0,159.6,0,71,1.80,1,2867,1225,340,48.1,90,674,699,751,0.57,26219.9,3.18
8.8,98.0,157.1,0,79,1.80,1,2866,1226,379,48.3,90,674,699,759,0.57,26300.0,3.05
8.9,98.0,154.8,0,72,1.80,1,2859,1224,344,48.1,90,674,699,770,0.57,26400.0,2.93
9.0,97.9,149.1,0,74,1.80,1,2864,1228,355,48.2,90,673,699,780,0.57,26500.1,2.63
9.1,97.9,144.0,0,79,1.80,1,2859,1226,379,48.3,90,672,699,790,0.57,26600.1,2.37
9.2,97.8,139.4,0,72,1.80,1,2858,1227,345,48.1,90,672,698,800,0.57,26646.3,2.13
9.3,97.8,133.4,0,80,1.80,1,2860,1229,384,48.3,90,671,698,810,0.57,26746.4,1.83
9.4,97.8,128.0,0,77,1.80,1,2856,1227,371,48.2,90,671,698,819,0.57,26826.4,1.55
9.5,97.8,123.2,0,74,1.80,1,2857,1229,356,48.2,90,670,698,829,0.57,26926.4,1.31
9.6,97.7,118.8,0,81,1.80,1,2857,1229,389,48.3,90,669,697,839,0.57,26972.6,1.08
9.7,97.7,114.9,0,76,1.80,1,2853,1228,363,48.2,90,671,700,849,0.58,27234.3,0.88
9.8,97.7,111.4,0,75,1.80,1,2856,1231,362,48.2,90,671,700,857,0.58,27314.3,0.70
9.9,97.7,115.5,0,81,1.80,1,2854,1230,389,48.3,90,671,700,867,0.58,27414.3,0.91
10.0,98.0,119.2,0,71,1.80,1,2852,1231,342,48.2,90,670,699,878,0.57,27460.4,1.10
10.1,97.9,122.5,0,77,1.80,1,2855,1233,371,48.3,90,669,699,888,0.57,27560.4,1.26
10.2,97.8,116.5,0,77,1.80,1,2852,1231,371,48.3,90,668,698,898,0.57,27606.6,0.96
10.3,97.9,111.0,0,72,1.80,1,2852,1232,346,48.2,90,669,699,906,0.57,27740.5,0.68
10.4,97.8,106.1,0,80,1.80,1,2854,1233,387,48.4,90,667,698,918,0.57,27806.7,0.43
10.5,97.9,105.2,0,75,1.80,1,2850,1232,364,48.3,90,667,698,927,0.57,27886.7,0.38
10.6,97.8,104.5,0,76,1.80,1,2854,1235,367,48.3,90,667,698,939,0.57,28006.8,0.35
10.7,97.8,103.8,0,80,1.80,1,2852,1234,388,48.4,90,666,698,947,0.57,28086.8,0.31
10.8,98.0,105.1,0,72,1.80,1,2850,1234,347,48.2,90,667,699,957,0.58,28240.8,0.37
10.9,98.1,106.2,0,74,1.80,1,2853,1236,357,48.3,90,667,699,967,0.58,28340.9,0.43
11.0,98.1,107.2,0,76,1.80,1,2851,1236,370,48.4,90,667,699,976,0.58,28421.0,0.48
11.1,98.0,106.3,0,73,1.80,1,2851,1236,351,48.3,90,666,699,988,0.58,28541.2,0.43
11.2,98.0,105.5,0,76,1.80,1,2853,1238,367,48.4,90,666,699,996,0.58,28621.3,0.39
11.3,98.0,104.7,0,76,1.80,1,2850,1236,369,48.4,90,665,699,1006,0.58,28721.5,0.35
11.4,98.0,102.2,0,74,1.80,1,2851,1238,358,48.3,90,665,698,1016,0.58,28767.8,0.22
11.5,98.0,100.0,0,77,1.80,1,2852,1238,376,48.4,90,664,698,1027,0.58,28867.9,0.11
11.6,97.9,97.9,0,76,1.80,1,2850,1237,371,48.3,90,663,698,1037,0.57,28968.2,0.00
11.7,98.0,97.9,0,74,1.80,1,2851,1239,360,48.3,90,664,698,1045,0.58,29048.3,0.00
11.8,98.0,98.0,0,79,1.80,1,2851,1239,382,48.4,90,663,698,1055,0.57,29148.6,0.00
11.9,98.0,98.0,0,76,1.80,1,2850,1238,367,48.3,90,662,698,1065,0.57,29248.8,0.00
12.0,97.9,101.6,0,78,1.80,1,2851,1240,377,48.4,90,664,700,1076,0.58,29456.9,0.18
12.1,98.2,104.8,0,75,1.80,1,2850,1240,365,48.4,90,663,699,1086,0.58,29503.2,0.35
12.2,98.2,107.8,0,74,1.80,1,2850,1240,357,48.4,90,663,699,1094,0.58,29583.4,0.50
12.3,98.2,105.0,0,74,1.80,1,2850,1241,360,48.4,90,663,699,1104,0.58,29683.7,0.36
12.4,98.1,102.5,0,76,1.80,1,2851,1241,369,48.4,90,662,699,1115,0.58,29784.0,0.23
12.5,98.1,100.3,0,75,1.80,1,2850,1242,362,48.4,90,661,699,1125,0.58,29884.2,0.12
12.6,98.0,98.2,0,78,1.80,1,2851,1242,378,48.4,90,660,698,1137,0.58,29950.7,0.01
12.7,98.0,96.4,0,78,1.80,1,2850,1242,378,48.4,90,660,698,1145,0.58,30030.9,-0.08
12.8,98.0,94.7,0,75,1.80,1,2850,1243,368,48.4,90,660,698,1155,0.58,30131.2,-0.17
12.9,97.9,93.2,0,79,1.80,1,2851,1243,385,48.4,90,659,697,1166,0.58,30177.6,-0.24
13.0,97.9,91.8,0,77,1.80,1,2849,1243,374,48.4,90,658,697,1176,0.58,30277.8,-0.31
13.1,98.0,90.6,0,76,1.80,1,2851,1244,370,48.4,90,661,700,1184,0.58,30519.7,-0.37
13.2,98.2,95.0,0,76,1.80,1,2850,1245,371,48.5,90,660,699,1194,0.58,30566.0,-0.15
13.3,98.2,99.0,0,73,1.80,1,2849,1244,355,48.4,90,659,699,1204,0.58,30666.2,0.05
13.4,98.1,102.5,0,75,1.80,1,2852,1246,368,48.4,90,659,699,1215,0.58,30766.5,0.23
13.5,98.1,102.1,0,77,1.80,1,2850,1245,373,48.4,90,658,699,1225,0.58,30866.7,0.20
13.6,98.2,101.7,0,72,1.80,1,2849,1246,353,48.4,90,658,699,1233,0.58,30946.9,0.18
13.7,98.1,101.3,0,76,1.80,1,2852,1247,373,48.5,90,658,699,1243,0.58,31047.1,0.17
13.8,98.1,101.0,0,76,1.80,1,2849,1246,371,48.4,90,657,699,1254,0.58,31147.3,0.15
13.9,98.0,100.7,0,75,1.80,1,2851,1248,365,48.4,90,656,698,1264,0.58,31193.7,0.13
14.0,97.9,100.5,0,79,1.80,1,2851,1248,387,48.5,90,656,698,1274,0.58,31293.9,0.12
14.1,97.9,98.4,0,77,1.80,1,2849,1247,376,48.4,90,655,698,1282,0.58,31374.0,0.02
14.2,97.8,96.5,0,76,1.80,1,2851,1248,375,48.4,90,655,697,1292,0.58,31420.4,-0.08
14.3,97.8,94.8,0,79,1.80,1,2850,1248,387,48.5,90,657,700,1303,0.58,31682.2,-0.16
14.4,97.8,98.8,0,77,1.80,1,2849,1248,376,48.4,90,656,700,1313,0.58,31782.3,0.04
14.5,98.1,102.4,0,74,1.80,1,2851,1250,364,48.5,90,656,699,1323,0.58,31828.5,0.22
14.6,98.1,105.6,0,76,1.80,1,2850,1250,373,48.5,90,655,699,1331,0.58,31908.7,0.38
14.7,98.1,103.0,0,73,1.80,1,2849,1250,358,48.4,90,655,699,1341,0.58,32008.8,0.25
14.8,98.1,100.7,0,76,1.80,1,2851,1251,371,48.5,90,654,699,1352,0.58,32109.1,0.14
14.9,98.0,98.6,0,78,1.80,1,2850,1251,382,48.5,90,653,698,1362,0.58,32155.4,0.03
15.0,97.9,96.7,0,76,1.80,1,2850,1251,371,48.4,90,653,698,1372,0.58,32255.6,-0.06
15.1,98.0,95.0,0,78,1.80,1,2851,1252,381,48.5,90,652,698,1382,0.58,32355.8,-0.15
15.2,97.9,93.5,0,79,1.80,1,2849,1251,386,48.5,90,651,697,1392,0.58,32402.2,-0.23
15.3,97.9,92.1,0,76,1.80,1,2850,1252,373,48.4,90,651,697,1403,0.58,32502.4,-0.30
15.4,97.9,90.9,0,79,1.80,1,2851,1253,388,48.5,90,651,697,1413,0.58,32602.7,-0.36
15.5,98.0,89.8,0,78,1.80,1,2850,1253,381,48.5,90,653,700,1421,0.58,32844.6,-0.41
15.6,98.2,94.2,0,74,1.80,1,2850,1254,363,48.5,90,652,699,1431,0.58,32890.8,-0.19
15.7,98.2,98.3,0,77,1.80,1,2851,1254,378,48.5,90,651,699,1441,0.58,32991.2,0.01
15.8,98.1,101.9,0,76,1.80,1,2850,1254,375,48.5,90,650,698,1452,0.58,33037.6,0.19
15.9,98.1,99.7,0,76,1.80,1,2851,1255,372,48.5,90,650,698,1462,0.58,33137.9,0.08
16.0,98.1,97.7,0,78,1.80,1,2851,1256,382,48.5,90,650,698,1470,0.58,33218.1,-0.02
16.1,98.2,95.9,0,74,1.80,1,2849,1255,366,48.5,90,650,699,1480,0.58,33372.3,-0.11
16.2,98.1,96.1,0,76,1.80,1,2852,1257,376,48.5,90,649,698,1491,0.58,33418.7,-0.10
16.3,98.1,96.3,0,78,1.80,1,2850,1256,382,48.5,90,649,698,1501,0.58,33519.1,-0.09
16.4,98.1,96.5,0,76,1.80,1,2850,1256,374,48.5,90,648,698,1511,0.58,33619.4,-0.08
16.5,98.1,100.3,0,78,1.80,1,2851,1257,384,48.5,90,650,700,1519,0.58,33807.6,0.11
16.6,98.0,103.7,0,79,1.80,1,2849,1256,387,48.5,90,649,700,1529,0.58,33907.9,0.28
16.7,98.3,106.8,0,76,1.80,1,2850,1257,373,48.5,90,649,700,1540,0.58,34008.3,0.44
16.8,98.3,104.1,0,76,1.80,1,2850,1258,375,48.6,90,648,699,1550,0.58,34054.7,0.30
16.9,98.0,101.7,0,78,1.80,1,2849,1257,384,48.5,90,648,700,1558,0.58,34189.0,0.18
17.0,98.3,99.6,0,74,1.80,1,2851,1260,365,48.5,90,648,699,1568,0.58,34235.4,0.07
17.1,98.3,99.5,0,78,1.80,1,2851,1259,383,48.6,90,647,699,1579,0.58,34335.8,0.06
17.2,98.2,99.3,0,75,1.80,1,2849,1259,368,48.5,90,646,699,1589,0.58,34436.1,0.06
17.3,98.2,99.2,0,77,1.80,1,2852,1261,379,48.6,90,646,698,1599,0.58,34482.7,0.05
17.4,98.2,99.1,0,77,1.80,1,2850,1260,382,48.6,90,646,699,1607,0.58,34616.8,0.05
17.5,98.1,99.0,0,76,1.80,1,2850,1261,377,48.5,90,645,698,1619,0.58,34683.4,0.04
17.6,98.1,99.0,0,78,1.80,1,2851,1261,386,48.6,90,644,698,1628,0.58,34763.7,0.04
17.7,97.9,95.2,0,78,1.80,1,2849,1260,387,48.5,90,643,697,1640,0.58,34830.3,-0.15
17.8,98.1,91.8,0,75,1.80,1,2851,1262,372,48.5,90,646,700,1648,0.58,35072.2,-0.32
17.9,98.3,88.8,0,77,1.80,1,2851,1263,383,48.6,90,645,699,1658,0.58,35118.6,-0.47
18.0,98.3,93.4,0,74,1.80,1,2848,1262,366,48.5,90,644,699,1669,0.58,35218.9,-0.24
18.1,98.2,97.5,0,75,1.80,1,2852,1264,371,48.6,90,644,699,1679,0.58,35319.3,-0.04
18.2,98.2,101.2,0,78,1.80,1,2850,1263,387,48.6,90,643,699,1689,0.58,35419.6,0.15
18.3,98.2,100.9,0,75,1.80,1,2849,1263,371,48.5,90,643,699,1697,0.58,35499.9,0.14
18.4,98.2,100.6,0,75,1.80,1,2851,1265,374,48.6,90,643,699,1707,0.58,35600.3,0.12
18.5,98.1,100.4,0,78,1.80,1,2850,1265,389,48.6,90,642,698,1718,0.58,35646.7,0.11
18.6,98.1,98.3,0,75,1.80,1,2849,1264,373,48.5,90,642,698,1728,0.58,35747.1,0.01
18.7,98.1,96.5,0,78,1.80,1,2851,1266,387,48.6,90,641,698,1738,0.58,35847.4,-0.09
18.8,98.0,94.8,0,79,1.80,1,2849,1265,393,48.6,90,642,700,1748,0.58,36055.6,-0.17
18.9,98.3,97.0,0,74,1.80,1,2850,1266,364,48.6,90,642,699,1757,0.58,36081.9,-0.06
19.0,98.3,98.9,0,76,1.80,1,2851,1267,378,48.6,90,641,699,1767,0.58,36182.2,0.04
19.1,98.2,100.7,0,77,1.80,1,2850,1266,380,48.6,90,640,699,1777,0.58,36282.6,0.12
19.2,98.2,100.4,0,75,1.80,1,2850,1267,372,48.6,90,640,699,1787,0.58,36382.9,0.11
19.3,98.2,100.2,0,77,1.80,1,2851,1268,382,48.6,90,640,699,1797,0.58,36483.2,0.10
19.4,98.3,100.0,0,75,1.80,1,2849,1268,374,48.6,90,640,699,1806,0.58,36563.4,0.09
19.5,98.2,99.8,0,76,1.80,1,2851,1269,376,48.6,90,639,699,1816,0.58,36663.8,0.08
19.6,98.1,99.7,0,78,1.80,1,2851,1269,388,48.7,90,638,698,1826,0.58,36710.2,0.07
19.7,98.1,99.5,0,76,1.80,1,2850,1269,378,48.6,90,638,698,1836,0.58,36810.5,0.07
19.8,98.1,97.5,0,77,1.80,1,2851,1270,381,48.6,90,638,698,1844,0.58,36890.7,-0.03
19.9,98.0,95.8,0,79,1.80,1,2850,1269,393,48.7,90,637,698,1855,0.58,36991.0,-0.12
20.0,97.9,94.2,0,78,1.80,1,2849,1269,385,48.6,90,639,700,1865,0.58,37199.1,-0.20
20.1,97.9,98.2,0,78,1.80,1,2851,1270,389,48.6,90,638,700,1875,0.58,37299.3,0.00
20.2,97.9,101.8,0,79,1.80,1,2850,1270,394,48.7,90,638,700,1885,0.58,37399.5,0.18
20.3,97.9,105.0,0,77,1.80,1,2850,1271,383,48.6,90,638,700,1894,0.58,37479.7,0.35
20.4,97.8,104.3,0,79,1.80,1,2851,1271,392,48.7,90,637,700,1904,0.58,37579.9,0.31
20.5,98.1,103.6,0,76,1.80,1,2850,1272,377,48.7,90,637,699,1914,0.58,37626.1,0.28
20.6,98.1,103.1,0,75,1.80,1,2850,1272,373,48.6,90,636,699,1924,0.58,37726.2,0.25
20.7,98.0,100.7,0,77,1.80,1,2851,1273,382,48.7,90,635,699,1934,0.58,37826.4,0.14
20.8,97.9,98.6,0,78,1.80,1,2850,1273,388,48.7,90,635,698,1945,0.58,37872.7,0.03
20.9,97.9,96.8,0,76,1.80,1,2850,1273,379,48.6,90,634,698,1955,0.58,37972.8,-0.06
21.0,97.9,95.1,0,77,1.80,1,2851,1274,386,48.7,90,634,698,1965,0.58,38072.9,-0.15
21.1,97.8,93.5,0,79,1.80,1,2850,1274,392,48.7,90,633,698,1975,0.58,38173.0,-0.23
21.2,97.8,92.1,0,77,1.80,1,2850,1274,386,48.7,90,633,698,1983,0.58,38253.1,-0.30
21.3,97.8,92.7,0,77,1.80,1,2851,1275,387,48.7,90,633,698,1994,0.58,38353.1,-0.27
21.4,97.8,93.2,0,78,1.80,1,2850,1275,392,48.7,90,632,698,2004,0.58,38453.2,-0.24
21.5,98.0,93.7,0,76,1.80,1,2850,1275,377,48.7,90,633,699,2014,0.58,38607.1,-0.22
21.6,97.7,97.7,0,78,1.80,1,2850,1275,391,48.7,90,634,700,2022,0.58,38741.2,-0.01
21.7,98.0,101.4,0,76,1.80,1,2850,1276,379,48.7,90,633,699,2032,0.58,38787.2,0.17
21.8,98.0,104.6,0,76,1.80,1,2850,1276,379,48.7,90,632,699,2043,0.58,38887.3,0.34
21.9,97.9,102.2,0,76,1.80,1,2850,1277,381,48.7,90,632,699,2053,0.58,38987.4,0.21
22.0,97.9,99.9,0,77,1.80,1,2850,1277,385,48.7,90,631,699,2063,0.58,39087.4,0.10
22.1,97.9,97.9,0,77,1.80,1,2850,1278,387,48.7,90,631,698,2073,0.58,39133.6,0.00
22.2,97.8,96.1,0,78,1.80,1,2850,1278,392,48.7,90,630,698,2083,0.58,39233.7,-0.09
22.3,97.9,94.4,0,77,1.80,1,2850,1278,385,48.7,90,630,698,2091,0.58,39313.8,-0.18
22.4,97.9,92.9,0,77,1.80,1,2851,1279,386,48.7,90,630,698,2102,0.58,39413.8,-0.25
22.5,97.8,93.4,0,79,1.80,1,2850,1279,394,48.8,90,629,698,2112,0.58,39514.0,-0.23
22.6,97.9,93.9,0,77,1.80,1,2850,1279,388,48.7,90,629,698,2122,0.58,39614.0,-0.20
22.7,97.9,94.3,0,78,1.80,1,2851,1280,392,48.8,90,628,698,2130,0.58,39694.2,-0.18
22.8,97.8,92.8,0,79,1.80,1,2850,1279,397,48.8,90,628,697,2140,0.58,39740.5,-0.26
22.9,97.9,91.5,0,77,1.80,1,2850,1280,383,48.7,90,629,700,2151,0.58,40002.2,-0.32
23.0,97.8,90.3,0,80,1.80,1,2851,1281,401,48.8,90,629,700,2161,0.58,40102.3,-0.38
23.1,98.1,94.7,0,76,1.80,1,2849,1281,380,48.7,90,628,699,2171,0.58,40148.5,-0.16
23.2,98.1,98.7,0,75,1.80,1,2850,1282,377,48.7,90,628,699,2179,0.58,40228.6,0.04
23.3,98.1,102.3,0,77,1.80,1,2850,1282,384,48.8,90,628,699,2189,0.58,40328.7,0.22
23.4,98.0,101.8,0,77,1.80,1,2850,1282,384,48.8,90,627,699,2200,0.58,40428.9,0.20
23.5,98.0,101.5,0,76,1.80,1,2850,1283,384,48.8,90,627,699,2210,0.58,40529.1,0.18
23.6,98.0,101.1,0,77,1.80,1,2850,1283,387,48.8,90,626,699,2220,0.58,40629.2,0.16
23.7,98.0,99.0,0,78,1.80,1,2850,1283,390,48.8,90,626,698,2230,0.58,40675.5,0.05
23.8,98.0,97.1,0,77,1.80,1,2850,1284,388,48.8,90,625,698,2240,0.58,40775.7,-0.05
23.9,97.9,95.3,0,78,1.80,1,2851,1284,395,48.8,90,625,698,2251,0.58,40875.8,-0.13
24.0,97.9,95.6,0,78,1.80,1,2850,1284,392,48.8,90,624,698,2261,0.58,40976.0,-0.12
24.1,97.9,95.8,0,78,1.80,1,2850,1285,393,48.8,90,624,698,2269,0.58,41056.1,-0.11
24.2,97.8,96.0,0,79,1.80,1,2850,1284,398,48.8,90,623,697,2279,0.58,41102.4,-0.10
24.3,98.1,98.0,0,76,1.80,1,2850,1286,380,48.8,90,625,699,2289,0.58,41310.3,0.00
24.4,98.0,99.9,0,76,1.80,1,2850,1286,384,48.8,90,624,699,2300,0.58,41410.3,0.10
24.5,98.0,101.5,0,76,1.80,1,2850,1286,381,48.8,90,624,699,2310,0.58,41510.4,0.18
24.6,97.7,102.9,0,79,1.80,1,2850,1286,395,48.8,90,624,700,2318,0.59,41644.5,0.25
24.8,98.0,104.2,0,76,1.80,1,2850,1287,385,48.8,90,623,699,2328,0.58,41690.5,0.32
24.9,97.9,105.4,0,77,1.80,1,2850,1287,389,48.8,90,623,699,2338,0.58,41790.6,0.38
24.9,97.8,101.0,0,77,1.80,1,2850,1287,390,48.8,90,622,698,2349,0.58,41836.8,0.15
25.0,97.9,97.0,0,77,1.80,1,2850,1288,388,48.8,90,622,699,2357,0.58,41970.6,-0.05
25.2,97.8,93.4,0,77,1.80,1,2850,1288,388,48.8,90,622,699,2367,0.58,42070.6,-0.23
25.3,97.8,95.6,0,77,1.80,1,2850,1289,388,48.8,90,621,699,2377,0.58,42170.5,-0.11
25.4,97.8,97.7,0,77,1.80,1,2850,1289,388,48.8,90,621,699,2387,0.58,42270.4,-0.01
25.5,97.6,99.5,0,79,1.80,1,2850,1289,398,48.9,90,620,698,2398,0.58,42316.5,0.08
25.6,97.6,97.5,0,78,1.80,1,2850,1289,393,48.8,90,620,698,2408,0.58,42416.4,-0.02
25.7,97.5,95.7,0,79,1.80,1,2850,1290,399,48.9,90,619,697,2418,0.58,42462.4,-0.11
25.8,97.6,94.1,0,78,1.80,1,2850,1290,393,48.8,90,619,698,2428,0.58,42616.1,-0.19
25.9,97.5,92.6,0,79,1.80,1,2850,1290,401,48.9,90,618,697,2438,0.58,42662.1,-0.26
26.0,97.5,91.3,0,78,1.80,1,2850,1291,396,48.9,90,620,700,2446,0.59,42903.6,-0.33
26.1,97.4,90.1,0,79,1.80,1,2850,1291,399,48.9,90,620,700,2457,0.59,43003.4,-0.39
26.2,97.7,94.5,0,76,1.80,1,2850,1292,386,48.9,90,619,699,2467,0.59,43049.2,-0.16
26.3,97.7,98.5,0,76,1.80,1,2850,1292,386,48.9,90,619,699,2477,0.59,43148.9,0.04
26.4,97.7,102.1,0,76,1.80,1,2850,1292,383,48.9,90,618,699,2487,0.59,43248.6,0.22
26.5,97.7,101.6,0,76,1.80,1,2850,1293,387,48.9,90,618,699,2497,0.59,43348.3,0.20
26.6,97.7,101.2,0,77,1.80,1,2850,1293,388,48.9,90,618,699,2505,0.59,43428.1,0.18
26.7,97.7,100.9,0,76,1.80,1,2850,1293,385,48.9,90,618,699,2516,0.59,43527.8,0.16
26.8,97.6,100.6,0,76,1.80,1,2850,1294,385,48.9,90,617,699,2526,0.59,43627.5,0.14
26.9,97.6,100.3,0,78,1.80,1,2851,1294,394,48.9,90,616,699,2536,0.59,43727.2,0.13
27.0,97.6,100.0,0,78,1.80,1,2850,1294,394,48.9,90,616,699,2544,0.59,43807.0,0.12
27.1,97.5,99.8,0,77,1.80,1,2850,1295,388,48.9,90,616,699,2554,0.59,43906.6,0.10
27.2,97.5,99.5,0,77,1.80,1,2851,1295,392,48.9,90,616,699,2564,0.59,44006.3,0.09
27.3,97.5,99.3,0,78,1.80,1,2850,1295,398,48.9,90,615,698,2574,0.59,44052.0,0.09
27.4,97.5,97.3,0,77,1.80,1,2850,1295,392,48.9,90,615,698,2585,0.59,44151.7,-0.02
27.5,97.5,95.5,0,77,1.80,1,2851,1296,390,48.9,90,615,699,2593,0.59,44285.3,-0.11
27.6,97.5,93.9,0,78,1.80,1,2850,1296,395,48.9,90,614,699,2603,0.59,44384.9,-0.19
27.7,97.5,96.1,0,77,1.80,1,2850,1297,390,48.9,90,614,699,2613,0.59,44484.5,-0.08
27.8,97.5,98.1,0,78,1.80,1,2851,1297,397,48.9,90,613,698,2623,0.59,44530.3,0.02
27.9,97.5,99.8,0,78,1.80,1,2850,1297,397,48.9,90,613,698,2633,0.59,44629.9,0.11
28.0,97.5,97.8,0,77,1.80,1,2850,1298,393,48.9,90,613,698,2644,0.59,44729.6,0.01
28.1,97.6,96.0,0,76,1.80,1,2850,1298,387,48.9,90,613,699,2652,0.59,44863.1,-0.08
28.2,97.6,94.3,0,78,1.80,1,2851,1299,395,49.0,90,613,699,2662,0.59,44962.9,-0.16
28.3,97.6,94.7,0,78,1.80,1,2850,1299,399,49.0,90,612,698,2672,0.59,45008.7,-0.15
28.4,97.5,95.0,0,78,1.80,1,2850,1299,399,49.0,90,611,698,2682,0.59,45108.5,-0.13
28.5,97.5,95.2,0,78,1.80,1,2851,1299,399,49.0,90,611,698,2692,0.59,45208.3,-0.12
28.6,97.5,93.6,0,80,1.80,1,2850,1299,406,49.0,90,610,697,2703,0.59,45254.3,-0.20
28.7,97.6,92.2,0,78,1.80,1,2850,1300,398,49.0,90,610,698,2711,0.59,45388.0,-0.27
28.8,97.6,90.9,0,79,1.80,1,2851,1300,403,49.0,90,609,697,2723,0.59,45454.0,-0.34
28.9,97.7,97.1,0,79,1.80,1,2850,1300,403,49.0,90,611,700,2731,0.59,45695.6,-0.03
29.0,97.6,102.6,0,79,1.80,1,2850,1300,403,49.0,90,609,697,2741,0.59,45633.8,0.25
29.1,97.9,107.5,0,76,1.80,1,2850,1302,389,49.0,90,610,699,2751,0.59,45841.5,0.50
29.2,98.0,104.8,0,77,1.80,1,2850,1302,393,49.0,90,610,699,2762,0.59,45941.4,0.36
29.3,97.7,102.2,0,79,1.80,1,2850,1301,403,49.0,90,610,700,2770,0.59,46075.4,0.23
29.4,97.7,100.0,0,79,1.80,1,2850,1302,402,49.0,90,610,700,2780,0.59,46175.5,0.12
29.5,98.0,99.8,0,77,1.80,1,2850,1303,394,49.0,90,609,699,2790,0.59,46221.6,0.10
29.6,98.1,99.6,0,77,1.80,1,2849,1303,391,49.0,90,609,699,2800,0.59,46321.7,0.09
29.7,98.1,99.5,0,76,1.80,1,2850,1304,389,49.0,90,608,699,2811,0.59,46421.8,0.08
29.8,98.1,99.3,0,77,1.80,1,2850,1304,394,49.0,90,608,699,2821,0.59,46521.9,0.08
29.9,97.9,99.2,0,79,1.80,1,2850,1303,405,49.0,90,608,700,2829,0.59,46656.0,0.07
30.0,98.1,99.1,0,76,1.80,1,2850,1305,390,49.0,90,607,699,2839,0.59,46702.2,0.06
30.1,98.1,99.0,0,77,1.80,1,2850,1305,395,49.0,90,607,699,2849,0.59,46802.4,0.06
30.2,98.1,98.9,0,77,1.80,1,2850,1305,396,49.0,90,606,699,2860,0.59,46902.7,0.05
30.3,98.1,98.8,0,77,1.80,1,2850,1306,396,49.0,90,606,699,2870,0.59,47002.8,0.04
30.4,98.1,98.8,0,77,1.80,1,2850,1306,393,49.0,90,606,699,2878,0.59,47083.0,0.04
30.5,98.1,98.7,0,77,1.80,1,2850,1306,392,49.0,90,606,699,2888,0.59,47183.1,0.04
30.6,98.1,98.6,0,77,1.80,1,2850,1306,392,49.0,90,606,699,2898,0.59,47283.3,0.03
30.7,98.1,98.6,0,77,1.80,1,2850,1307,393,49.0,90,605,699,2909,0.59,47383.4,0.03
30.8,98.1,98.5,0,77,1.80,1,2850,1307,393,49.0,90,605,699,2919,0.59,47483.6,0.03
30.9,98.1,98.5,0,77,1.80,1,2850,1308,394,49.1,90,605,699,2927,0.59,47563.7,0.02
31.0,98.0,98.4,0,78,1.80,1,2850,1308,400,49.1,90,604,699,2937,0.59,47663.9,0.02
31.1,98.0,98.4,0,77,1.80,1,2850,1308,396,49.0,90,604,699,2947,0.59,47763.9,0.02
31.2,97.9,98.4,0,78,1.80,1,2851,1309,401,49.1,90,603,698,2958,0.59,47810.2,0.02
31.3,97.9,96.5,0,78,1.80,1,2850,1308,402,49.1,90,603,698,2968,0.59,47910.2,-0.08
31.4,97.9,94.8,0,77,1.80,1,2850,1309,396,49.1,90,603,699,2976,0.59,48044.1,-0.16
31.5,97.9,93.3,0,78,1.80,1,2851,1310,398,49.1,90,603,699,2986,0.59,48144.1,-0.24
31.6,97.9,95.6,0,78,1.80,1,2850,1310,400,49.1,90,602,699,2996,0.59,48244.1,-0.12
31.7,97.8,97.6,0,78,1.80,1,2850,1310,401,49.1,90,601,698,3009,0.59,48310.3,-0.02
31.8,97.8,99.5,0,78,1.80,1,2850,1310,401,49.1,90,601,698,3017,0.59,48390.3,0.08
31.9,97.8,97.5,0,79,1.80,1,2851,1311,403,49.1,90,601,698,3025,0.59,48470.3,-0.02
32.0,97.8,95.7,0,78,1.80,1,2850,1311,401,49.1,90,601,698,3035,0.59,48570.3,-0.11
32.1,97.7,94.1,0,79,1.80,1,2850,1311,409,49.1,90,599,697,3047,0.59,48636.5,-0.19
32.2,97.7,92.6,0,79,1.80,1,2850,1311,408,49.1,90,599,697,3057,0.59,48736.5,-0.27
32.3,97.8,91.3,0,79,1.80,1,2850,1312,404,49.1,90,599,698,3066,0.59,48870.3,-0.33
32.4,97.7,90.2,0,80,1.80,1,2850,1312,411,49.1,90,599,697,3076,0.59,48916.5,-0.39
32.5,98.0,94.6,0,77,1.80,1,2850,1313,395,49.1,90,600,699,3086,0.59,49124.3,-0.16
32.6,97.7,98.7,0,80,1.80,1,2850,1312,411,49.1,90,597,697,3096,0.59,49116.6,0.04
32.7,97.9,102.3,0,78,1.80,1,2851,1314,400,49.1,90,599,699,3106,0.59,49324.4,0.22
32.8,98.0,101.9,0,78,1.80,1,2850,1314,400,49.1,90,599,699,3115,0.59,49404.4,0.20
32.9,98.0,101.5,0,77,1.80,1,2850,1314,394,49.1,90,599,699,3125,0.59,49504.4,0.18
33.0,98.0,101.1,0,78,1.80,1,2851,1315,401,49.1,90,598,699,3135,0.59,49604.5,0.16
33.1,97.9,99.0,0,79,1.80,1,2850,1314,408,49.2,90,597,698,3145,0.59,49650.8,0.05
33.2,97.9,97.0,0,79,1.80,1,2850,1314,405,49.1,90,596,698,3155,0.59,49750.9,-0.05
33.3,97.9,95.3,0,78,1.80,1,2851,1315,401,49.1,90,597,698,3164,0.59,49830.9,-0.13
33.4,97.9,95.6,0,79,1.80,1,2851,1315,407,49.2,90,596,698,3174,0.59,49931.0,-0.12
33.5,97.9,95.8,0,79,1.80,1,2850,1315,409,49.2,90,596,698,3184,0.59,50031.2,-0.11
33.6,97.8,96.0,0,79,1.80,1,2850,1315,409,49.2,90,595,697,3194,0.59,50077.5,-0.10
33.7,97.8,94.4,0,79,1.80,1,2850,1316,410,49.2,90,595,697,3204,0.59,50177.6,-0.18
33.8,97.9,92.9,0,79,1.80,1,2850,1316,409,49.2,90,596,700,3213,0.59,50419.4,-0.25
33.9,97.8,91.6,0,80,1.80,1,2850,1316,411,49.2,90,596,700,3223,0.59,50519.5,-0.32
34.0,97.8,97.6,0,79,1.80,1,2850,1317,409,49.2,90,596,700,3233,0.59,50619.7,-0.01
34.1,97.8,103.1,0,80,1.80,1,2850,1317,411,49.2,90,595,700,3243,0.59,50719.8,0.26
34.2,97.9,108.0,0,79,1.80,1,2850,1318,409,49.2,90,594,698,3251,0.59,50692.0,0.51
34.3,97.8,107.0,0,80,1.80,1,2850,1318,411,49.2,90,595,700,3262,0.59,50900.0,0.46
34.4,98.1,106.1,0,77,1.80,1,2850,1319,398,49.2,90,594,699,3272,0.59,50946.2,0.41
34.5,97.7,105.2,0,81,1.80,1,2850,1318,415,49.2,90,594,700,3282,0.59,51100.2,0.37
34.6,97.8,104.5,0,79,1.80,1,2850,1319,408,49.2,90,594,700,3292,0.59,51200.3,0.33
34.7,97.8,103.8,0,79,1.80,1,2851,1320,410,49.2,90,594,700,3300,0.59,51280.4,0.30
34.8,98.0,103.2,0,78,1.80,1,2850,1320,404,49.2,90,593,699,3311,0.59,51326.5,0.27
34.9,98.0,100.9,0,77,1.80,1,2849,1320,397,49.2,90,593,699,3321,0.59,51426.5,0.15
35.0,97.7,98.7,0,80,1.80,1,2850,1320,413,49.2,90,593,700,3331,0.59,51580.6,0.04
35.1,97.9,96.8,0,79,1.80,1,2851,1321,407,49.2,90,592,699,3341,0.59,51626.6,-0.05
35.2,97.9,96.9,0,77,1.80,1,2849,1321,399,49.2,90,592,699,3351,0.59,51726.6,-0.05
35.3,97.9,97.0,0,77,1.80,1,2851,1322,401,49.2,90,591,699,3361,0.59,51826.6,-0.04
35.4,97.8,97.1,0,80,1.80,1,2851,1322,413,49.3,90,590,698,3372,0.59,51872.7,-0.04
35.5,97.8,97.2,0,78,1.80,1,2849,1322,405,49.2,90,590,699,3380,0.59,52006.6,-0.04
35.6,97.9,97.3,0,76,1.80,1,2850,1322,394,49.2,90,590,699,3390,0.59,52106.5,-0.03
35.7,97.9,97.3,0,78,1.80,1,2851,1323,404,49.3,90,590,699,3400,0.59,52206.4,-0.03
35.8,97.8,97.4,0,79,1.80,1,2850,1323,408,49.3,90,589,699,3410,0.59,52306.4,-0.03
35.9,97.8,97.4,0,77,1.80,1,2850,1323,401,49.2,90,589,699,3421,0.59,52406.3,-0.02
36.0,97.8,97.4,0,78,1.80,1,2851,1324,406,49.3,90,589,699,3431,0.59,52506.1,-0.02
36.1,97.8,97.5,0,78,1.80,1,2850,1324,405,49.3,90,589,699,3439,0.59,52586.0,-0.02
36.2,97.8,97.5,0,77,1.80,1,2850,1324,399,49.2,90,589,699,3449,0.59,52685.8,-0.02
36.3,97.7,97.5,0,78,1.80,1,2851,1325,406,49.3,90,588,699,3459,0.59,52785.7,-0.02
36.4,97.7,97.6,0,78,1.80,1,2849,1325,403,49.3,90,588,699,3469,0.59,52885.4,-0.01
36.5,97.7,97.6,0,77,1.80,1,2850,1325,398,49.3,90,588,699,3480,0.59,52985.2,-0.01
36.6,97.7,97.6,0,78,1.80,1,2850,1326,405,49.3,90,587,699,3490,0.59,53084.9,-0.01
36.7,97.4,99.4,0,80,1.80,1,2850,1325,416,49.3,90,588,700,3498,0.59,53218.7,0.08
36.8,97.6,101.0,0,78,1.80,1,2850,1326,405,49.3,90,586,699,3508,0.59,53264.5,0.17
36.9,97.6,102.5,0,79,1.80,1,2850,1327,409,49.3,90,586,699,3518,0.59,53364.2,0.24
37.0,97.6,100.2,0,77,1.80,1,2849,1326,400,49.3,90,586,699,3528,0.59,53463.8,0.13
37.1,97.3,98.1,0,79,1.80,1,2850,1327,411,49.3,90,586,700,3537,0.59,53597.5,0.02
37.2,97.6,96.3,0,78,1.80,1,2851,1328,407,49.3,90,586,699,3547,0.59,53643.2,-0.07
37.3,97.2,98.2,0,81,1.80,1,2849,1326,418,49.3,90,586,700,3557,0.59,53796.7,0.03
37.4,97.3,100.0,0,79,1.80,1,2850,1328,409,49.3,90,585,700,3567,0.59,53896.3,0.12
37.5,97.2,101.5,0,81,1.80,1,2851,1328,420,49.4,90,585,700,3577,0.59,53995.8,0.20
37.6,97.3,101.1,0,80,1.80,1,2850,1328,415,49.3,90,585,700,3585,0.59,54075.5,0.18
37.7,97.5,100.7,0,77,1.80,1,2850,1329,401,49.3,90,584,699,3597,0.59,54140.9,0.16
37.8,97.2,100.4,0,80,1.80,1,2851,1329,417,49.4,90,584,700,3606,0.59,54274.5,0.15
37.9,97.3,98.2,0,79,1.80,1,2850,1329,410,49.4,90,583,699,3618,0.59,54339.9,0.04
38.0,97.3,96.3,0,78,1.80,1,2850,1330,408,49.3,90,583,699,3626,0.59,54419.5,-0.06
38.1,97.3,94.6,0,78,1.80,1,2850,1330,408,49.3,90,583,699,3636,0.59,54518.9,-0.14
38.2,97.2,93.0,0,79,1.80,1,2851,1330,413,49.4,90,582,698,3646,0.59,54564.4,-0.22
38.3,97.2,91.6,0,79,1.80,1,2850,1330,411,49.4,90,582,698,3656,0.59,54663.7,-0.29
38.4,97.1,90.4,0,79,1.80,1,2851,1331,414,49.4,90,581,698,3666,0.59,54763.0,-0.35
38.5,97.0,91.0,0,80,1.80,1,2850,1331,419,49.4,90,580,698,3676,0.59,54862.3,-0.32
38.6,97.0,91.6,0,79,1.80,1,2850,1331,413,49.4,90,580,698,3685,0.59,54941.7,-0.29
38.7,96.9,92.2,0,80,1.80,1,2850,1331,418,49.4,90,580,698,3695,0.59,55040.9,-0.26
38.8,97.0,92.6,0,79,1.80,1,2850,1332,413,49.4,90,580,698,3705,0.59,55140.1,-0.23
38.9,96.9,93.1,0,80,1.80,1,2850,1332,419,49.4,90,579,698,3715,0.59,55239.3,-0.21
39.0,96.9,93.5,0,80,1.80,1,2850,1332,415,49.4,90,581,700,3723,0.60,55426.5,-0.19
39.1,97.1,95.6,0,78,1.80,1,2850,1333,407,49.4,90,580,699,3733,0.59,55471.6,-0.08
39.2,97.1,97.6,0,78,1.80,1,2850,1333,407,49.4,90,580,699,3743,0.60,55570.7,0.02
39.3,97.0,99.3,0,79,1.80,1,2850,1334,410,49.4,90,579,699,3753,0.59,55669.9,0.11
39.4,97.0,99.1,0,78,1.80,1,2850,1334,405,49.4,90,579,699,3763,0.60,55768.9,0.10
39.5,96.8,98.9,0,80,1.80,1,2850,1334,416,49.4,90,579,700,3771,0.60,55902.1,0.09
39.6,97.0,98.7,0,78,1.80,1,2851,1335,409,49.4,90,579,699,3782,0.60,55947.2,0.08
39.7,97.0,98.5,0,79,1.80,1,2850,1335,413,49.4,90,578,699,3792,0.60,56046.3,0.07
39.8,97.0,98.4,0,78,1.80,1,2850,1335,408,49.4,90,578,699,3802,0.60,56145.4,0.07
39.9,97.1,98.2,0,78,1.80,1,2850,1336,406,49.4,90,578,699,3810,0.60,56224.6,0.06
40.0,97.0,98.1,0,79,1.80,1,2850,1336,413,49.5,90,577,699,3822,0.60,56343.6,0.05
40.1,97.1,98.0,0,78,1.80,1,2850,1336,407,49.4,90,577,699,3830,0.60,56422.8,0.05
40.2,97.1,97.9,0,78,1.80,1,2850,1337,407,49.4,90,577,699,3840,0.60,56521.9,0.04
40.3,97.0,96.0,0,80,1.80,1,2851,1337,417,49.5,90,576,698,3852,0.60,56587.0,-0.05
40.4,97.0,94.3,0,79,1.80,1,2850,1337,412,49.5,90,576,699,3860,0.60,56720.2,-0.14
40.5,97.1,92.7,0,78,1.80,1,2850,1337,410,49.4,90,576,699,3870,0.60,56819.3,-0.22
40.6,97.0,93.1,0,80,1.80,1,2851,1338,418,49.5,90,575,698,3881,0.60,56864.6,-0.20
40.7,97.0,93.5,0,80,1.80,1,2850,1337,419,49.5,90,574,698,3891,0.60,56963.8,-0.18
40.8,97.0,93.9,0,79,1.80,1,2850,1338,414,49.5,90,574,698,3901,0.60,57063.0,-0.16
40.9,97.0,94.2,0,80,1.80,1,2851,1338,420,49.5,90,574,698,3909,0.60,57142.4,-0.14
41.0,97.0,94.5,0,80,1.80,1,2850,1338,419,49.5,90,573,698,3919,0.60,57241.6,-0.13
41.1,97.0,94.7,0,79,1.80,1,2850,1339,415,49.5,90,573,698,3929,0.60,57340.9,-0.12
41.2,97.0,94.9,0,80,1.80,1,2851,1339,423,49.5,90,572,698,3939,0.59,57440.1,-0.11
41.3,97.0,95.1,0,80,1.80,1,2850,1339,421,49.5,90,574,700,3949,0.60,57647.3,-0.09
41.4,97.1,95.3,0,79,1.80,1,2850,1340,416,49.5,90,574,700,3957,0.60,57726.7,-0.09
41.5,97.3,97.4,0,79,1.80,1,2851,1341,413,49.5,90,573,699,3968,0.60,57772.1,0.02
41.6,97.0,99.2,0,81,1.80,1,2850,1339,424,49.5,90,573,700,3978,0.60,57925.4,0.11
41.7,97.1,100.8,0,79,1.80,1,2850,1340,416,49.5,90,571,698,3988,0.60,57916.8,0.19
41.8,97.1,98.6,0,81,1.80,1,2851,1341,425,49.6,90,571,698,3998,0.60,58016.2,0.08
41.9,97.2,96.6,0,80,1.80,1,2850,1341,422,49.5,90,572,700,4006,0.60,58203.6,-0.02
42.0,97.1,94.9,0,80,1.80,1,2850,1341,419,49.5,90,572,700,4016,0.60,58303.0,-0.11
42.1,97.1,95.1,0,80,1.80,1,2851,1342,421,49.5,90,570,698,4026,0.60,58294.5,-0.10
42.2,97.2,95.3,0,80,1.80,1,2850,1342,419,49.5,90,570,698,4036,0.60,58393.8,-0.09
42.3,97.2,95.5,0,80,1.80,1,2850,1342,420,49.5,90,569,698,4047,0.60,58493.3,-0.08
42.4,97.2,95.6,0,80,1.80,1,2850,1343,421,49.6,90,569,698,4055,0.60,58572.8,-0.07
42.5,97.2,95.8,0,80,1.80,1,2850,1343,419,49.6,90,569,698,4065,0.60,58672.2,-0.07
42.6,97.2,95.9,0,80,1.80,1,2850,1343,419,49.6,90,569,698,4075,0.60,58771.7,-0.06
42.7,97.3,96.1,0,79,1.80,1,2850,1344,416,49.6,90,569,698,4085,0.60,58871.1,-0.05
42.9,97.2,96.2,0,80,1.80,1,2851,1344,422,49.6,90,568,698,4095,0.60,58970.5,-0.05
42.9,97.3,96.3,0,79,1.80,1,2850,1344,414,49.6,90,569,699,4103,0.60,59103.9,-0.04
43.0,97.3,96.4,0,79,1.80,1,2851,1345,417,49.6,90,568,698,4115,0.60,59169.4,-0.04
43.1,97.3,96.5,0,80,1.80,1,2850,1345,420,49.6,90,567,698,4126,0.60,59268.9,-0.04
43.2,97.3,96.6,0,80,1.80,1,2850,1345,419,49.6,90,567,698,4134,0.60,59348.4,-0.03
43.3,97.3,96.6,0,79,1.80,1,2850,1345,417,49.6,90,567,698,4144,0.60,59447.9,-0.03
43.4,97.4,96.7,0,79,1.80,1,2850,1346,415,49.6,90,567,699,4154,0.60,59601.2,-0.03
43.6,97.3,96.8,0,79,1.80,1,2850,1346,417,49.6,90,567,699,4164,0.60,59700.6,-0.02
43.7,97.3,96.8,0,80,1.80,1,2850,1346,421,49.6,90,566,698,4174,0.60,59746.2,-0.02
43.8,97.2,96.9,0,80,1.80,1,2850,1346,422,49.6,90,565,698,4184,0.60,59845.7,-0.02
43.9,97.3,96.9,0,78,1.80,1,2850,1347,414,49.6,90,566,699,4193,0.60,59979.1,-0.02
44.0,97.3,98.8,0,79,1.80,1,2851,1348,417,49.6,90,566,699,4203,0.60,60078.5,0.08
44.1,97.4,100.5,0,80,1.80,1,2850,1347,420,49.6,90,565,699,4213,0.60,60177.9,0.16
44.2,97.3,102.0,0,79,1.80,1,2850,1348,419,49.6,90,565,699,4223,0.60,60277.4,0.24
44.3,97.3,101.5,0,79,1.80,1,2850,1348,419,49.6,90,564,699,4233,0.60,60376.9,0.21
44.4,97.4,101.1,0,78,1.80,1,2850,1348,413,49.6,90,565,699,4241,0.60,60456.4,0.19
44.5,97.4,100.7,0,78,1.80,1,2850,1349,413,49.6,90,564,699,4251,0.60,60555.8,0.17
44.6,97.3,100.4,0,79,1.80,1,2851,1349,420,49.7,90,564,699,4261,0.60,60655.3,0.16
44.7,97.3,100.1,0,80,1.80,1,2850,1349,422,49.7,90,563,699,4272,0.60,60754.7,0.14
44.8,97.3,99.8,0,79,1.80,1,2850,1349,416,49.6,90,563,699,4280,0.60,60834.2,0.13
44.9,97.3,99.5,0,79,1.80,1,2851,1350,417,49.7,90,563,699,4290,0.60,60933.6,0.11
45.0,97.2,99.3,0,80,1.80,1,2851,1350,423,49.7,90,562,699,4300,0.60,61033.1,0.10
45.1,97.1,99.1,0,80,1.80,1,2850,1349,425,49.7,90,561,698,4312,0.60,61098.4,0.09
45.2,97.2,98.9,0,79,1.80,1,2850,1350,416,49.6,90,562,699,4320,0.60,61231.8,0.08
45.3,97.2,98.7,0,80,1.80,1,2851,1351,422,49.7,90,561,699,4328,0.60,61311.3,0.07
45.4,97.2,98.6,0,79,1.80,1,2850,1351,420,49.7,90,562,699,4338,0.60,61410.5,0.07
45.5,97.2,98.4,0,78,1.80,1,2850,1351,415,49.7,90,561,699,4349,0.60,61509.8,0.06
45.6,97.1,98.3,0,80,1.80,1,2851,1352,424,49.7,90,561,699,4359,0.60,61609.1,0.05
45.7,97.0,98.2,0,81,1.80,1,2850,1351,427,49.7,90,560,698,4369,0.60,61654.5,0.05
45.8,96.9,96.3,0,80,1.80,1,2850,1351,423,49.7,90,559,698,4379,0.60,61753.7,-0.05
45.9,97.0,94.5,0,79,1.80,1,2851,1353,417,49.7,90,560,699,4389,0.60,61906.7,-0.13
46.0,97.0,93.0,0,80,1.80,1,2851,1353,426,49.7,90,559,699,4399,0.60,62005.9,-0.21
46.1,97.0,95.2,0,80,1.80,1,2850,1353,423,49.7,90,559,699,4409,0.60,62105.1,-0.10
46.2,97.1,97.2,0,79,1.80,1,2850,1353,416,49.7,90,559,699,4417,0.60,62184.4,0.00
46.3,97.1,99.0,0,79,1.80,1,2851,1354,421,49.7,90,559,699,4427,0.60,62283.6,0.10
46.4,97.0,98.8,0,80,1.80,1,2850,1354,426,49.8,90,558,699,4438,0.60,62382.7,0.09
46.5,97.0,98.6,0,79,1.80,1,2850,1354,420,49.7,90,558,699,4448,0.60,62481.9,0.08
46.6,96.9,98.5,0,80,1.80,1,2851,1354,425,49.8,90,557,698,4458,0.60,62527.1,0.07
46.7,97.0,98.3,0,80,1.80,1,2850,1355,425,49.8,90,557,699,4466,0.60,62660.3,0.06
46.8,97.0,98.2,0,79,1.80,1,2850,1355,418,49.7,90,557,699,4476,0.60,62759.4,0.06
46.9,97.0,98.1,0,80,1.80,1,2851,1356,423,49.8,90,557,699,4486,0.60,62858.5,0.05
47.0,97.0,98.0,0,80,1.80,1,2850,1355,426,49.8,90,556,699,4496,0.60,62957.7,0.05
47.1,97.1,97.9,0,79,1.80,1,2850,1356,417,49.7,90,557,699,4506,0.60,63056.8,0.04
47.2,97.0,97.8,0,79,1.80,1,2851,1356,422,49.8,90,556,699,4514,0.60,63136.1,0.04
47.3,97.0,97.7,0,81,1.80,1,2850,1356,428,49.8,90,556,699,4524,0.60,63235.3,0.03
47.4,97.0,97.6,0,80,1.80,1,2850,1356,425,49.8,90,555,698,4535,0.60,63280.6,0.03
47.5,97.0,97.6,0,79,1.80,1,2850,1357,420,49.8,90,555,699,4545,0.60,63433.6,0.03
47.6,97.0,95.7,0,81,1.80,1,2851,1357,430,49.8,90,554,698,4555,0.60,63479.0,-0.07
47.7,97.1,94.0,0,80,1.80,1,2850,1357,427,49.8,90,555,699,4563,0.60,63612.2,-0.15
47.8,97.2,92.5,0,78,1.80,1,2850,1358,417,49.8,90,555,699,4573,0.60,63711.4,-0.23
47.9,97.2,94.8,0,79,1.80,1,2851,1359,423,49.8,90,554,699,4583,0.60,63810.7,-0.11
48.0,97.1,96.9,0,81,1.80,1,2850,1358,430,49.9,90,554,699,4593,0.60,63910.0,-0.01
48.1,97.2,98.7,0,79,1.80,1,2850,1358,422,49.8,90,553,699,4603,0.60,64009.3,0.08
48.2,97.2,98.6,0,79,1.80,1,2851,1359,419,49.8,90,553,699,4611,0.60,64088.8,0.08
48.3,97.3,98.5,0,80,1.80,1,2851,1359,426,49.9,90,553,699,4622,0.60,64188.1,0.07
48.4,97.3,98.3,0,79,1.80,1,2850,1359,423,49.8,90,553,699,4632,0.60,64287.5,0.06
48.5,97.4,98.2,0,78,1.80,1,2850,1360,416,49.8,90,553,699,4642,0.60,64386.8,0.06
48.6,97.4,98.1,0,79,1.80,1,2851,1360,421,49.8,90,553,699,4652,0.60,64486.2,0.05
48.7,97.4,98.1,0,79,1.80,1,2850,1360,422,49.9,90,552,699,4662,0.60,64585.6,0.04
48.8,97.4,98.0,0,79,1.80,1,2850,1361,422,49.8,90,552,699,4672,0.60,64685.1,0.04
48.9,97.4,97.9,0,79,1.80,1,2850,1361,419,49.8,90,552,699,4682,0.60,64784.5,0.04
49.0,97.4,97.9,0,80,1.80,1,2851,1361,425,49.9,90,551,699,4693,0.60,64884.0,0.03
49.1,97.4,97.8,0,79,1.80,1,2850,1361,422,49.9,90,551,699,4701,0.60,64963.6,0.03
49.2,97.5,97.8,0,79,1.80,1,2850,1362,419,49.9,90,551,699,4711,0.60,65063.1,0.03
49.3,97.4,97.8,0,80,1.80,1,2851,1362,425,49.9,90,550,699,4721,0.60,65162.6,0.02
49.4,97.4,97.7,0,80,1.80,1,2850,1362,426,49.9,90,550,699,4731,0.60,65262.2,0.02
49.5,97.5,97.7,0,78,1.80,1,2850,1362,418,49.9,90,550,699,4741,0.60,65361.6,0.02
49.6,97.2,97.7,0,80,1.80,1,2851,1362,429,49.9,90,550,700,4749,0.60,65495.2,0.02
49.7,97.5,97.6,0,80,1.80,1,2851,1363,425,49.9,90,549,699,4759,0.60,65540.8,0.02
49.8,97.5,97.6,0,79,1.80,1,2850,1363,422,49.9,90,549,699,4770,0.60,65640.3,0.01
49.9,97.4,97.6,0,79,1.80,1,2850,1364,423,49.9,90,548,699,4780,0.60,65739.9,0.01
50.0,97.5,97.6,0,79,1.80,1,2850,1364,422,49.9,90,549,699,4790,0.60,65839.3,0.01
50.1,97.2,97.6,0,81,1.80,1,2850,1363,431,49.9,90,549,700,4798,0.60,65972.9,0.01
50.2,97.5,97.6,0,79,1.80,1,2850,1365,422,49.9,90,548,699,4808,0.60,66018.4,0.01
50.3,97.5,97.6,0,79,1.80,1,2850,1365,424,49.9,90,548,699,4818,0.60,66117.9,0.01
50.4,97.1,97.6,0,81,1.80,1,2850,1364,432,49.9,90,548,700,4828,0.60,66271.4,0.01
50.5,97.4,97.5,0,79,1.80,1,2850,1366,421,49.9,90,547,699,4839,0.60,66316.9,0.01
50.6,97.2,99.3,0,81,1.80,1,2851,1365,435,50.0,90,547,700,4847,0.60,66450.5,0.10
50.7,97.2,100.9,0,81,1.80,1,2850,1365,432,49.9,90,545,698,4857,0.60,66442.1,0.18
50.8,97.2,102.4,0,80,1.80,1,2850,1365,430,49.9,90,545,698,4867,0.60,66541.5,0.25
50.9,97.2,98.3,0,81,1.80,1,2851,1366,434,50.0,90,545,698,4877,0.60,66641.0,0.05
51.0,97.2,94.5,0,80,1.80,1,2850,1366,430,50.0,90,545,698,4887,0.60,66740.4,-0.14
51.1,97.2,91.2,0,80,1.80,1,2851,1366,431,50.0,90,544,698,4895,0.60,66820.0,-0.31
51.2,97.4,93.6,0,79,1.80,1,2850,1367,424,49.9,90,545,699,4905,0.60,66973.3,-0.19
51.3,97.3,95.8,0,80,1.80,1,2851,1368,429,50.0,90,544,699,4916,0.60,67072.8,-0.08
51.4,97.2,97.8,0,81,1.80,1,2850,1367,433,50.0,90,543,698,4928,0.60,67138.2,0.02
51.5,97.3,97.8,0,80,1.80,1,2850,1367,427,50.0,90,544,699,4936,0.60,67271.7,0.02
51.6,97.3,97.7,0,80,1.80,1,2851,1368,429,50.0,90,543,699,4944,0.60,67351.3,0.02
51.7,97.3,97.7,0,80,1.80,1,2850,1368,429,50.0,90,543,699,4956,0.60,67470.6,0.02
51.8,97.3,97.6,0,80,1.80,1,2850,1369,428,50.0,90,543,699,4966,0.60,67570.1,0.02
51.9,97.3,97.6,0,80,1.80,1,2851,1369,431,50.0,90,542,699,4974,0.60,67649.7,0.01
52.0,97.4,97.6,0,80,1.80,1,2850,1369,427,50.0,90,542,699,4985,0.60,67749.1,0.01
52.1,97.3,97.5,0,80,1.80,1,2851,1369,429,50.0,90,542,699,4995,0.60,67848.6,0.01
52.2,97.3,97.5,0,80,1.80,1,2851,1370,432,50.0,90,542,699,5005,0.60,67948.0,0.01
52.3,97.3,97.5,0,80,1.80,1,2850,1370,430,50.0,90,541,699,5015,0.60,68047.5,0.01
52.4,97.3,97.5,0,79,1.80,1,2850,1370,426,50.0,90,541,699,5025,0.60,68146.9,0.01
52.5,97.3,97.5,0,80,1.80,1,2851,1371,432,50.1,90,541,699,5033,0.60,68226.5,0.01
52.6,97.3,97.5,0,80,1.80,1,2850,1370,429,50.0,90,541,699,5043,0.60,68325.9,0.01
52.7,97.3,97.4,0,79,1.80,1,2850,1371,426,50.0,90,540,699,5054,0.60,68425.3,0.01
52.8,97.2,97.4,0,81,1.80,1,2851,1371,433,50.1,90,540,699,5064,0.60,68524.8,0.01
52.9,97.3,97.4,0,80,1.80,1,2850,1371,429,50.1,90,540,699,5074,0.60,68624.1,0.00
53.0,97.3,97.4,0,79,1.80,1,2850,1372,422,50.0,90,540,699,5082,0.61,68703.6,0.00
53.1,97.3,97.4,0,80,1.80,1,2851,1372,431,50.1,90,539,699,5092,0.61,68803.0,0.00
53.2,97.2,97.4,0,80,1.80,1,2850,1371,432,50.1,90,539,699,5102,0.61,68902.4,0.00
53.3,97.2,97.4,0,79,1.80,1,2850,1370,426,50.0,90,539,699,5112,0.61,69001.7,0.00
53.4,97.3,97.4,0,79,1.80,1,2850,1369,423,50.1,90,539,699,5120,0.61,69081.1,0.00
53.5,97.2,97.4,0,80,1.80,1,2850,1368,427,50.1,90,539,699,5130,0.61,69180.5,0.00
53.6,97.2,97.3,0,79,1.79,1,2850,1366,424,50.1,90,538,699,5141,0.61,69279.7,0.00
53.7,97.1,97.3,0,79,1.79,1,2850,1365,422,50.1,90,538,699,5153,0.61,69398.8,0.00
53.8,97.2,97.3,0,79,1.79,1,2850,1363,423,50.1,90,538,699,5163,0.61,69498.0,0.00
53.9,97.1,97.3,0,79,1.79,1,2850,1362,422,50.1,90,537,699,5171,0.61,69577.4,0.00
54.0,96.9,97.3,0,81,1.78,1,2850,1361,432,50.1,90,536,698,5179,0.60,69602.8,0.00
54.1,97.0,97.3,0,80,1.78,1,2850,1360,426,50.1,90,536,699,5191,0.61,69775.8,0.00
54.2,97.0,97.2,0,80,1.78,1,2850,1358,424,50.1,90,536,699,5201,0.61,69874.9,0.00
54.3,97.0,97.2,0,80,1.78,1,2850,1357,424,50.1,90,536,699,5209,0.61,69954.2,0.00
54.4,97.0,97.2,0,79,1.77,1,2850,1356,420,50.1,90,536,699,5219,0.61,70053.2,0.00
54.5,97.0,97.2,0,80,1.77,1,2850,1355,422,50.1,90,535,699,5230,0.61,70152.3,0.00
54.6,96.7,97.2,0,82,1.77,1,2850,1353,432,50.1,90,536,700,5238,0.61,70285.5,0.00
54.7,96.9,97.1,0,80,1.77,1,2850,1352,422,50.1,90,535,699,5250,0.61,70350.4,0.00
54.8,96.9,97.1,0,80,1.77,1,2850,1351,423,50.1,90,534,699,5260,0.61,70449.4,0.00
54.9,96.9,97.1,0,80,1.76,1,2850,1350,423,50.1,90,534,699,5268,0.61,70528.6,0.00
55.0,96.8,97.1,0,80,1.76,1,2850,1348,424,50.1,90,534,699,5278,0.61,70627.6,0.00
55.1,96.8,97.0,0,80,1.76,1,2850,1347,422,50.1,90,533,699,5288,0.61,70726.5,0.00
55.2,96.7,97.0,0,81,1.76,1,2850,1346,425,50.1,90,533,698,5298,0.61,70771.6,0.00
55.3,96.7,97.0,0,81,1.75,1,2850,1344,426,50.1,90,532,698,5306,0.61,70850.7,0.00
55.4,96.7,95.1,0,80,1.75,1,2850,1343,422,50.1,90,532,698,5316,0.61,70949.6,-0.09
55.5,96.6,93.5,0,81,1.75,1,2850,1342,425,50.1,90,532,698,5326,0.61,71048.5,-0.17
55.6,96.7,92.0,0,80,1.75,1,2850,1340,422,50.1,90,532,698,5336,0.61,71147.4,-0.25
55.7,96.6,92.4,0,81,1.74,1,2850,1339,425,50.1,90,531,698,5347,0.61,71246.2,-0.22
55.8,96.7,92.9,0,80,1.74,1,2850,1338,422,50.1,90,531,698,5355,0.61,71325.3,-0.20
55.9,96.6,93.2,0,81,1.74,1,2850,1337,423,50.1,90,532,700,5365,0.61,71532.1,-0.18
56.0,96.8,95.4,0,79,1.74,1,2850,1336,414,50.1,90,531,699,5375,0.61,71577.0,-0.07
56.1,96.8,97.4,0,79,1.74,1,2849,1334,413,50.1,90,531,699,5387,0.61,71695.5,0.03
56.2,96.6,99.2,0,81,1.73,1,2850,1333,420,50.1,90,531,700,5395,0.61,71828.6,0.12
56.3,96.7,97.1,0,80,1.73,1,2850,1332,420,50.1,90,530,698,5403,0.61,71799.9,0.01
56.4,96.6,95.2,0,81,1.73,1,2850,1330,423,50.1,90,529,698,5413,0.61,71898.7,-0.08
56.5,96.7,93.6,0,80,1.73,1,2850,1329,416,50.1,90,529,698,5423,0.61,71997.6,-0.16
56.6,96.7,93.9,0,80,1.73,1,2851,1328,418,50.1,90,529,698,5433,0.61,72096.4,-0.15
56.7,96.7,94.2,0,80,1.72,1,2850,1327,417,50.1,90,529,699,5443,0.61,72249.2,-0.13
56.8,96.8,94.4,0,80,1.72,1,2850,1326,413,50.1,90,529,699,5451,0.61,72328.3,-0.12
56.9,96.8,96.5,0,80,1.72,1,2850,1325,416,50.1,90,528,699,5461,0.61,72427.2,-0.01
57.0,96.8,98.3,0,80,1.72,1,2850,1323,415,50.1,90,528,699,5472,0.61,72526.1,0.08
57.1,96.7,100.0,0,80,1.71,1,2850,1322,413,50.1,90,528,699,5484,0.61,72644.8,0.16
57.2,96.7,97.9,0,80,1.71,1,2850,1321,417,50.1,90,527,698,5492,0.61,72670.1,0.06
57.3,96.7,96.0,0,81,1.71,1,2850,1319,419,50.1,90,527,698,5502,0.61,72769.1,-0.04
57.4,96.7,94.2,0,80,1.71,1,2850,1318,415,50.1,90,526,698,5512,0.61,72868.0,-0.13
57.5,96.7,94.5,0,80,1.71,1,2850,1317,413,50.1,90,526,698,5522,0.61,72966.9,-0.12
57.6,96.8,94.7,0,80,1.70,1,2850,1316,412,50.1,90,526,699,5532,0.61,73119.7,-0.10
57.7,96.9,94.9,0,80,1.70,1,2850,1315,411,50.1,90,526,699,5540,0.61,73198.9,-0.09
57.8,96.9,96.9,0,80,1.70,1,2850,1314,409,50.1,90,526,699,5550,0.61,73297.9,0.01
57.9,96.9,98.7,0,80,1.70,1,2850,1312,409,50.1,90,526,699,5560,0.61,73396.8,0.10
58.0,96.8,100.4,0,80,1.70,1,2850,1311,412,50.1,90,525,699,5570,0.61,73495.9,0.18
58.1,96.8,98.2,0,80,1.69,1,2850,1309,413,50.1,90,525,698,5580,0.61,73541.0,0.07
58.2,96.8,96.2,0,80,1.69,1,2850,1308,410,50.1,90,524,698,5591,0.61,73640.0,-0.03
58.3,96.9,94.5,0,80,1.69,1,2850,1307,408,50.1,90,524,699,5599,0.61,73773.1,-0.12
58.4,96.8,94.7,0,81,1.69,1,2850,1306,415,50.1,90,523,698,5609,0.61,73818.3,-0.11
58.5,96.8,94.9,0,80,1.68,1,2850,1304,411,50.1,90,523,698,5619,0.61,73917.3,-0.09
58.6,96.9,95.1,0,80,1.68,1,2850,1303,407,50.1,90,523,698,5629,0.61,74016.3,-0.09
58.7,96.9,95.3,0,81,1.68,1,2851,1302,411,50.1,90,523,698,5637,0.61,74095.6,-0.08
58.8,96.9,95.4,0,81,1.68,1,2850,1300,411,50.1,90,523,698,5647,0.61,74194.7,-0.07
58.9,96.9,95.6,0,80,1.68,1,2850,1298,406,50.1,90,522,698,5657,0.61,74293.8,-0.06
59.0,96.9,97.5,0,79,1.67,1,2850,1297,404,50.1,90,522,699,5667,0.61,74446.7,0.04
59.1,96.9,99.3,0,80,1.67,1,2850,1296,407,50.1,90,522,699,5677,0.61,74545.8,0.13
59.2,97.0,100.9,0,80,1.67,1,2850,1295,404,50.1,90,522,699,5685,0.61,74625.1,0.21
59.3,97.1,100.5,0,78,1.67,1,2849,1293,397,50.1,90,522,699,5696,0.61,74724.1,0.18
59.4,97.0,100.2,0,79,1.67,1,2851,1292,402,50.1,90,522,699,5706,0.61,74823.2,0.17
59.5,97.0,99.9,0,80,1.66,1,2850,1290,404,50.1,90,521,699,5716,0.61,74922.3,0.15
59.6,96.9,99.6,0,80,1.66,1,2850,1288,402,50.1,90,521,699,5726,0.61,75021.4,0.13
59.7,97.0,99.3,0,79,1.66,1,2850,1287,399,50.1,90,521,699,5734,0.61,75100.7,0.12
59.8,97.0,99.1,0,79,1.66,1,2850,1286,396,50.1,90,521,699,5744,0.61,75199.6,0.11
59.9,96.9,98.9,0,80,1.66,1,2850,1285,400,50.1,90,520,699,5754,0.61,75298.7,0.10
60.0,96.9,98.7,0,80,1.65,1,2850,1283,400,50.1,90,520,699,5764,0.61,75397.8,0.09
60.1,96.9,98.5,0,79,1.65,1,2850,1281,398,50.1,90,520,699,5774,0.61,75496.8,0.08
60.2,96.9,98.3,0,79,1.65,1,2850,1280,398,50.1,90,519,699,5784,0.61,75595.8,0.07
60.3,96.9,98.2,0,80,1.65,1,2850,1279,398,50.1,90,519,699,5795,0.61,75694.8,0.06
60.4,96.9,98.1,0,79,1.64,1,2850,1277,394,50.1,90,519,699,5803,0.61,75773.9,0.06
60.5,96.8,97.9,0,79,1.64,1,2850,1276,396,50.1,90,519,699,5815,0.61,75892.7,0.05
60.6,96.9,97.8,0,79,1.64,1,2850,1275,393,50.1,90,519,699,5823,0.61,75971.8,0.05
60.7,96.8,97.7,0,79,1.64,1,2850,1273,393,50.1,90,518,699,5833,0.61,76070.7,0.04
60.8,96.8,97.6,0,79,1.64,1,2850,1272,392,50.1,90,518,699,5843,0.61,76169.5,0.04
60.9,96.7,97.6,0,79,1.63,1,2850,1270,395,50.1,90,517,699,5853,0.61,76268.4,0.03
61.0,96.8,97.5,0,79,1.63,1,2849,1268,391,50.1,90,517,699,5863,0.61,76367.1,0.03
61.1,96.5,99.2,0,80,1.63,1,2850,1266,397,50.1,90,518,700,5871,0.61,76500.2,0.12
61.2,96.5,100.8,0,80,1.63,1,2850,1265,399,50.1,90,516,698,5881,0.61,76491.1,0.20
61.3,96.5,102.2,0,81,1.62,1,2850,1264,399,50.1,90,515,698,5891,0.61,76589.8,0.27
61.4,96.4,97.9,0,80,1.62,1,2850,1262,396,50.1,90,515,698,5901,0.61,76688.5,0.06
61.5,96.5,94.1,0,80,1.62,1,2850,1261,394,50.1,90,516,700,5909,0.61,76875.3,-0.13
61.6,96.6,90.7,0,79,1.62,1,2850,1261,391,50.1,90,516,699,5919,0.61,76920.0,-0.31
61.7,96.3,94.9,0,81,1.62,1,2849,1258,398,50.1,90,516,700,5929,0.61,77072.6,-0.09
61.8,96.6,98.6,0,78,1.62,1,2850,1258,385,50.1,90,515,699,5940,0.61,77117.3,0.10
61.9,96.3,102.0,0,81,1.61,1,2850,1255,398,50.1,90,513,697,5950,0.61,77108.2,0.27
62.0,96.5,99.7,0,79,1.61,1,2850,1255,390,50.1,90,514,699,5958,0.61,77294.8,0.16
62.1,96.5,97.5,0,79,1.61,1,2850,1253,389,50.1,90,514,699,5968,0.61,77393.4,0.05
62.2,96.5,95.6,0,79,1.61,1,2850,1252,388,50.1,90,514,699,5978,0.61,77491.9,-0.05
62.3,96.4,95.7,0,80,1.60,1,2850,1250,391,50.1,90,513,699,5988,0.61,77590.5,-0.04
62.4,96.3,95.8,0,80,1.60,1,2850,1248,392,50.1,90,513,698,5998,0.61,77635.2,-0.04
62.6,96.4,95.8,0,79,1.60,1,2850,1247,388,50.1,90,513,699,6006,0.61,77767.9,-0.04
62.6,96.5,95.9,0,79,1.60,1,2850,1246,384,50.1,90,513,699,6016,0.61,77866.4,-0.03
62.7,96.5,96.0,0,79,1.60,1,2850,1245,387,50.1,90,512,699,6026,0.61,77965.0,-0.03
62.9,96.4,96.0,0,80,1.59,1,2850,1243,389,50.1,90,512,699,6036,0.61,78063.5,-0.03
63.0,96.3,94.2,0,80,1.59,1,2850,1241,389,50.1,90,511,698,6046,0.61,78108.2,-0.11
63.1,96.3,92.6,0,79,1.59,1,2850,1241,385,50.1,90,511,699,6056,0.61,78260.6,-0.20
63.2,96.4,91.2,0,79,1.59,1,2850,1239,385,50.1,90,511,699,6066,0.61,78359.1,-0.27
63.3,96.4,93.5,0,80,1.59,1,2850,1238,387,50.1,90,511,699,6074,0.61,78438.0,-0.15
63.4,96.3,95.6,0,80,1.58,1,2850,1235,389,50.1,90,510,698,6086,0.61,78502.4,-0.04
63.5,96.3,97.5,0,80,1.58,1,2850,1235,385,50.1,90,511,700,6094,0.61,78689.1,0.06
63.6,96.5,99.3,0,79,1.58,1,2850,1234,380,50.1,90,511,700,6104,0.61,78787.6,0.14
63.7,96.5,100.8,0,79,1.58,1,2850,1232,381,50.1,90,510,700,6114,0.61,78886.2,0.22
63.8,96.5,102.2,0,79,1.58,1,2850,1231,378,50.1,90,510,700,6122,0.61,78965.1,0.29
63.9,96.5,101.7,0,78,1.57,1,2850,1230,378,50.1,90,510,700,6132,0.61,79063.6,0.26
64.0,96.5,101.2,0,79,1.57,1,2850,1228,381,50.1,90,509,699,6142,0.61,79108.3,0.24
64.1,96.5,100.7,0,79,1.57,1,2850,1227,381,50.1,90,509,699,6153,0.61,79206.8,0.21
64.2,96.4,98.4,0,79,1.57,1,2850,1225,381,50.1,90,508,699,6163,0.61,79305.4,0.10
64.3,96.4,96.4,0,79,1.57,1,2850,1224,381,50.1,90,508,699,6173,0.61,79404.0,0.00
64.4,96.4,94.6,0,80,1.56,1,2850,1222,383,50.1,90,507,698,6183,0.61,79448.7,-0.10
64.5,96.4,92.9,0,80,1.56,1,2850,1221,383,50.1,90,507,698,6191,0.61,79527.6,-0.18
64.6,96.4,91.4,0,80,1.56,1,2850,1220,380,50.1,90,507,698,6201,0.61,79626.1,-0.25
64.7,96.4,90.1,0,80,1.56,1,2850,1219,381,50.1,90,507,698,6209,0.61,79705.0,-0.32
64.8,96.5,94.4,0,79,1.56,1,2850,1217,375,50.1,90,507,700,6221,0.61,79931.1,-0.10
64.9,96.5,98.3,0,79,1.55,1,2850,1216,374,50.1,90,507,700,6231,0.61,80029.6,0.09
65.0,96.5,101.8,0,78,1.55,1,2850,1215,373,50.1,90,507,700,6239,0.61,80108.5,0.27
65.1,96.5,101.3,0,79,1.55,1,2850,1213,373,50.1,90,507,700,6249,0.61,80207.1,0.24
65.2,96.5,100.8,0,78,1.55,1,2850,1212,372,50.1,90,506,700,6259,0.61,80305.6,0.22
65.3,96.5,100.4,0,78,1.55,1,2850,1211,371,50.1,90,506,700,6269,0.61,80404.2,0.20
65.4,96.3,96.3,0,80,1.54,1,2850,1209,379,50.1,90,504,698,6277,0.61,80375.2,-0.01
65.5,96.4,92.7,0,79,1.54,1,2850,1207,376,50.1,90,505,698,6287,0.61,80473.7,-0.19
65.6,96.3,89.4,0,80,1.54,1,2850,1206,379,50.1,90,504,698,6297,0.61,80572.3,-0.36
65.7,96.3,90.1,0,80,1.54,1,2850,1204,378,50.1,90,504,698,6307,0.61,80670.9,-0.32
65.8,96.3,90.7,0,80,1.54,1,2850,1203,376,50.1,90,503,698,6317,0.61,80769.4,-0.29
65.9,96.4,91.3,0,79,1.53,1,2850,1202,374,50.1,90,503,698,6327,0.61,80868.0,-0.26
66.0,96.4,91.8,0,80,1.53,1,2850,1201,376,50.1,90,503,698,6335,0.61,80946.9,-0.23
66.1,96.4,92.2,0,80,1.53,1,2850,1199,375,50.1,90,503,698,6345,0.61,81045.5,-0.21
66.2,96.4,92.7,0,79,1.53,1,2850,1198,372,50.1,90,503,698,6356,0.61,81144.1,-0.19
66.3,96.5,94.9,0,79,1.53,1,2850,1197,370,50.1,90,503,699,6366,0.61,81296.5,-0.08
66.4,96.5,96.8,0,79,1.52,1,2850,1196,369,50.1,90,503,699,6376,0.62,81395.1,0.02
66.5,96.5,98.6,0,79,1.52,1,2850,1195,370,50.1,90,502,699,6384,0.62,81474.0,0.11
66.6,96.6,100.3,0,78,1.52,1,2849,1193,365,50.1,90,502,700,6394,0.62,81626.6,0.19
66.7,96.5,101.7,0,79,1.52,1,2850,1192,367,50.1,90,502,699,6404,0.62,81671.3,0.27
66.8,96.6,103.0,0,78,1.52,1,2850,1190,365,50.1,90,502,700,6414,0.62,81823.8,0.33
66.9,96.6,102.4,0,78,1.51,1,2850,1189,364,50.1,90,502,700,6424,0.62,81922.4,0.30
67.0,96.4,101.8,0,80,1.51,1,2850,1187,371,50.1,90,502,700,6432,0.62,82001.4,0.27
67.1,96.4,101.3,0,80,1.51,1,2850,1186,372,50.1,90,500,698,6442,0.61,81992.1,0.24
67.2,96.4,97.2,0,80,1.51,1,2850,1184,371,50.1,90,500,698,6452,0.61,82090.7,0.03
67.3,96.4,93.5,0,80,1.51,1,2850,1183,370,50.1,90,499,698,6462,0.61,82189.4,-0.15
67.4,96.4,90.1,0,79,1.50,1,2850,1182,367,50.1,90,499,698,6472,0.62,82288.0,-0.32
67.5,96.5,92.6,0,79,1.50,1,2850,1181,366,50.1,90,499,699,6480,0.62,82420.8,-0.20
67.6,96.5,94.8,0,79,1.50,1,2850,1180,366,50.1,90,499,699,6490,0.62,82519.4,-0.08
67.7,96.5,96.8,0,79,1.50,1,2850,1178,365,50.1,90,499,699,6500,0.62,82618.0,0.02
67.8,96.5,96.8,0,79,1.50,1,2850,1177,364,50.1,90,499,699,6510,0.62,82716.6,0.02
67.9,96.4,96.8,0,79,1.50,1,2850,1176,365,50.1,90,498,699,6520,0.62,82815.2,0.01
68.0,96.4,96.7,0,80,1.49,1,2850,1174,366,50.1,90,498,698,6530,0.62,82859.9,0.01
68.1,96.4,94.9,0,79,1.49,1,2850,1173,364,50.1,90,497,698,6540,0.62,82958.5,-0.08
68.2,96.3,93.2,0,79,1.49,1,2850,1171,364,50.1,90,497,698,6551,0.62,83057.1,-0.16
68.3,96.3,91.7,0,79,1.49,1,2850,1170,365,50.1,90,497,698,6561,0.62,83155.6,-0.24
68.4,96.5,95.8,0,78,1.49,1,2849,1169,356,50.0,90,498,700,6569,0.62,83342.2,-0.03
68.5,96.4,99.5,0,78,1.48,1,2850,1168,358,50.0,90,497,699,6579,0.62,83386.7,0.15
68.6,96.4,102.8,0,79,1.48,1,2850,1167,362,50.1,90,497,699,6589,0.62,83485.2,0.32
68.7,96.4,100.4,0,79,1.48,1,2850,1165,359,50.1,90,496,699,6599,0.62,83583.7,0.20
68.8,96.4,98.1,0,78,1.48,1,2850,1164,357,50.0,90,496,699,6609,0.62,83682.1,0.08
68.9,96.3,96.1,0,79,1.48,1,2850,1163,358,50.1,90,496,699,6617,0.62,83760.9,-0.02
69.0,96.4,98.0,0,78,1.47,1,2850,1161,356,50.1,90,496,700,6627,0.62,83913.2,0.08
69.1,96.3,99.7,0,78,1.47,1,2850,1160,356,50.0,90,495,699,6637,0.62,83957.7,0.16
69.2,96.4,101.2,0,78,1.47,1,2850,1159,354,50.1,90,495,700,6647,0.62,84110.0,0.24
69.3,96.4,100.7,0,78,1.47,1,2850,1158,354,50.1,90,495,700,6655,0.62,84188.7,0.21
69.4,96.1,100.3,0,80,1.47,1,2850,1155,363,50.1,90,495,700,6665,0.62,84287.1,0.19
69.5,96.1,99.9,0,79,1.46,1,2850,1154,359,50.0,90,493,698,6675,0.62,84277.6,0.17
69.6,96.1,95.9,0,80,1.46,1,2850,1153,360,50.1,90,493,698,6685,0.62,84376.0,-0.03
69.7,96.1,92.2,0,80,1.46,1,2850,1152,361,50.1,90,493,698,6695,0.62,84474.3,-0.21
69.8,96.2,89.0,0,79,1.46,1,2850,1150,356,50.0,90,493,698,6705,0.62,84572.7,-0.37
69.9,96.2,89.7,0,79,1.46,1,2850,1150,357,50.1,90,493,698,6713,0.62,84651.4,-0.33
70.0,96.2,90.4,0,80,1.45,1,2850,1148,358,50.1,90,492,698,6723,0.62,84749.8,-0.30
70.1,96.2,90.9,0,79,1.45,1,2850,1147,356,50.1,90,492,698,6733,0.62,84848.1,-0.27
70.2,96.2,91.5,0,79,1.45,1,2850,1145,355,50.1,90,492,698,6743,0.62,84946.5,-0.24
70.3,96.2,91.9,0,79,1.45,1,2850,1145,357,50.1,90,492,698,6751,0.62,85025.3,-0.22
70.4,96.2,92.4,0,79,1.45,1,2850,1143,356,50.1,90,491,698,6761,0.62,85123.7,-0.20
70.5,96.3,94.6,0,78,1.45,1,2850,1142,351,50.0,90,491,699,6771,0.62,85276.0,-0.09
70.6,96.3,96.6,0,79,1.44,1,2850,1141,352,50.1,90,491,699,6781,0.62,85374.4,0.01
70.7,96.5,98.4,0,78,1.44,1,2849,1139,347,50.0,90,491,700,6791,0.62,85526.8,0.10
70.8,96.5,100.0,0,78,1.44,1,2850,1139,346,50.0,90,491,700,6799,0.62,85605.6,0.19
70.9,96.4,101.5,0,79,1.44,1,2850,1137,351,50.1,90,490,699,6811,0.62,85669.8,0.26
71.0,96.5,102.8,0,79,1.44,1,2850,1135,350,50.1,90,490,699,6821,0.62,85768.3,0.33
71.1,96.5,100.3,0,78,1.43,1,2850,1134,348,50.0,90,490,699,6831,0.62,85866.9,0.20
71.2,96.5,98.1,0,78,1.43,1,2850,1133,345,50.0,90,490,700,6841,0.62,86019.3,0.09
71.3,96.4,96.1,0,79,1.43,1,2850,1132,351,50.1,90,490,700,6848,0.62,86078.5,-0.02
71.4,96.3,92.5,0,80,1.43,1,2850,1130,355,50.1,90,488,697,6860,0.62,86035.1,-0.20
71.5,96.4,89.2,0,79,1.43,1,2850,1129,349,50.0,90,488,698,6868,0.62,86167.8,-0.36
71.6,96.4,86.3,0,79,1.42,1,2850,1128,349,50.0,90,488,698,6878,0.62,86266.4,-0.51
71.7,96.5,89.2,0,79,1.42,1,2850,1126,350,50.1,90,488,698,6888,0.62,86365.1,-0.36
71.8,96.4,91.7,0,80,1.42,1,2850,1125,351,50.1,90,487,698,6898,0.62,86463.8,-0.23
71.9,96.5,94.1,0,79,1.42,1,2850,1124,346,50.0,90,487,698,6908,0.62,86562.4,-0.12
72.0,96.4,94.3,0,79,1.42,1,2850,1122,350,50.1,90,487,698,6918,0.62,86661.1,-0.11
72.1,96.5,94.5,0,79,1.42,1,2850,1121,348,50.1,90,487,698,6928,0.62,86759.7,-0.10
72.2,96.5,94.7,0,79,1.41,1,2850,1120,345,50.0,90,487,699,6936,0.62,86892.6,-0.09
72.3,96.5,94.9,0,79,1.41,1,2850,1119,347,50.1,90,486,698,6946,0.62,86937.4,-0.08
72.4,96.4,95.0,0,80,1.81,2,2850,1118,349,50.1,90,486,698,6956,0.62,87036.1,-0.07
72.5,96.4,95.2,0,79,1.81,2,2850,1117,347,50.0,90,485,698,6966,0.62,87134.7,-0.06
72.6,96.4,95.3,0,79,1.81,2,2850,1117,344,50.0,90,485,698,6976,0.62,87233.3,-0.06
72.7,96.5,95.4,0,78,1.81,2,2850,1117,342,50.1,90,486,699,6984,0.62,87366.1,-0.05
72.8,96.5,95.5,0,79,1.81,2,2850,1117,344,50.1,90,485,699,6994,0.62,87464.7,-0.05
72.9,96.4,97.4,0,79,1.80,2,2850,1117,345,50.1,90,485,699,7004,0.62,87563.3,0.05
73.0,96.4,99.2,0,79,1.80,2,2850,1117,344,50.1,90,485,699,7014,0.62,87661.9,0.14
73.1,96.4,100.7,0,79,1.80,2,2850,1117,344,50.1,90,484,699,7024,0.62,87760.4,0.22
73.2,96.3,100.3,0,79,1.80,2,2850,1117,345,50.1,90,484,699,7032,0.62,87839.2,0.19
73.3,96.3,99.9,0,79,1.80,2,2850,1117,345,50.1,90,484,699,7043,0.62,87937.6,0.18
73.4,96.2,99.5,0,79,1.80,2,2850,1117,344,50.1,90,484,699,7053,0.62,88036.0,0.16
73.5,96.1,97.4,0,79,1.80,2,2850,1117,347,50.1,90,483,698,7063,0.62,88080.5,0.05
73.6,96.2,95.4,0,79,1.80,2,2850,1117,344,50.1,90,483,699,7073,0.62,88232.7,-0.05
73.7,96.2,93.7,0,78,1.80,2,2850,1118,342,50.1,90,483,699,7081,0.62,88311.3,-0.13
73.8,96.1,95.7,0,79,1.80,2,2850,1118,344,50.1,90,483,699,7091,0.62,88409.6,-0.03
73.9,96.2,97.6,0,78,1.80,2,2850,1118,341,50.1,90,483,700,7101,0.62,88561.7,0.06
74.0,96.1,99.2,0,78,1.80,2,2850,1118,343,50.1,90,482,699,7111,0.62,88605.9,0.15
74.1,96.1,100.7,0,78,1.80,2,2850,1118,341,50.1,90,482,700,7121,0.62,88758.0,0.23
74.2,96.1,102.1,0,78,1.80,2,2850,1118,341,50.1,90,482,700,7131,0.62,88856.0,0.30
74.3,96.0,103.3,0,78,1.80,2,2850,1118,341,50.1,90,482,700,7141,0.62,88954.1,0.36
74.4,96.0,102.6,0,78,1.80,2,2850,1119,342,50.1,90,481,700,7151,0.62,89052.1,0.32
74.5,96.0,101.9,0,78,1.80,2,2850,1119,342,50.1,90,481,700,7161,0.62,89150.1,0.29
74.6,95.7,101.3,0,80,1.80,2,2850,1118,348,50.2,90,481,700,7169,0.62,89228.5,0.26
74.7,95.7,100.8,0,80,1.80,2,2850,1119,349,50.2,90,481,700,7179,0.62,89326.5,0.23
74.8,95.7,100.3,0,80,1.80,2,2850,1119,349,50.2,90,479,698,7189,0.62,89316.6,0.21
74.9,95.7,99.8,0,79,1.80,2,2850,1119,349,50.2,90,479,698,7199,0.62,89414.5,0.19
75.0,95.7,95.7,0,79,1.80,2,2850,1119,349,50.2,90,479,698,7209,0.62,89512.4,-0.01
75.1,95.7,92.1,0,79,1.80,2,2850,1119,347,50.2,90,479,698,7219,0.62,89610.3,-0.20
75.2,95.7,88.8,0,79,1.80,2,2851,1119,348,50.2,90,479,698,7227,0.62,89688.6,-0.36
75.3,95.7,89.5,0,79,1.80,2,2850,1119,349,50.2,90,478,698,7236,0.62,89786.5,-0.33
75.4,95.7,90.1,0,79,1.80,2,2850,1119,349,50.2,90,478,698,7248,0.62,89903.9,-0.29
75.5,95.7,90.7,0,79,1.80,2,2850,1120,348,50.2,90,478,698,7256,0.62,89982.3,-0.26
75.6,95.7,91.2,0,80,1.80,2,2850,1120,351,50.2,90,477,698,7266,0.62,90080.2,-0.24
75.7,95.7,91.6,0,80,1.80,2,2850,1120,350,50.2,90,477,698,7276,0.62,90178.1,-0.21
75.8,95.7,92.0,0,79,1.80,2,2850,1120,347,50.2,90,477,698,7284,0.62,90256.4,-0.19
75.9,95.8,92.4,0,79,1.80,2,2851,1120,348,50.2,90,477,698,7294,0.62,90354.4,-0.17
76.0,95.8,92.7,0,80,1.80,2,2850,1120,349,50.2,90,476,698,7304,0.62,90452.3,-0.16
76.1,95.8,93.0,0,80,1.80,2,2850,1121,349,50.2,90,476,698,7312,0.62,90530.7,-0.14
76.2,95.9,95.1,0,79,1.80,2,2850,1121,346,50.2,90,476,699,7322,0.62,90682.6,-0.03
76.3,95.8,97.0,0,79,1.80,2,2851,1121,349,50.3,90,476,698,7332,0.62,90726.7,0.06
76.4,95.9,98.7,0,80,1.80,2,2850,1121,350,50.3,90,476,700,7342,0.62,90932.6,0.15
76.5,95.8,96.7,0,80,1.80,2,2850,1121,351,50.3,90,475,698,7352,0.62,90922.8,0.04
76.6,95.9,94.8,0,79,1.80,2,2850,1121,348,50.3,90,476,700,7360,0.62,91109.1,-0.05
76.7,95.9,93.1,0,80,1.80,2,2850,1121,351,50.3,90,474,698,7370,0.62,91099.4,-0.14
76.8,96.0,93.4,0,79,1.80,2,2850,1121,349,50.3,90,474,698,7380,0.62,91197.5,-0.13
76.9,96.2,93.6,0,78,1.80,2,2850,1122,344,50.3,90,475,700,7392,0.62,91423.1,-0.11
77.0,95.9,93.8,0,80,1.80,2,2850,1122,352,50.3,90,475,700,7400,0.62,91501.7,-0.10
77.1,96.2,97.7,0,78,1.80,2,2850,1122,345,50.3,90,474,700,7410,0.62,91599.9,0.09
77.2,96.2,101.2,0,78,1.80,2,2850,1122,344,50.3,90,474,700,7420,0.62,91698.1,0.27
77.3,96.2,104.4,0,78,1.80,2,2850,1123,344,50.3,90,474,700,7430,0.62,91796.3,0.42
77.4,96.2,103.6,0,78,1.80,2,2850,1123,345,50.3,90,474,700,7440,0.62,91894.6,0.38
77.5,96.0,102.8,0,80,1.80,2,2850,1122,351,50.3,90,474,700,7448,0.63,91973.2,0.34
77.6,96.3,102.2,0,78,1.80,2,2850,1123,345,50.3,90,473,700,7458,0.62,92071.5,0.31
77.7,96.2,99.8,0,79,1.80,2,2850,1123,348,50.3,90,472,699,7468,0.62,92115.8,0.19
77.8,96.2,97.6,0,79,1.80,2,2850,1123,347,50.3,90,472,699,7478,0.62,92214.1,0.08
77.9,96.2,95.6,0,79,1.80,2,2850,1123,346,50.3,90,472,699,7488,0.62,92312.4,-0.02
78.0,96.3,97.5,0,78,1.80,2,2850,1124,345,50.3,90,472,700,7497,0.63,92445.0,0.07
78.1,96.3,99.2,0,79,1.80,2,2851,1124,348,50.4,90,471,699,7507,0.62,92489.4,0.15
78.2,96.3,100.7,0,79,1.80,2,2850,1124,348,50.4,90,471,699,7517,0.62,92587.7,0.23
78.3,96.3,98.4,0,79,1.80,2,2850,1124,347,50.3,90,471,699,7527,0.63,92686.1,0.11
78.4,96.3,96.4,0,78,1.80,2,2850,1124,344,50.4,90,471,700,7537,0.63,92838.4,0.01
78.5,96.1,94.5,0,80,1.80,2,2850,1124,352,50.4,90,471,700,7545,0.63,92917.1,-0.08
78.6,96.1,96.5,0,80,1.80,2,2850,1124,353,50.4,90,471,700,7555,0.63,93015.5,0.02
78.7,96.2,98.3,0,80,1.80,2,2850,1124,352,50.4,90,469,698,7565,0.62,93006.0,0.11
78.8,96.2,99.9,0,79,1.80,2,2850,1124,349,50.4,90,469,698,7575,0.62,93104.4,0.19
78.9,96.2,95.9,0,80,1.80,2,2851,1124,353,50.4,90,468,698,7585,0.62,93202.8,-0.01
79.0,96.2,92.3,0,80,1.80,2,2850,1124,353,50.4,90,468,698,7595,0.62,93301.2,-0.19
79.1,96.2,89.1,0,80,1.80,2,2850,1124,352,50.4,90,468,698,7605,0.62,93399.6,-0.36
79.2,96.3,91.7,0,79,1.80,2,2850,1125,347,50.4,90,468,699,7615,0.63,93551.9,-0.23
79.3,96.3,93.9,0,79,1.80,2,2851,1125,348,50.4,90,468,699,7623,0.63,93630.6,-0.11
79.4,96.3,96.0,0,80,1.80,2,2851,1125,352,50.4,90,468,699,7633,0.63,93729.0,-0.01
79.5,96.4,97.9,0,78,1.80,2,2849,1125,345,50.4,90,468,700,7643,0.63,93881.3,0.08
79.6,96.3,99.6,0,78,1.80,2,2851,1126,346,50.4,90,467,699,7653,0.63,93925.7,0.17
79.7,96.3,101.1,0,79,1.80,2,2850,1126,347,50.4,90,467,700,7663,0.63,94078.0,0.24
79.8,96.1,96.9,0,80,1.80,2,2850,1125,354,50.5,90,466,698,7671,0.63,94048.9,0.03
79.9,96.1,93.2,0,80,1.80,2,2850,1125,352,50.4,90,466,698,7681,0.63,94147.2,-0.15
80.0,96.1,89.8,0,79,1.80,2,2850,1126,350,50.4,90,466,698,7691,0.63,94245.5,-0.32
80.1,96.1,90.5,0,80,1.80,2,2851,1126,354,50.5,90,465,698,7701,0.63,94343.9,-0.29
80.2,96.1,91.0,0,80,1.80,2,2850,1126,352,50.5,90,465,698,7711,0.63,94442.1,-0.26
80.3,96.1,91.5,0,80,1.80,2,2850,1126,351,50.5,90,466,700,7719,0.63,94628.6,-0.24
80.4,96.0,92.0,0,80,1.80,2,2850,1126,354,50.5,90,465,698,7729,0.63,94619.0,-0.21
80.5,96.0,92.4,0,80,1.80,2,2850,1126,354,50.5,90,464,698,7739,0.63,94717.2,-0.19
80.6,96.2,92.7,0,79,1.80,2,2850,1127,347,50.5,90,465,700,7749,0.63,94923.3,-0.17
80.7,96.1,94.9,0,79,1.80,2,2851,1127,350,50.5,90,465,699,7759,0.63,94967.5,-0.06
80.8,96.1,96.8,0,79,1.80,2,2850,1127,347,50.5,90,465,700,7769,0.63,95119.6,0.04
80.9,95.8,98.6,0,80,1.80,2,2850,1127,352,50.5,90,465,700,7777,0.63,95198.1,0.13
81.0,96.0,100.2,0,79,1.80,2,2851,1128,348,50.5,90,464,700,7787,0.63,95296.2,0.20
81.1,96.0,101.6,0,79,1.80,2,2850,1128,349,50.5,90,464,700,7797,0.63,95394.2,0.28
81.2,96.0,102.9,0,79,1.80,2,2850,1128,347,50.5,90,464,700,7807,0.63,95492.2,0.34
81.3,95.7,102.1,0,80,1.80,2,2850,1127,353,50.5,90,464,700,7815,0.63,95570.7,0.31
81.4,95.9,101.5,0,79,1.80,2,2850,1128,348,50.5,90,463,700,7825,0.63,95668.6,0.28
81.5,95.9,100.9,0,80,1.80,2,2850,1128,352,50.6,90,463,699,7835,0.63,95712.7,0.25
81.6,95.8,98.6,0,80,1.80,2,2850,1128,352,50.5,90,462,699,7845,0.63,95810.6,0.13
81.7,95.8,96.5,0,79,1.80,2,2850,1128,351,50.5,90,462,699,7855,0.63,95908.5,0.03
81.8,95.9,94.6,0,79,1.80,2,2850,1129,347,50.5,90,462,700,7863,0.63,96040.8,-0.07
81.9,95.8,94.7,0,79,1.80,2,2851,1129,351,50.6,90,462,699,7875,0.63,96104.3,-0.06
82.0,95.8,94.8,0,79,1.80,2,2850,1129,351,50.6,90,461,699,7885,0.63,96202.1,-0.06
82.1,95.8,94.9,0,79,1.80,2,2850,1129,348,50.6,90,461,700,7893,0.63,96334.4,-0.05
82.3,95.8,95.0,0,79,1.80,2,2850,1129,351,50.6,90,461,699,7903,0.63,96378.3,-0.04
82.4,95.7,95.1,0,80,1.80,2,2851,1129,353,50.6,90,460,699,7913,0.63,96476.2,-0.04
82.5,95.8,95.2,0,79,1.80,2,2850,1129,349,50.6,90,461,700,7921,0.63,96608.4,-0.04
82.6,95.7,95.2,0,79,1.80,2,2851,1129,352,50.6,90,460,699,7933,0.63,96671.8,-0.03
82.7,95.7,95.3,0,79,1.80,2,2850,1130,351,50.6,90,460,699,7943,0.63,96769.6,-0.03
82.8,95.7,95.3,0,79,1.80,2,2850,1130,352,50.6,90,459,699,7951,0.63,96847.8,-0.03
82.9,95.7,95.3,0,80,1.80,2,2850,1130,353,50.6,90,459,699,7961,0.63,96945.7,-0.02
83.0,95.7,95.4,0,79,1.80,2,2850,1130,351,50.6,90,459,699,7971,0.63,97043.4,-0.02
83.1,95.7,95.4,0,80,1.80,2,2851,1130,352,50.6,90,458,699,7981,0.63,97141.2,-0.02
83.2,95.7,95.4,0,80,1.80,2,2850,1130,352,50.6,90,458,699,7991,0.63,97239.0,-0.02
83.3,95.7,95.5,0,80,1.80,2,2850,1130,352,50.6,90,458,699,7999,0.63,97317.2,-0.02
83.4,95.7,95.5,0,79,1.80,2,2850,1130,349,50.6,90,458,700,8009,0.63,97468.9,-0.01
83.5,95.5,93.7,0,80,1.80,2,2850,1130,355,50.6,90,457,698,8017,0.63,97439.3,-0.10
83.6,95.5,92.1,0,80,1.80,2,2850,1130,355,50.6,90,458,700,8029,0.63,97664.4,-0.18
83.7,95.5,90.6,0,80,1.80,2,2850,1130,357,50.7,90,456,698,8039,0.63,97654.3,-0.26
83.8,95.5,91.1,0,80,1.80,2,2850,1131,355,50.7,90,456,698,8046,0.63,97732.4,-0.23
83.9,95.6,91.5,0,79,1.80,2,2850,1131,350,50.6,90,457,699,8056,0.63,97884.0,-0.21
84.0,95.6,91.9,0,79,1.80,2,2851,1131,351,50.7,90,456,699,8066,0.63,97981.6,-0.19
84.1,95.6,94.1,0,80,1.80,2,2851,1131,354,50.7,90,456,699,8076,0.63,98079.3,-0.08
84.2,95.6,96.1,0,79,1.80,2,2850,1131,350,50.7,90,456,700,8086,0.63,98230.9,0.02
84.3,95.4,97.9,0,80,1.80,2,2850,1131,354,50.7,90,456,700,8094,0.63,98309.1,0.11
84.4,95.4,95.8,0,80,1.80,2,2851,1131,356,50.7,90,455,698,8104,0.63,98298.8,0.01
84.5,95.5,94.0,0,80,1.80,2,2850,1132,353,50.7,90,455,699,8114,0.63,98450.3,-0.08
84.6,95.4,92.3,0,80,1.80,2,2851,1132,355,50.7,90,454,698,8126,0.63,98513.5,-0.17
84.7,95.4,92.6,0,80,1.80,2,2851,1132,356,50.7,90,454,698,8134,0.63,98591.6,-0.15
84.8,95.4,92.9,0,80,1.80,2,2850,1132,356,50.7,90,454,698,8144,0.63,98689.1,-0.13
84.9,95.4,93.1,0,80,1.80,2,2850,1132,353,50.7,90,454,699,8154,0.63,98840.5,-0.12
85.0,95.4,95.2,0,80,1.80,2,2851,1132,354,50.7,90,454,699,8164,0.63,98938.1,-0.02
85.1,95.4,97.0,0,80,1.80,2,2851,1132,355,50.8,90,453,699,8174,0.63,99035.6,0.08
85.2,95.5,98.7,0,79,1.80,2,2850,1133,351,50.7,90,454,700,8182,0.63,99167.5,0.16
85.3,95.5,100.2,0,79,1.80,2,2850,1133,350,50.7,90,453,700,8192,0.63,99264.9,0.24
85.4,95.2,101.6,0,81,1.80,2,2850,1132,358,50.8,90,452,698,8202,0.63,99254.5,0.31
85.5,95.3,102.8,0,80,1.80,2,2850,1133,355,50.8,90,452,698,8212,0.63,99351.9,0.37
85.6,95.3,98.4,0,80,1.80,2,2851,1133,356,50.8,90,452,698,8222,0.63,99449.4,0.15
85.7,95.3,94.4,0,80,1.80,2,2851,1133,357,50.8,90,452,698,8229,0.63,99527.4,-0.05
85.8,95.3,90.8,0,80,1.80,2,2850,1133,356,50.8,90,451,698,8239,0.63,99624.8,-0.23
85.9,95.3,93.1,0,80,1.80,2,2850,1133,353,50.8,90,451,699,8249,0.63,99776.1,-0.12
86.0,95.3,95.1,0,80,1.80,2,2851,1134,355,50.8,90,451,699,8259,0.63,99873.6,-0.02
86.1,95.3,96.9,0,80,1.80,2,2851,1134,356,50.8,90,451,699,8269,0.63,99971.0,0.08
86.2,95.4,98.6,0,79,1.80,2,2850,1134,352,50.8,90,451,700,8277,0.63,100102.9,0.16
86.3,95.4,100.1,0,80,1.80,2,2850,1134,353,50.8,90,451,699,8287,0.63,100146.4,0.24
86.4,95.3,101.5,0,80,1.80,2,2851,1134,356,50.8,90,450,699,8297,0.63,100243.9,0.31
86.5,95.4,99.1,0,80,1.80,2,2850,1134,356,50.8,90,450,699,8307,0.63,100341.3,0.18
86.6,95.4,96.9,0,80,1.80,2,2850,1134,353,50.8,90,450,699,8317,0.63,100438.8,0.07
86.7,95.2,94.9,0,81,1.80,2,2850,1134,358,50.8,90,450,700,8325,0.63,100570.7,-0.03
86.8,95.3,93.1,0,81,1.80,2,2851,1134,358,50.9,90,448,698,8335,0.63,100560.3,-0.12
86.9,95.3,91.5,0,80,1.80,2,2850,1135,357,50.9,90,448,698,8345,0.63,100657.8,-0.20
87.0,95.4,90.1,0,80,1.80,2,2850,1135,355,50.9,90,448,699,8355,0.63,100809.2,-0.27
87.1,95.4,90.6,0,80,1.80,2,2851,1135,357,50.9,90,448,698,8365,0.63,100852.8,-0.24
87.2,95.5,91.1,0,80,1.80,2,2850,1135,355,50.9,90,448,699,8373,0.63,100984.7,-0.22
87.3,95.4,91.5,0,80,1.80,2,2850,1135,356,50.9,90,448,699,8382,0.63,101082.2,-0.20
87.4,95.5,93.7,0,80,1.80,2,2850,1135,355,50.9,90,448,699,8392,0.63,101179.8,-0.08
87.5,95.4,95.7,0,80,1.80,2,2851,1135,358,50.9,90,447,698,8404,0.63,101242.9,0.02
87.6,95.2,97.5,0,81,1.80,2,2850,1135,362,50.9,90,448,700,8412,0.63,101428.8,0.11
87.7,95.6,99.1,0,79,1.80,2,2850,1136,351,50.9,90,447,700,8422,0.63,101526.3,0.19
87.8,95.6,100.6,0,80,1.80,2,2851,1136,354,50.9,90,447,700,8432,0.63,101623.8,0.26
87.9,95.5,101.9,0,80,1.80,2,2850,1136,357,50.9,90,446,699,8442,0.63,101667.5,0.33
88.0,95.3,97.6,0,81,1.80,2,2850,1135,360,50.9,90,445,698,8450,0.63,101691.6,0.11
88.1,95.3,93.7,0,80,1.80,2,2850,1136,357,50.9,90,445,698,8460,0.63,101789.1,-0.09
88.2,95.4,90.2,0,80,1.80,2,2851,1136,357,50.9,90,445,698,8470,0.63,101886.7,-0.26
88.3,95.4,90.7,0,81,1.80,2,2851,1136,359,51.0,90,445,698,8480,0.63,101984.3,-0.24
88.4,95.4,91.2,0,80,1.80,2,2850,1136,359,51.0,90,445,698,8490,0.63,102081.8,-0.21
88.5,95.4,91.6,0,80,1.80,2,2850,1136,358,51.0,90,444,698,8498,0.63,102159.9,-0.19
88.6,95.4,92.0,0,80,1.80,2,2850,1137,358,51.0,90,444,698,8508,0.63,102257.5,-0.17
88.7,95.4,92.3,0,81,1.80,2,2850,1137,360,51.0,90,444,698,8518,0.63,102355.1,-0.16
88.8,95.4,92.6,0,80,1.80,2,2850,1137,358,51.0,90,444,698,8528,0.63,102452.7,-0.14
88.9,95.4,92.9,0,80,1.80,2,2850,1137,358,51.0,90,443,698,8538,0.63,102550.3,-0.13
89.0,95.5,93.2,0,80,1.80,2,2851,1137,358,51.0,90,443,699,8546,0.63,102682.2,-0.11
89.1,95.5,93.4,0,80,1.80,2,2850,1137,356,51.0,90,443,699,8555,0.63,102779.8,-0.10
89.2,95.5,95.4,0,80,1.80,2,2850,1138,356,51.0,90,443,699,8565,0.63,102877.4,0.00
89.3,95.6,97.3,0,80,1.80,2,2850,1138,354,51.0,90,443,700,8575,0.63,103028.9,0.09
89.4,95.3,98.9,0,81,1.80,2,2850,1137,361,51.0,90,443,700,8585,0.63,103126.5,0.17
89.5,95.6,100.4,0,80,1.80,2,2850,1138,355,51.0,90,443,700,8595,0.63,103224.1,0.25
89.6,95.3,101.7,0,81,1.80,2,2850,1137,362,51.0,90,441,698,8605,0.63,103213.9,0.32
89.7,95.4,102.9,0,81,1.80,2,2850,1138,360,51.0,90,441,698,8615,0.63,103311.5,0.38
89.8,95.4,98.6,0,81,1.80,2,2850,1138,360,51.0,90,441,698,8625,0.63,103409.2,0.16
89.9,95.5,94.7,0,81,1.80,2,2851,1138,360,51.0,90,441,698,8633,0.63,103487.3,-0.04
90.0,95.6,91.1,0,80,1.80,2,2850,1138,356,51.0,90,441,699,8643,0.63,103638.7,-0.22
90.1,95.6,93.4,0,80,1.80,2,2851,1139,356,51.0,90,441,699,8653,0.63,103736.4,-0.11
90.2,95.6,95.4,0,80,1.80,2,2851,1139,358,51.1,90,441,699,8663,0.63,103834.0,0.00
90.3,95.6,97.3,0,81,1.80,2,2850,1139,360,51.1,90,440,699,8673,0.63,103931.7,0.09
90.4,95.7,99.0,0,80,1.80,2,2850,1139,355,51.1,90,440,700,8681,0.64,104063.8,0.17
90.5,95.7,100.5,0,79,1.80,2,2850,1139,354,51.1,90,440,700,8691,0.64,104161.5,0.25
90.6,95.6,101.8,0,80,1.80,2,2851,1139,358,51.1,90,440,699,8701,0.64,104205.2,0.32
90.7,95.7,101.2,0,80,1.80,2,2850,1139,356,51.1,90,440,700,8711,0.64,104356.8,0.28
90.8,95.7,100.7,0,80,1.80,2,2850,1139,355,51.1,90,439,700,8721,0.64,104454.5,0.26
90.9,95.5,100.2,0,81,1.80,2,2850,1139,360,51.1,90,438,698,8729,0.63,104424.8,0.23
91.0,95.5,96.0,0,81,1.80,2,2851,1139,362,51.1,90,438,698,8739,0.63,104522.5,0.02
91.1,95.5,92.3,0,81,1.80,2,2850,1139,362,51.1,90,438,698,8749,0.63,104620.2,-0.16
91.2,95.6,89.0,0,80,1.80,2,2850,1140,357,51.1,90,438,699,8759,0.64,104771.7,-0.33
91.3,95.5,89.7,0,81,1.80,2,2851,1140,360,51.1,90,437,698,8769,0.63,104815.5,-0.30
91.4,95.6,90.2,0,80,1.80,2,2851,1140,359,51.2,90,438,699,8776,0.64,104947.6,-0.27
91.5,95.7,90.8,0,80,1.80,2,2850,1140,356,51.1,90,438,700,8786,0.64,105099.2,-0.24
91.6,95.7,93.1,0,80,1.80,2,2850,1140,357,51.1,90,437,699,8796,0.64,105143.0,-0.13
91.7,95.4,95.1,0,82,1.80,2,2850,1140,364,51.2,90,437,700,8806,0.64,105294.6,-0.02
91.8,95.5,97.0,0,81,1.80,2,2850,1140,361,51.2,90,436,698,8816,0.63,105284.4,0.07
91.9,95.5,95.0,0,81,1.80,2,2851,1140,362,51.2,90,436,698,8826,0.64,105382.1,-0.03
92.0,95.7,93.3,0,80,1.80,2,2850,1141,358,51.2,90,436,699,8834,0.64,105514.1,-0.12
92.1,95.7,91.6,0,80,1.80,2,2850,1141,356,51.2,90,436,700,8844,0.64,105665.8,-0.20
92.2,95.6,93.9,0,81,1.80,2,2851,1141,360,51.2,90,435,699,8856,0.64,105729.1,-0.09
92.3,95.4,95.9,0,82,1.80,2,2850,1140,365,51.2,90,436,700,8864,0.64,105861.2,0.01
92.4,95.7,97.7,0,80,1.80,2,2850,1141,356,51.2,90,435,700,8874,0.64,105958.9,0.11
92.5,95.7,99.3,0,80,1.80,2,2850,1142,357,51.2,90,435,700,8884,0.64,106056.6,0.19
92.6,95.7,100.7,0,80,1.80,2,2850,1142,358,51.2,90,435,700,8894,0.64,106154.3,0.26
92.7,95.4,102.0,0,81,1.80,2,2850,1141,363,51.2,90,433,698,8904,0.64,106144.1,0.33
92.8,95.5,97.7,0,80,1.80,2,2850,1141,360,51.2,90,434,698,8912,0.64,106222.2,0.11
92.9,95.5,93.9,0,80,1.80,2,2851,1142,359,51.2,90,434,699,8922,0.64,106373.7,-0.09
93.0,95.6,90.4,0,80,1.80,2,2850,1142,359,51.2,90,434,699,8932,0.64,106471.3,-0.26
93.1,95.6,94.6,0,80,1.80,2,2850,1142,357,51.2,90,434,700,8942,0.64,106622.9,-0.05
93.2,95.6,98.3,0,80,1.80,2,2850,1142,357,51.3,90,433,700,8952,0.64,106720.5,0.14
93.3,95.4,101.7,0,81,1.80,2,2850,1142,363,51.3,90,432,698,8960,0.64,106690.7,0.31
93.4,95.3,97.5,0,81,1.80,2,2850,1142,363,51.3,90,432,698,8970,0.64,106788.3,0.10
93.5,95.3,93.6,0,81,1.80,2,2850,1142,363,51.3,90,432,698,8980,0.64,106885.8,-0.10
93.6,95.3,90.2,0,81,1.80,2,2850,1142,361,51.3,90,432,698,8989,0.64,106983.3,-0.27
93.7,95.3,90.7,0,81,1.80,2,2851,1143,362,51.3,90,431,698,8999,0.64,107080.8,-0.24
93.8,95.5,91.1,0,80,1.80,2,2850,1143,357,51.3,90,432,700,9007,0.64,107266.6,-0.22
93.9,95.4,91.6,0,80,1.80,2,2851,1143,359,51.3,90,431,699,9017,0.64,107310.1,-0.20
94.0,95.4,93.8,0,81,1.80,2,2851,1143,361,51.3,90,431,699,9027,0.64,107407.5,-0.09
94.1,95.3,95.8,0,81,1.80,2,2850,1143,360,51.3,90,431,699,9037,0.64,107504.9,0.01
94.2,95.4,97.5,0,80,1.80,2,2850,1143,357,51.3,90,431,700,9047,0.64,107656.2,0.11
94.3,95.1,99.1,0,81,1.80,2,2850,1141,362,51.3,90,431,700,9055,0.64,107734.1,0.19
94.4,95.3,100.6,0,80,1.80,2,2850,1141,358,51.3,90,430,700,9065,0.64,107831.5,0.26
94.5,95.0,101.8,0,81,1.79,2,2850,1139,364,51.3,90,429,698,9075,0.64,107820.9,0.33
94.6,95.1,97.5,0,81,1.79,2,2850,1138,359,51.3,90,429,698,9085,0.64,107918.2,0.11
94.7,95.2,93.7,0,80,1.79,2,2850,1138,356,51.3,90,429,699,9095,0.64,108069.3,-0.08
94.8,95.2,90.2,0,80,1.79,2,2850,1137,356,51.3,90,429,700,9103,0.64,108201.0,-0.26
94.9,95.2,94.3,0,80,1.78,2,2850,1136,357,51.4,90,429,700,9113,0.64,108298.3,-0.05
95.0,95.2,98.0,0,80,1.78,2,2850,1135,356,51.3,90,429,700,9122,0.64,108395.5,0.14
95.1,94.9,101.4,0,81,1.78,2,2850,1133,360,51.3,90,429,700,9132,0.64,108492.7,0.31
95.2,95.0,100.8,0,81,1.78,2,2850,1133,359,51.3,90,429,700,9142,0.64,108589.9,0.28
95.3,95.0,100.2,0,81,1.77,2,2850,1132,359,51.4,90,428,700,9150,0.64,108667.6,0.25
95.4,94.9,99.7,0,81,1.77,2,2850,1130,361,51.4,90,427,698,9162,0.64,108676.3,0.22
95.5,95.0,97.4,0,80,1.77,2,2850,1130,354,51.3,90,427,699,9172,0.64,108827.2,0.11
95.6,95.0,95.3,0,81,1.77,2,2851,1129,357,51.3,90,427,698,9182,0.64,108870.5,0.01
95.7,95.0,93.5,0,81,1.76,2,2851,1128,358,51.4,90,427,699,9190,0.64,109002.1,-0.09
95.8,95.0,93.6,0,81,1.76,2,2850,1127,356,51.4,90,427,699,9200,0.64,109099.1,-0.08
95.9,95.1,93.8,0,80,1.76,2,2850,1127,352,51.3,90,427,700,9208,0.64,109230.8,-0.07
96.0,94.8,93.9,0,81,1.76,2,2850,1125,358,51.3,90,427,700,9217,0.64,109327.9,-0.06
96.1,94.9,95.8,0,81,1.75,2,2850,1124,357,51.4,90,426,700,9227,0.64,109424.9,0.04
96.2,95.1,97.5,0,80,1.75,2,2850,1124,353,51.4,90,426,700,9237,0.64,109522.0,0.12
96.3,95.1,99.1,0,80,1.75,2,2850,1123,352,51.4,90,426,700,9247,0.64,109619.1,0.20
96.4,94.8,95.0,0,81,1.75,2,2850,1121,357,51.4,90,424,698,9257,0.64,109608.3,0.00
96.5,94.9,91.4,0,81,1.74,2,2850,1120,355,51.4,90,424,698,9267,0.64,109705.3,-0.19
96.6,94.9,88.1,0,81,1.74,2,2850,1120,355,51.4,90,424,698,9277,0.64,109802.4,-0.35
96.7,95.0,90.6,0,81,1.74,2,2850,1119,354,51.4,90,424,699,9285,0.64,109933.9,-0.22
96.8,95.0,92.8,0,80,1.74,2,2850,1118,352,51.4,90,424,699,9295,0.64,110030.9,-0.11
96.9,95.0,94.9,0,81,1.74,2,2850,1117,352,51.4,90,424,699,9305,0.64,110128.0,-0.01
97.0,95.0,94.9,0,81,1.73,2,2850,1116,353,51.4,90,423,699,9314,0.64,110225.1,0.00
97.1,95.0,94.9,0,81,1.73,2,2850,1115,352,51.4,90,423,699,9322,0.64,110302.7,0.00
97.2,94.7,94.9,0,82,1.73,2,2850,1114,355,51.4,90,424,700,9332,0.64,110453.7,0.00
97.3,95.0,94.9,0,80,1.73,2,2850,1114,349,51.4,90,423,699,9342,0.64,110496.8,0.00
97.4,95.0,94.9,0,81,1.72,2,2850,1113,351,51.4,90,423,699,9352,0.64,110593.9,0.00
97.5,94.7,94.9,0,82,1.72,2,2850,1111,356,51.4,90,421,697,9362,0.64,110583.2,0.00
97.6,94.9,93.1,0,80,1.72,2,2850,1110,350,51.4,90,422,698,9370,0.64,110714.6,-0.09
97.7,94.9,91.5,0,81,1.72,2,2850,1110,351,51.4,90,422,698,9380,0.64,110811.7,-0.18
97.8,95.0,90.0,0,80,1.71,2,2850,1109,349,51.4,90,422,699,9390,0.64,110962.5,-0.25
97.9,95.0,94.2,0,80,1.71,2,2850,1108,347,51.4,90,422,700,9400,0.64,111113.5,-0.04
98.0,95.0,97.9,0,80,1.71,2,2850,1107,346,51.4,90,421,700,9409,0.64,111210.5,0.15
98.1,94.7,101.3,0,81,1.71,2,2850,1106,352,51.4,90,420,698,9419,0.64,111199.6,0.32
98.2,94.8,97.0,0,81,1.70,2,2850,1105,351,51.4,90,420,698,9429,0.64,111296.6,0.10
98.3,94.9,93.1,0,80,1.70,2,2850,1104,347,51.4,90,420,699,9439,0.64,111447.4,-0.09
98.4,94.9,89.7,0,80,1.70,2,2850,1103,347,51.4,90,420,699,9449,0.64,111544.4,-0.27
98.5,95.0,93.9,0,80,1.70,2,2850,1103,346,51.4,90,420,700,9457,0.64,111675.9,-0.06
98.6,94.7,97.6,0,82,1.69,2,2850,1101,351,51.4,90,420,700,9467,0.64,111772.9,0.13
98.7,94.8,101.0,0,81,1.69,2,2850,1100,349,51.4,90,420,700,9477,0.64,111869.8,0.30
98.8,95.0,100.4,0,80,1.69,2,2850,1100,344,51.4,90,420,700,9486,0.64,111966.8,0.27
98.9,94.7,99.8,0,82,1.69,2,2850,1098,351,51.4,90,419,700,9496,0.64,112063.8,0.25
99.1,94.8,99.4,0,81,1.69,2,2850,1098,348,51.4,90,418,698,9504,0.64,112033.4,0.22
99.1,94.8,97.1,0,80,1.68,2,2850,1097,345,51.4,90,418,699,9514,0.64,112184.3,0.11
99.3,94.8,95.0,0,81,1.68,2,2850,1096,346,51.4,90,418,699,9524,0.64,112281.2,0.00
99.4,94.8,93.2,0,81,1.68,2,2850,1095,346,51.4,90,418,699,9534,0.64,112378.1,-0.09
99.5,94.8,91.5,0,81,1.68,2,2850,1094,347,51.4,90,417,698,9544,0.64,112421.2,-0.17
99.6,94.6,90.0,0,82,1.67,2,2850,1092,349,51.4,90,418,700,9552,0.64,112606.5,-0.25
99.7,94.7,88.7,0,81,1.67,2,2850,1091,344,51.4,90,418,700,9562,0.64,112703.4,-0.31
99.8,94.7,89.3,0,81,1.67,2,2851,1091,347,51.4,90,416,698,9571,0.64,112692.5,-0.28
99.9,94.8,89.8,0,81,1.67,2,2850,1090,346,51.4,90,416,698,9581,0.64,112789.3,-0.25
100.0,94.8,90.3,0,81,1.66,2,2850,1088,345,51.4,90,416,698,9591,0.64,112886.3,-0.23
100.1,94.8,92.6,0,80,1.66,2,2850,1088,343,51.4,90,416,699,9599,0.64,113017.7,-0.11
100.2,94.9,94.7,0,80,1.66,2,2850,1087,339,51.4,90,416,700,9609,0.64,113168.4,-0.01
100.3,94.8,96.5,0,80,1.66,2,2850,1086,341,51.4,90,416,699,9619,0.64,113211.4,0.08
100.4,94.9,98.2,0,80,1.66,2,2850,1085,340,51.4,90,416,700,9631,0.64,113381.6,0.17
100.5,94.7,99.7,0,81,1.65,2,2850,1083,343,51.4,90,415,698,9639,0.64,113351.2,0.24
100.6,94.9,101.0,0,80,1.65,2,2850,1083,339,51.4,90,415,700,9648,0.64,113556.0,0.31
100.7,94.6,96.7,0,81,1.65,2,2850,1081,345,51.4,90,414,698,9658,0.64,113545.0,0.10
100.8,94.7,92.9,0,81,1.65,2,2850,1080,343,51.4,90,414,698,9668,0.64,113641.8,-0.10
100.9,94.6,89.4,0,81,1.64,2,2850,1079,342,51.4,90,414,698,9678,0.64,113738.7,-0.27
101.0,94.7,90.0,0,81,1.64,2,2850,1079,341,51.4,90,414,698,9686,0.64,113816.2,-0.24
101.1,94.6,90.4,0,81,1.64,2,2850,1078,343,51.4,90,413,698,9696,0.64,113913.0,-0.22
101.2,94.7,90.9,0,80,1.64,2,2850,1077,339,51.4,90,413,699,9706,0.64,114063.7,-0.20
101.3,94.7,93.1,0,80,1.64,2,2850,1076,338,51.4,90,413,699,9716,0.64,114160.5,-0.09
101.4,94.8,95.1,0,80,1.63,2,2850,1075,338,51.4,90,413,699,9725,0.64,114257.3,0.02
101.5,94.8,96.9,0,81,1.63,2,2850,1074,339,51.5,90,413,699,9733,0.64,114334.8,0.11
101.6,94.8,98.5,0,80,1.63,2,2850,1073,336,51.4,90,413,700,9743,0.64,114485.5,0.19
101.7,94.8,99.9,0,80,1.63,2,2850,1072,335,51.4,90,413,700,9753,0.64,114582.3,0.26
101.8,94.5,101.2,0,81,1.62,2,2850,1070,341,51.4,90,413,700,9763,0.64,114679.0,0.33
101.9,94.6,100.6,0,81,1.62,2,2850,1070,340,51.4,90,412,700,9773,0.64,114775.8,0.29
102.0,94.6,100.0,0,81,1.62,2,2850,1069,339,51.5,90,411,698,9781,0.64,114745.3,0.26
102.1,94.6,99.4,0,81,1.62,2,2850,1068,338,51.5,90,411,698,9791,0.64,114842.1,0.24
102.2,94.6,98.9,0,81,1.61,2,2850,1067,338,51.5,90,412,700,9800,0.65,115046.7,0.21
102.3,94.5,98.5,0,81,1.61,2,2850,1066,339,51.5,90,411,700,9810,0.65,115143.4,0.19
102.4,94.5,98.1,0,81,1.61,2,2850,1065,338,51.5,90,411,700,9820,0.65,115240.1,0.17
102.5,94.5,97.8,0,81,1.61,2,2850,1064,337,51.5,90,411,700,9828,0.65,115317.5,0.16
102.6,94.5,97.4,0,81,1.61,2,2850,1063,338,51.5,90,411,700,9838,0.65,115414.2,0.14
102.7,94.5,97.1,0,81,1.60,2,2850,1062,337,51.5,90,409,698,9848,0.64,115403.0,0.13
102.8,94.5,93.2,0,81,1.60,2,2850,1061,337,51.5,90,409,698,9858,0.64,115499.6,-0.07
102.9,94.5,89.7,0,81,1.60,2,2850,1060,335,51.5,90,409,698,9867,0.64,115596.2,-0.25
103.0,94.5,86.6,0,81,1.60,2,2850,1059,335,51.5,90,410,700,9875,0.65,115781.4,-0.41
103.1,94.4,87.3,0,81,1.59,2,2850,1058,337,51.5,90,408,698,9885,0.64,115770.2,-0.37
103.2,94.5,88.1,0,81,1.59,2,2850,1057,334,51.5,90,409,700,9895,0.65,115974.7,-0.33
103.3,94.4,88.7,0,81,1.59,2,2850,1056,335,51.5,90,408,698,9905,0.64,115963.4,-0.30
103.4,94.4,89.3,0,81,1.59,2,2850,1055,334,51.5,90,408,698,9915,0.64,116060.0,-0.27
103.5,94.6,89.8,0,80,1.59,2,2850,1055,331,51.5,90,408,700,9925,0.65,116264.4,-0.24
103.6,94.3,90.2,0,81,1.58,2,2850,1053,336,51.5,90,407,698,9934,0.64,116253.1,-0.22
103.7,94.6,94.3,0,80,1.58,2,2850,1053,329,51.5,90,408,700,9944,0.65,116457.5,-0.01
103.8,94.3,98.0,0,81,1.58,2,2850,1051,334,51.5,90,407,698,9954,0.64,116446.2,0.18
103.9,94.5,101.4,0,80,1.58,2,2850,1051,329,51.5,90,407,700,9962,0.65,116631.3,0.34
104.0,94.3,100.6,0,81,1.58,2,2850,1050,334,51.5,90,407,700,9970,0.65,116708.6,0.31
104.1,94.2,100.0,0,81,1.57,2,2850,1048,334,51.5,90,406,698,9982,0.64,116716.5,0.28
104.2,94.5,99.4,0,80,1.57,2,2850,1048,327,51.5,90,407,700,9991,0.65,116920.8,0.25
104.3,94.2,95.2,0,81,1.57,2,2850,1046,333,51.5,90,405,698,10001,0.64,116909.4,0.04
104.4,94.3,91.5,0,81,1.57,2,2850,1046,331,51.5,90,406,698,10009,0.65,116986.6,-0.15
104.5,94.3,88.1,0,81,1.56,2,2850,1045,331,51.5,90,405,698,10019,0.65,117083.0,-0.32
104.6,94.4,90.5,0,80,1.56,2,2850,1044,329,51.5,90,405,699,10029,0.65,117233.4,-0.20
104.7,94.3,92.7,0,81,1.56,2,2850,1043,330,51.5,90,405,698,10039,0.65,117275.9,-0.08
104.8,94.5,94.7,0,80,1.56,2,2850,1043,326,51.5,90,405,700,10047,0.65,117460.9,0.02
104.9,94.5,96.5,0,80,1.56,2,2850,1042,325,51.5,90,405,700,10056,0.65,117557.3,0.11
105.0,94.2,98.1,0,81,1.55,2,2850,1040,331,51.5,90,404,698,10066,0.65,117545.9,0.19
105.1,94.3,99.6,0,81,1.55,2,2850,1039,330,51.5,90,404,698,10076,0.65,117642.3,0.26
105.2,94.3,95.4,0,81,1.55,2,2850,1038,330,51.5,90,403,698,10086,0.65,117738.8,0.05
105.3,94.3,91.7,0,81,1.55,2,2850,1038,328,51.5,90,403,698,10094,0.65,117816.0,-0.14
105.4,94.4,88.3,0,80,1.55,2,2850,1037,327,51.5,90,403,699,10104,0.65,117966.3,-0.31
105.5,94.5,92.5,0,80,1.54,2,2850,1036,323,51.5,90,404,700,10113,0.65,118116.6,-0.09
105.6,94.4,96.4,0,80,1.54,2,2850,1035,326,51.5,90,403,699,10123,0.65,118159.2,0.10
105.7,94.4,99.8,0,81,1.54,2,2850,1034,327,51.5,90,403,699,10133,0.65,118255.7,0.27
105.8,94.5,99.3,0,80,1.54,2,2850,1033,323,51.5,90,403,700,10143,0.65,118406.1,0.24
105.9,94.5,98.8,0,80,1.54,2,2850,1032,322,51.5,90,403,700,10151,0.65,118483.3,0.22
106.0,94.5,98.4,0,80,1.53,2,2850,1031,323,51.5,90,402,700,10161,0.65,118579.8,0.20
106.1,94.5,98.0,0,80,1.53,2,2850,1030,324,51.5,90,402,700,10170,0.65,118676.4,0.18
106.2,94.3,97.7,0,81,1.53,2,2850,1029,328,51.5,90,401,698,10180,0.65,118665.0,0.16
106.3,94.3,97.3,0,81,1.53,2,2850,1028,325,51.5,90,401,698,10190,0.65,118761.5,0.14
106.4,94.4,93.4,0,81,1.52,2,2850,1027,325,51.5,90,401,698,10198,0.65,118838.8,-0.05
106.5,94.5,89.9,0,81,1.52,2,2850,1027,324,51.5,90,401,699,10208,0.65,118989.2,-0.23
106.6,94.5,86.7,0,80,1.52,2,2850,1026,323,51.5,90,401,699,10220,0.65,119105.0,-0.39
106.7,94.6,91.1,0,80,1.52,2,2850,1025,320,51.5,90,401,700,10228,0.65,119236.1,-0.17
106.8,94.5,95.1,0,80,1.52,2,2850,1024,320,51.5,90,400,700,10237,0.65,119332.7,0.03
106.9,94.3,98.6,0,81,1.51,2,2850,1022,326,51.5,90,399,698,10247,0.65,119321.4,0.21
107.0,94.3,94.6,0,81,1.51,2,2850,1021,324,51.5,90,399,698,10257,0.65,119417.9,0.00
107.1,94.3,90.9,0,81,1.51,2,2850,1021,324,51.5,90,399,698,10267,0.65,119514.4,-0.18
107.2,94.4,87.6,0,80,1.51,2,2850,1020,321,51.5,90,399,699,10275,0.65,119645.5,-0.35
107.3,94.5,91.9,0,80,1.51,2,2850,1019,318,51.5,90,399,700,10285,0.65,119795.8,-0.13
107.4,94.4,95.8,0,80,1.50,2,2850,1018,320,51.5,90,399,699,10294,0.65,119838.4,0.07
107.5,94.4,99.4,0,81,1.50,2,2850,1017,321,51.5,90,399,699,10304,0.65,119934.8,0.25
107.6,94.1,98.8,0,82,1.50,2,2850,1016,324,51.5,90,399,700,10314,0.65,120085.2,0.22
107.7,94.3,98.4,0,81,1.50,2,2850,1015,320,51.5,90,399,700,10322,0.65,120162.3,0.20
107.8,94.2,97.9,0,81,1.49,2,2850,1014,321,51.5,90,397,698,10332,0.65,120150.8,0.18
107.9,94.2,97.6,0,81,1.49,2,2850,1014,321,51.5,90,398,700,10342,0.65,120355.1,0.16
108.0,94.1,97.2,0,81,1.49,2,2850,1012,322,51.5,90,397,698,10351,0.65,120343.6,0.15
108.1,94.2,96.9,0,81,1.49,2,2850,1012,320,51.5,90,397,698,10361,0.65,120439.8,0.13
108.2,94.1,93.0,0,81,1.49,2,2850,1011,319,51.5,90,397,698,10369,0.65,120516.9,-0.07
108.3,94.1,89.5,0,81,1.48,2,2850,1010,320,51.5,90,396,698,10379,0.65,120613.2,-0.24
108.4,94.1,86.3,0,81,1.48,2,2850,1009,320,51.6,90,396,698,10389,0.65,120709.4,-0.40
108.5,94.1,88.9,0,80,1.48,2,2850,1008,318,51.5,90,396,699,10398,0.65,120859.5,-0.27
108.6,94.1,91.3,0,81,1.48,2,2850,1007,318,51.5,90,396,698,10408,0.65,120901.9,-0.15
108.7,94.2,93.4,0,80,1.48,2,2850,1007,315,51.5,90,396,700,10416,0.65,121086.6,-0.04
108.8,94.1,93.5,0,80,1.47,2,2850,1006,316,51.5,90,396,699,10428,0.65,121148.0,-0.04
108.9,94.1,93.5,0,80,1.47,2,2850,1005,316,51.6,90,395,699,10436,0.65,121225.0,-0.04
109.0,94.1,93.6,0,81,1.47,2,2850,1004,317,51.6,90,395,699,10446,0.65,121321.1,-0.03
109.1,94.1,93.6,0,80,1.47,2,2850,1003,316,51.6,90,395,699,10455,0.65,121417.2,-0.03
109.2,94.1,93.7,0,80,1.47,2,2850,1002,313,51.6,90,395,700,10465,0.65,121567.3,-0.03
109.3,93.8,93.7,0,81,1.46,2,2850,1001,318,51.6,90,393,698,10475,0.65,121555.5,-0.02
109.4,93.6,88.3,0,81,1.46,2,2850,999,320,51.5,90,392,696,10483,0.65,121524.6,-0.29
109.5,94.1,83.5,0,78,1.46,2,2849,999,304,51.4,90,394,700,10494,0.65,121854.7,-0.54
109.6,93.9,79.1,0,80,1.46,2,2851,998,311,51.5,90,394,700,10502,0.65,121931.6,-0.76
109.7,93.9,87.9,0,81,1.46,2,2852,998,317,51.6,90,394,700,10510,0.65,122008.4,-0.31
109.8,93.8,95.9,0,82,1.45,2,2850,996,322,51.6,90,392,698,10522,0.65,122015.8,0.09
109.9,94.1,103.1,0,80,1.45,2,2849,996,311,51.6,90,393,700,10532,0.65,122219.7,0.45
110.0,93.9,98.5,0,80,1.45,2,2850,995,313,51.5,90,392,698,10539,0.65,122188.7,0.22
110.1,93.9,94.4,0,80,1.45,2,2851,994,313,51.6,90,392,698,10549,0.65,122284.7,0.02
110.2,94.0,90.7,0,81,1.45,2,2851,993,315,51.6,90,392,699,10559,0.65,122434.7,-0.17
110.3,94.1,94.7,0,80,1.44,2,2850,993,313,51.6,90,392,700,10569,0.65,122584.7,0.03
110.4,94.0,98.3,0,81,1.44,2,2850,991,313,51.6,90,392,699,10579,0.65,122626.9,0.21
110.5,94.1,101.5,0,80,1.44,2,2850,991,309,51.6,90,392,700,10588,0.65,122776.8,0.38
110.6,93.9,97.1,0,81,1.44,2,2850,989,312,51.6,90,391,698,10596,0.65,122745.8,0.15
110.7,93.9,93.1,0,81,1.43,2,2850,989,314,51.6,90,390,698,10606,0.65,122841.8,-0.05
110.8,93.9,89.5,0,81,1.43,2,2850,988,313,51.6,90,390,698,10616,0.65,122937.9,-0.23
110.9,94.0,91.8,0,80,1.43,2,2850,987,310,51.6,90,391,699,10626,0.65,123087.7,-0.11
111.0,94.0,93.9,0,80,1.43,2,2850,986,309,51.6,90,390,699,10635,0.65,123183.8,-0.01
111.1,94.1,95.7,0,80,1.43,2,2850,986,309,51.6,90,390,700,10643,0.65,123314.5,0.09
111.2,93.8,97.3,0,82,1.42,2,2850,984,314,51.6,90,390,700,10653,0.65,123410.6,0.17
111.3,94.0,98.8,0,80,1.42,2,2850,984,308,51.6,90,390,700,10663,0.65,123506.6,0.24
111.4,93.8,100.1,0,81,1.42,2,2850,982,312,51.6,90,389,698,10673,0.65,123494.7,0.31
111.5,93.9,99.5,0,81,1.42,2,2850,982,310,51.6,90,390,700,10680,0.65,123679.4,0.28
111.6,93.8,98.9,0,81,1.42,2,2850,981,312,51.6,90,388,698,10690,0.65,123667.6,0.25
111.7,93.9,98.4,0,80,1.42,2,2850,980,309,51.6,90,389,699,10700,0.65,123817.4,0.23
111.8,93.9,96.2,0,80,1.41,2,2850,979,308,51.6,90,388,699,10712,0.65,123932.6,0.11
111.9,94.0,94.1,0,80,1.41,2,2850,978,306,51.6,90,388,700,10722,0.65,124082.4,0.01
112.0,93.8,92.3,0,81,1.41,2,2850,977,310,51.6,90,388,700,10729,0.65,124159.3,-0.08
112.1,93.8,90.6,0,81,1.41,2,2850,976,310,51.6,90,387,698,10739,0.65,124147.3,-0.17
112.2,93.8,89.1,0,81,1.40,2,2850,976,309,51.6,90,387,698,10749,0.65,124243.3,-0.24
112.3,93.9,87.8,0,80,1.40,2,2850,975,307,51.6,90,387,699,10759,0.65,124393.1,-0.31
112.4,93.8,88.4,0,81,1.40,2,2850,974,308,51.6,90,387,698,10768,0.65,124435.2,-0.28
112.5,93.8,88.9,0,81,1.40,2,2850,973,309,51.6,90,386,698,10776,0.65,124511.9,-0.25
112.6,93.8,89.4,0,81,1.40,2,2850,972,308,51.6,90,386,698,10786,0.65,124607.8,-0.23
112.7,93.8,91.6,0,80,1.39,2,2850,971,306,51.6,90,386,699,10796,0.65,124757.6,-0.11
112.8,93.8,93.7,0,80,1.39,2,2850,971,306,51.6,90,386,699,10806,0.65,124853.5,-0.01
112.9,93.8,95.5,0,80,1.39,2,2850,970,305,51.6,90,386,699,10813,0.65,124930.2,0.08
113.0,93.8,95.3,0,81,1.39,2,2850,969,307,51.6,90,386,699,10823,0.65,125026.0,0.07
113.1,93.5,95.2,0,82,1.39,2,2850,967,309,51.6,90,386,700,10833,0.65,125175.8,0.07
113.2,93.8,95.0,0,80,1.39,2,2850,967,301,51.6,90,385,700,10843,0.65,125271.6,0.06
113.3,93.6,93.0,0,81,1.38,2,2850,966,307,51.6,90,384,698,10853,0.65,125259.5,-0.04
113.4,93.7,91.3,0,81,1.38,2,2850,966,305,51.6,90,385,699,10860,0.65,125390.0,-0.13
113.5,93.8,89.7,0,80,1.38,2,2850,965,302,51.6,90,385,700,10870,0.65,125539.6,-0.21
113.6,93.8,93.7,0,80,1.38,2,2850,964,301,51.6,90,385,700,10880,0.65,125635.4,0.00
113.7,93.7,97.3,0,80,1.38,2,2850,963,303,51.6,90,384,699,10890,0.65,125677.2,0.18
113.8,93.4,100.6,0,82,1.37,2,2850,961,308,51.6,90,383,697,10901,0.65,125684.3,0.34
113.9,93.6,96.2,0,80,1.37,2,2850,961,303,51.6,90,383,698,10909,0.65,125814.6,0.12
114.0,93.5,92.3,0,81,1.37,2,2850,960,304,51.6,90,383,698,10919,0.65,125910.3,-0.07
114.1,93.5,88.8,0,81,1.37,2,2850,959,305,51.7,90,382,698,10929,0.65,126006.0,-0.25
114.2,93.6,91.1,0,80,1.37,2,2850,959,302,51.6,90,383,699,10938,0.65,126155.5,-0.13
114.3,93.6,93.2,0,80,1.36,2,2850,958,300,51.6,90,383,699,10948,0.65,126251.1,-0.03
114.4,93.6,95.0,0,80,1.36,2,2850,957,301,51.6,90,382,699,10956,0.65,126327.6,0.07
114.5,93.6,94.9,0,81,1.36,2,2850,956,302,51.7,90,382,699,10966,0.65,126423.2,0.06
114.6,93.6,94.7,0,80,1.36,2,2850,956,300,51.7,90,382,700,10975,0.65,126572.7,0.05
114.7,93.6,94.6,0,80,1.36,2,2850,955,298,51.7,90,382,700,10985,0.65,126668.3,0.05
114.8,93.3,92.7,0,81,1.35,2,2850,953,303,51.7,90,381,698,10995,0.65,126656.0,-0.05
114.9,93.4,90.9,0,81,1.35,2,2850,953,301,51.7,90,381,698,11003,0.65,126732.5,-0.14
115.0,93.4,89.3,0,81,1.35,2,2850,952,302,51.7,90,381,698,11012,0.65,126828.0,-0.21
115.1,93.5,91.6,0,81,1.35,2,2850,951,300,51.7,90,381,699,11022,0.65,126977.4,-0.10
115.2,93.5,93.6,0,80,1.35,2,2850,950,300,51.7,90,380,699,11032,0.65,127073.0,0.00
115.3,93.5,95.4,0,81,1.34,2,2850,950,300,51.7,90,380,699,11042,0.65,127168.5,0.09
115.4,93.5,95.2,0,80,1.34,2,2850,949,299,51.7,90,380,699,11049,0.65,127245.0,0.08
115.5,93.5,95.0,0,80,1.34,2,2850,948,299,51.7,90,380,699,11059,0.65,127340.5,0.08
115.6,93.4,94.9,0,81,1.34,2,2850,947,299,51.7,90,379,699,11069,0.65,127436.0,0.07
115.7,93.5,94.7,0,80,1.34,2,2850,946,298,51.7,90,379,699,11079,0.65,127531.5,0.06
115.8,93.5,94.6,0,80,1.34,2,2850,946,297,51.7,90,379,699,11086,0.65,127607.9,0.06
115.9,93.2,94.5,0,81,1.33,2,2850,944,301,51.7,90,378,697,11096,0.65,127595.7,0.05
116.1,92.9,87.1,0,81,1.33,2,2849,942,302,51.6,90,377,695,11106,0.65,127583.4,-0.32
116.2,92.6,80.5,0,81,1.32,2,2849,941,301,51.5,90,375,693,11115,0.65,127571.2,-0.66
116.3,92.4,74.5,0,81,1.32,2,2849,940,300,51.5,90,375,692,11121,0.65,127574.5,-0.96
116.4,92.1,67.4,0,81,1.32,2,2849,938,302,51.5,90,373,690,11133,0.65,127581.1,-1.32
116.5,91.8,61.0,0,81,1.32,2,2849,937,303,51.4,90,372,688,11142,0.64,127568.8,-1.64
116.6,91.5,55.2,0,81,1.31,2,2848,935,304,51.4,90,370,686,11152,0.64,127556.5,-1.93
116.7,91.3,48.0,0,81,1.31,2,2848,934,304,51.3,90,369,684,11160,0.64,127525.5,-2.30
116.8,90.9,41.5,0,81,1.31,2,2848,932,304,51.3,90,368,682,11169,0.64,127513.3,-2.63
116.9,90.6,35.6,0,82,1.30,2,2848,931,305,51.2,90,367,680,11179,0.64,127501.1,-2.92
117.0,90.3,30.5,0,82,1.30,2,2848,929,306,51.2,90,366,678,11188,0.64,127488.8,-3.18
117.1,90.1,25.8,0,82,1.30,2,2848,928,307,51.1,90,365,677,11196,0.63,127510.4,-3.42
117.2,89.8,21.7,0,82,1.29,2,2848,927,307,51.1,90,363,675,11205,0.63,127498.0,-3.63
117.3,89.4,19.7,0,82,1.29,2,2848,925,308,51.0,90,362,673,11214,0.63,127485.6,-3.72
117.4,89.1,18.0,0,82,1.29,2,2848,924,309,51.0,90,361,671,11224,0.63,127473.2,-3.81
117.5,88.8,16.4,0,82,1.28,2,2848,922,310,50.9,90,359,669,11233,0.63,127460.8,-3.89
117.6,88.6,13.1,0,82,1.28,2,2848,921,310,50.9,90,358,667,11240,0.63,127430.3,-4.05
117.7,88.2,10.2,0,82,1.28,2,2848,920,311,50.8,90,357,666,11249,0.62,127469.3,-4.20
117.8,87.9,7.5,0,82,1.27,2,2847,918,312,50.8,90,356,664,11259,0.62,127456.7,-4.34
117.9,87.6,6.9,0,82,1.27,2,2847,917,312,50.7,90,355,662,11268,0.62,127444.1,-4.37
118.0,87.3,6.3,0,82,1.27,2,2847,916,313,50.7,90,353,660,11277,0.62,127431.5,-4.39
118.1,87.0,5.8,0,82,1.26,2,2847,915,314,50.7,90,352,658,11284,0.62,127401.1,-4.41
118.2,86.7,3.6,0,82,1.26,2,2847,913,314,50.6,90,351,656,11293,0.62,127388.5,-4.52
118.3,86.3,1.7,0,83,1.26,2,2847,912,315,50.6,90,350,654,11302,0.61,127375.9,-4.62
118.4,86.0,0.0,0,83,1.26,2,2847,911,316,50.5,90,349,652,11311,0.61,127363.3,-4.71
118.5,85.7,0.1,0,83,1.25,2,2847,909,316,50.4,90,348,651,11320,0.61,127400.8,-4.70
