"Time, s","Power, hp","Thrust, kgf",RPM,"Manifold pressure, atm","Specific excess power, m/s","Acceleration, m/sÂ²","Climb, m/s","Propeller efficiency, %",Supercharger gear,"Throttle, %","WEP remain, min:sec","Altitude, m","Critical AoA, %","AoA, deg","Mixture, %","Radiator, %","Oil radiator, %","Turn rate, deg/s","Turn radius, m","IAS, km/h","TAS, km/h","Specific energy, J/kg","Drag, kgf"
18.2,1323,482,3121,1.83,300.9,4.66,79.4,93,2,100,00:00,6105,-6,-1,100,55,0,0,0,510,698,78672,-4531.2
18.3,1313,347,3110,1.82,300.9,5.68,79.7,68,2,100,00:00,6114,-6,-1,100,55,0,0.8,0,511,699,78840.3,-4531.2
18.4,1311,417,3112,1.82,300.9,6.48,79.8,81,2,100,00:00,6122,-6,-1,100,55,0,0.7,0,511,699,78928.1,-4531.2
18.5,1300,470,3095,1.8,300.9,7.01,79.7,92,2,100,00:00,6129,-6,-1,100,55,0,0,0,510,698,78916.2,-4531.2
18.6,1294,374,3078,1.79,300.9,7.49,80,74,2,100,00:00,6137,-6,-1.1,100,55,0,0,0,510,699,79074.7,-4531.2
18.7,1297,390,3079,1.8,300.9,7.8,80,77,2,100,00:00,6145,-6,-1.1,100,55,0,0,0,510,699,79134.9,-4531.2
18.8,1293,440,3067,1.79,300.9,8.01,80,87,2,100,00:00,6154,-6,-1.1,100,55,0,0,0,509,699,79193.6,-4531.2
18.9,1291,375,3055,1.78,300.9,8.11,80.1,74,2,100,00:00,6162,-6,-1.1,100,55,0,0,0,509,699,79282.6,-4531.2
19,1295,374,3056,1.79,300.9,8.14,80.2,74,2,100,00:00,6169,-6,-1.1,100,55,0,0,0,509,699,79356.4,-4531.2
19.1,1295,427,3050,1.79,200.5,8.1,80.2,84,2,100,00:00,6177,-6,-1.1,100,55,0,0,0,509,699,79421.1,-2972.8
19.2,1293,378,3038,1.79,200.5,7.97,80.1,75,2,100,00:00,6187,-6,-1.1,100,55,0,0,0,508,698,79483.5,-2972.8
19.3,1298,388,3039,1.79,200.5,7.75,80.2,76,2,100,00:00,6195,-6,-1.1,100,55,0,0,0,508,698,79566,-2972.8
19.4,1297,421,3033,1.79,200.5,7.57,80.2,83,2,100,00:00,6204,-6,-1.1,100,55,0,0,0,507,697,79626.9,-2972.8
19.5,1296,388,3026,1.79,200.5,7.37,80.2,77,2,100,00:00,6211,-6,-1.1,100,55,0,0,0,507,698,79714.2,-2972.8
19.6,1301,374,3027,1.79,200.5,7.17,80.4,73,2,100,00:00,6219,-6,-1.1,100,55,0,0,0,508,699,79869.7,-2972.8
19.7,1301,403,3024,1.79,200.5,6.95,80.4,79,2,100,00:00,6227,-6,-1.1,100,55,0,0,0,508,699,79958.6,-2972.8
19.8,1300,385,3018,1.79,200.5,6.71,80.4,76,2,100,00:00,6236,-7,-1.2,100,55,0,0,0,507,699,80011.7,-2972.8
19.9,1302,372,3018,1.8,200.5,6.47,80.4,73,2,100,00:00,6242,-7,-1.2,100,55,0,0,0,507,699,80098.2,-2972.8
20,1304,394,3018,1.8,200.5,6.21,80.4,77,2,100,00:00,6251,-7,-1.2,100,55,0,0,0,507,699,80177.1,-2972.8
20.1,1303,391,3013,1.8,146,5.95,80.4,77,2,100,00:00,6259,-7,-1.2,100,55,0,0,0,507,699,80237.4,-2084
20.2,1304,382,3013,1.8,146,5.68,80.3,75,2,100,00:00,6267,-7,-1.2,100,55,0,0,0,506,698,80294.3,-2084
20.3,1305,395,3012,1.8,146,5.41,80.3,77,2,100,00:00,6276,-7,-1.2,100,55,0,0,0,506,698,80384.3,-2084
20.4,1305,395,3010,1.8,146,5.13,80.3,77,2,100,00:00,6282,-7,-1.2,100,55,0,0,0,506,698,80453,-2084
20.5,1306,385,3009,1.8,146,4.82,80.3,75,2,100,00:00,6293,-7,-1.2,100,55,0,0,0,505,698,80516.2,-2084
20.6,1307,398,3008,1.8,146,4.55,80.2,78,2,100,00:00,6301,-7,-1.2,100,55,0,0,0,505,697,80580.4,-2084
20.7,1306,396,3007,1.8,146,4.34,80.2,77,2,100,00:00,6308,-7,-1.2,100,55,0,0,0,505,698,80667.6,-2084
20.8,1307,387,3006,1.8,146,4.11,80.2,75,2,100,00:00,6316,-7,-1.2,100,55,0,0,0,504,698,80744.7,-2084
20.9,1309,387,3006,1.8,146,3.82,80.4,76,2,100,00:00,6324,-7,-1.2,100,55,0,0,0,505,699,80899.1,-2084
21,1307,398,3005,1.8,146,3.63,80.2,78,2,100,00:00,6331,-7,-1.2,100,55,0,0,0,504,698,80880.1,-2084
21.1,1309,380,3004,1.8,116.3,3.42,80.3,74,2,100,00:00,6339,-7,-1.2,100,55,0,0,0,505,699,81048.9,-1591.2
21.2,1309,384,3004,1.8,116.3,3.21,80.3,75,2,100,00:00,6348,-7,-1.2,100,55,0,0,0,504,699,81132.4,-1591.2
21.3,1309,391,3003,1.8,116.3,3.05,80.3,76,2,100,00:00,6356,-7,-1.2,100,55,0,0,0,504,699,81196.1,-1591.2
21.4,1309,385,3002,1.8,116.3,2.86,80.2,75,2,100,00:00,6364,-7,-1.2,100,55,0,0,0,504,699,81273.5,-1591.2
21.5,1310,386,3003,1.8,116.3,2.7,80.2,75,2,100,00:00,6373,-7,-1.2,100,55,0,0,0,503,699,81350.8,-1591.2
21.6,1310,391,3002,1.8,116.3,2.57,80.2,76,2,100,00:00,6379,-7,-1.2,100,55,0,0,0,503,699,81412,-1591.2
21.7,1310,392,3001,1.8,116.3,2.41,80.1,76,2,100,00:00,6390,-7,-1.2,100,55,0,0,0,502,698,81462.4,-1591.2
21.8,1310,390,3001,1.8,116.3,2.24,80.1,76,2,100,00:00,6396,-7,-1.2,100,55,0,0,0,502,698,81520.6,-1591.2
21.9,1311,393,3001,1.8,116.3,2.1,80.1,76,2,100,00:00,6405,-7,-1.2,100,55,0,0,0,502,698,81608.3,-1591.2
22,1311,392,3001,1.8,116.3,1.96,80.1,76,2,100,00:00,6413,-7,-1.2,100,55,0,0,0,502,698,81691.8,-1591.2
22.1,1311,394,3001,1.8,94.8,1.83,80,77,2,100,00:00,6421,-7,-1.2,100,55,0,0,0,501,697,81751.3,-1216.1
22.2,1311,393,3001,1.8,94.8,1.71,80,77,2,100,00:00,6430,-6,-1.1,100,55,0,0,0,501,697,81834.4,-1216.1
22.3,1311,392,3001,1.8,94.8,1.59,80,76,2,100,00:00,6436,-6,-1.1,100,55,0,0,0,501,698,81917.8,-1216.1
22.4,1312,387,3000,1.8,94.8,1.52,80.2,75,2,100,00:00,6445,-6,-1.1,100,55,0,0,0,502,699,82069.6,-1216.1
22.5,1312,389,3000,1.8,94.8,1.43,80.1,76,2,100,00:00,6453,-6,-1.1,100,55,0,0,0,501,698,82125.1,-1216.1
22.6,1312,387,3000,1.8,94.8,1.35,80.1,75,2,100,00:00,6461,-6,-1.1,100,55,0,0,0,501,699,82213.6,-1216.1
22.7,1312,389,3000,1.8,94.8,1.28,80.1,76,2,100,00:00,6470,-6,-1.1,100,55,0,0,0,501,699,82297.3,-1216.1
22.8,1313,390,3000,1.8,94.8,1.2,80.1,76,2,100,00:00,6476,-6,-1.1,100,55,0,0,0,501,699,82361.1,-1216.1
22.9,1313,388,3000,1.8,94.8,1.13,80.1,76,2,100,00:00,6485,-6,-1.1,100,55,0,0,0,500,699,82438.2,-1216.1
23,1313,390,3000,1.8,94.8,1.06,80.1,76,2,100,00:00,6493,-6,-1.1,100,55,0,0,0,500,698,82507.5,-1216.1
23.1,1313,393,3000,1.8,89,0.97,80,76,2,100,00:00,6503,-6,-1.1,100,55,0,0,0,499,698,82575.3,-1117.1
23.2,1313,393,3000,1.8,89,0.91,80,76,2,100,00:00,6510,-6,-1.1,100,55,0,0,0,499,698,82649,-1117.1
23.3,1313,394,3000,1.8,89,0.84,80,76,2,100,00:00,6516,-6,-1.1,100,55,0,0,0,499,698,82715.4,-1117.1
23.4,1313,392,3000,1.8,89,0.78,80,76,2,100,00:00,6525,-6,-1.1,100,55,0,0,0,499,698,82794.6,-1117.1
23.6,1313,393,3000,1.8,89,0.72,80,76,2,100,00:00,6533,-6,-1.1,100,55,0,0,0,498,698,82870.9,-1117.1
23.7,1313,397,2999,1.8,89,0.65,80,77,2,100,00:00,6541,-6,-1.1,100,55,0,0,0,498,697,82931.7,-1117.1
23.8,1313,394,2999,1.8,89,0.59,80,77,2,100,00:00,6550,-6,-1.1,100,55,0,0,0,498,697,83021.3,-1117.1
23.9,1314,392,3000,1.8,89,0.56,80,76,2,100,00:00,6556,-6,-1.1,100,55,0,0,0,498,698,83114.6,-1117.1
24,1314,389,2999,1.8,89,0.52,80.1,76,2,100,00:00,6565,-6,-1.1,100,55,0,0,0,498,699,83257.2,-1117.1
24.1,1314,391,2999,1.8,89,0.49,80,76,2,100,00:00,6575,-6,-1.1,100,55,0,0,0,498,698,83314.3,-1117.1
24.2,1314,388,2999,1.8,87.5,0.47,80.1,75,2,100,00:00,6581,-6,-1.1,100,55,0,0,0,498,699,83400.4,-1094.6
24.3,1315,391,3000,1.8,87.5,0.45,80.1,76,2,100,00:00,6590,-6,-1.1,100,55,0,0,0,497,699,83474.3,-1094.6
24.4,1315,392,2999,1.8,87.5,0.43,80.1,76,2,100,00:00,6596,-6,-1.1,100,55,0,0,0,497,699,83535.1,-1094.6
24.5,1315,390,2999,1.8,87.5,0.4,80,76,2,100,00:00,6606,-6,-1.1,100,55,0,0,0,497,698,83616.3,-1094.6
24.6,1315,395,3000,1.8,87.5,0.37,80,77,2,100,00:00,6615,-6,-1.1,100,55,0,0,0,496,698,83679.5,-1094.6
24.7,1315,395,2999,1.8,87.5,0.34,80,77,2,100,00:00,6623,-6,-1.1,100,55,0,0,0,496,698,83774.3,-1094.6
24.8,1315,394,2999,1.8,87.5,0.32,80,76,2,100,00:00,6630,-6,-1.1,100,55,0,0,0,496,698,83846.6,-1094.6
24.9,1315,396,2999,1.8,87.5,0.29,79.9,77,2,100,00:00,6638,-6,-1.1,100,55,0,0,0,495,698,83899.9,-1094.6
25,1315,396,2999,1.8,87.5,0.26,79.9,77,2,100,00:00,6646,-6,-1.1,100,55,0,0,0,495,698,83977.7,-1094.6
25.1,1316,388,2999,1.8,87.5,0.27,80.1,75,2,100,00:00,6655,-6,-1.1,100,55,0,0,0,496,699,84147.7,-1094.6
25.2,1316,388,2999,1.8,85.5,0.28,80.1,75,2,100,00:00,6663,-6,-1.1,100,55,0,0,0,496,699,84233.1,-1060.3
25.3,1316,387,2999,1.8,85.5,0.28,80.1,75,2,100,00:00,6670,-6,-1.1,100,55,0,0,0,495,699,84298,-1060.3
25.4,1316,388,2999,1.8,85.5,0.28,80.1,75,2,100,00:00,6678,-6,-1.1,100,55,0,0,0,495,699,84376,-1060.3
25.5,1316,392,2999,1.8,85.5,0.27,80,76,2,100,00:00,6687,-6,-1.1,100,55,0,0,0,495,699,84435.8,-1060.3
25.6,1316,394,2999,1.8,85.5,0.25,80,76,2,100,00:00,6695,-6,-1.1,100,55,0,0,0,494,698,84492.8,-1060.3
25.7,1316,392,2999,1.8,85.5,0.23,80,76,2,100,00:00,6703,-6,-1.1,100,55,0,0,0,494,699,84582.5,-1060.3
25.8,1317,390,2999,1.8,85.5,0.22,80.1,76,2,100,00:00,6710,-6,-1.1,100,55,0,0,0,494,699,84670.7,-1060.3
25.9,1317,395,3000,1.8,85.5,0.21,80,77,2,100,00:00,6718,-6,-1.1,100,55,0,0,0,494,699,84731.5,-1060.3
26,1317,393,2999,1.8,85.5,0.19,80,76,2,100,00:00,6727,-6,-1.1,100,55,0,0,0,493,698,84809.1,-1060.3
26.1,1317,392,2999,1.8,85.5,0.18,80.1,76,2,100,00:00,6735,-6,-1.1,100,55,0,0,0,493,699,84899.4,-1060.3
26.2,1317,398,3000,1.8,80.4,0.16,80,77,2,100,00:00,6743,-6,-1.1,100,55,0,0,0,493,698,84965,-966.2
26.3,1317,397,2999,1.8,80.4,0.15,80,77,2,100,00:00,6750,-6,-1.1,100,55,0,0,0,492,698,85029.9,-966.2
26.4,1317,396,2999,1.8,80.4,0.12,80,77,2,100,00:00,6758,-6,-1.1,100,55,0,0,0,492,698,85083.3,-966.2
26.5,1317,397,2999,1.8,80.4,0.1,80,77,2,100,00:00,6767,-6,-1.1,100,55,0,0,0,492,698,85170.1,-966.2
26.6,1318,391,2999,1.8,80.4,0.11,80.2,76,2,100,00:00,6775,-6,-1.1,100,55,0,0,0,492,699,85332,-966.2
26.7,1317,398,2999,1.8,80.4,0.09,80,77,2,100,00:00,6782,-6,-1.1,100,55,0,0,0,491,698,85315.6,-966.2
26.8,1317,396,2999,1.8,80.4,0.07,80,77,2,100,00:00,6790,-6,-1.1,100,55,0,0,0,491,698,85391.6,-966.2
26.9,1318,390,2999,1.8,80.4,0.09,80.2,76,2,100,00:00,6798,-6,-1.1,100,55,0,0,0,492,699,85560.1,-966.2
27,1318,395,2999,1.8,80.4,0.09,80.2,77,2,100,00:00,6807,-6,-1.1,100,55,0,0,0,491,699,85613.7,-966.2
27.1,1318,393,2999,1.8,80.4,0.08,80.1,76,2,100,00:00,6815,-6,-1.1,100,55,0,0,0,491,699,85681.2,-966.2
27.2,1318,391,2999,1.8,81.9,0.09,80.2,76,2,100,00:00,6822,-6,-1.1,100,55,0,0,0,491,699,85767.3,-997.3
27.3,1319,393,2999,1.8,81.9,0.09,80.2,76,2,100,00:00,6830,-6,-1.1,100,55,0,0,0,491,699,85846.5,-997.3
27.4,1318,396,2999,1.8,81.9,0.08,80.1,77,2,100,00:00,6838,-6,-1.1,100,55,0,0,0,490,698,85902.9,-997.3
27.5,1319,394,2999,1.8,81.9,0.07,80.1,76,2,100,00:00,6847,-6,-1.1,100,55,0,0,0,490,699,85992.3,-997.3
27.6,1319,394,2999,1.8,81.9,0.07,80.1,76,2,100,00:00,6855,-6,-1.1,100,55,0,0,0,490,699,86073.9,-997.3
27.7,1318,401,2999,1.8,81.9,0.05,80,78,2,100,00:00,6863,-6,-1.1,100,55,0,0,0,489,698,86120,-997.3
27.8,1319,389,2999,1.8,81.9,0.07,80.2,75,2,100,00:00,6872,-6,-1.1,100,55,0,0,0,490,699,86286,-997.3
27.9,1319,389,2999,1.8,81.9,0.08,80.2,75,2,100,00:00,6880,-6,-1.1,100,55,0,0,0,490,699,86368.7,-997.3
28,1320,391,2999,1.8,81.9,0.09,80.2,76,2,100,00:00,6888,-6,-1.1,100,55,0,0,0,489,699,86447.8,-997.3
28.1,1319,399,2999,1.8,81.9,0.06,80,77,2,100,00:00,6895,-6,-1.1,100,55,0,0,0,488,698,86429,-997.3
28.2,1320,390,2999,1.8,82.4,0.08,80.1,76,2,100,00:00,6903,-6,-1.1,100,55,0,0,0,489,699,86597.2,-1004.6
28.3,1320,397,2999,1.8,82.4,0.06,80.1,77,2,100,00:00,6914,-6,-1.1,100,55,0,0,0,488,699,86645,-1004.6
28.4,1320,396,2999,1.8,82.4,0.06,80,77,2,100,00:00,6920,-6,-1.1,100,55,0,0,0,488,699,86718.9,-1004.6
28.5,1320,394,2999,1.8,82.4,0.05,80,76,2,100,00:00,6929,-6,-1.1,100,55,0,0,0,488,699,86801.6,-1004.6
28.6,1320,394,2999,1.8,82.4,0.05,80.1,76,2,100,00:00,6935,-6,-1.1,100,55,0,0,0,488,699,86884.1,-1004.6
28.7,1320,398,2999,1.8,82.4,0.05,80,77,2,100,00:00,6944,-6,-1.1,100,55,0,0,0,487,699,86940.9,-1004.6
28.8,1320,395,2999,1.8,82.4,0.04,80,76,2,100,00:00,6952,-6,-1.1,100,55,0,0,0,487,699,87030.4,-1004.6
28.9,1320,398,2999,1.8,82.4,0.03,80,77,2,100,00:00,6960,-6,-1.1,100,55,0,0,0,487,698,87095.2,-1004.6
29,1320,399,2999,1.8,82.4,0.02,80,77,2,100,00:00,6969,-6,-1.1,100,55,0,0,0,486,698,87175.9,-1004.6
29.1,1320,399,2999,1.8,82.4,0.01,80,77,2,100,00:00,6975,-6,-1,100,55,0,0,0,486,698,87232.2,-1004.6
29.2,1320,400,2999,1.8,77.2,-0.01,79.9,77,2,100,00:00,6984,-6,-1,100,55,0,0,0,486,698,87299.2,-910.2
29.3,1321,391,2999,1.8,77.2,0.01,80.1,76,2,100,00:00,6992,-6,-1,100,55,0,0,0,486,699,87459.8,-910.2
29.4,1321,392,2999,1.8,77.2,0.03,80.1,76,2,100,00:00,7000,-6,-1,100,55,0,0,0,486,699,87538.5,-910.2
29.5,1321,391,2999,1.8,77.2,0.04,80.1,76,2,100,00:00,7009,-6,-1,100,55,0,0,0,486,699,87629.9,-910.2
29.6,1322,395,2999,1.8,77.2,0.04,80.1,76,2,100,00:00,7017,-6,-1,100,55,0,0,0,485,699,87682.7,-910.2
29.7,1322,396,2999,1.8,77.2,0.04,80.1,77,2,100,00:00,7025,-6,-1,100,55,0,0,0,485,699,87755.9,-910.2
29.8,1322,396,2999,1.8,77.2,0.03,80,77,2,100,00:00,7034,-6,-1,100,55,0,0,0,485,699,87823.4,-910.2
29.9,1322,400,2999,1.8,77.2,0.02,80,77,2,100,00:00,7042,-6,-1,100,55,0,0,0,484,698,87886.4,-910.2
30,1322,397,2999,1.8,77.2,0.01,80.1,77,2,100,00:00,7049,-6,-1,100,55,0,0,0,484,698,87968.6,-910.2
30.1,1322,399,2999,1.8,77.2,0,80,77,2,100,00:00,7057,-6,-1,100,55,0,0,0,484,698,88040.7,-910.2
30.2,1322,399,2999,1.8,79.8,0,80,77,2,100,00:00,7065,-6,-1,100,55,0,0,0,484,698,88127.1,-953.9
30.3,1322,399,2999,1.8,79.8,-0.01,80,77,2,100,00:00,7074,-6,-1,100,55,0,0,0,483,698,88209.1,-953.9
30.4,1322,402,2999,1.8,79.8,-0.02,80,78,2,100,00:00,7082,-6,-1,100,55,0,0,0,483,698,88263.3,-953.9
30.5,1322,399,2999,1.8,79.8,-0.02,80,77,2,100,00:00,7089,-6,-1,100,55,0,0,0,483,698,88353.9,-953.9
30.6,1323,393,2999,1.8,79.8,0,80.1,76,2,100,00:00,7097,-6,-1,100,55,0,0,0,484,699,88495.4,-953.9
30.7,1323,393,2999,1.8,79.8,0.01,80.1,76,2,100,00:00,7105,-6,-1,100,55,0,0,0,483,699,88574.7,-953.9
30.8,1323,395,2999,1.8,79.8,0.02,80.1,76,2,100,00:00,7114,-6,-1,100,55,0,0,0,483,699,88636.3,-953.9
30.9,1323,396,2999,1.8,79.8,0.02,80.1,77,2,100,00:00,7122,-6,-1,100,55,0,0,0,483,699,88714,-953.9
31,1323,396,2999,1.8,79.8,0.02,80.1,76,2,100,00:00,7130,-6,-1,100,55,0,0,0,482,699,88786.3,-953.9
31.1,1323,396,2999,1.8,79.8,0.02,80.1,77,2,100,00:00,7137,-6,-1,100,55,0,0,0,482,699,88845.9,-953.9
31.2,1323,398,2999,1.8,79.8,0.02,80,77,2,100,00:00,7147,-6,-1,100,55,0,0,0,482,698,88927.1,-955.1
31.3,1323,398,2999,1.8,79.8,0.01,80,77,2,100,00:00,7154,-6,-1,100,55,0,0,0,482,698,88996.2,-955.1
31.4,1323,401,2999,1.8,79.8,0.01,79.9,77,2,100,00:00,7162,-6,-1,100,55,0,0,0,481,698,89071.5,-955.1
31.5,1324,398,2999,1.8,79.8,0.01,80,77,2,100,00:00,7169,-6,-1,100,55,0,0,0,481,698,89147.5,-955.1
31.6,1323,402,2999,1.8,79.8,-0.02,79.9,78,2,100,00:00,7179,-6,-1,100,55,0,0,0,480,698,89198.3,-955.1
31.7,1323,402,2999,1.8,79.8,-0.04,79.9,77,2,100,00:00,7187,-6,-1,100,55,0,0,0,480,697,89272.3,-955.1
31.8,1324,394,2999,1.8,79.8,-0.02,80,76,2,100,00:00,7195,-6,-1,100,55,0,0,0,481,699,89443.3,-955.1
31.9,1324,403,2999,1.8,79.8,-0.04,79.9,78,2,100,00:00,7202,-6,-1,100,55,0,0,0,480,698,89437.3,-955.1
32,1325,394,2999,1.8,79.8,-0.02,80,76,2,100,00:00,7210,-6,-1,100,55,0,0,0,480,699,89597.8,-955.1
32.1,1325,398,2999,1.8,79.8,-0.01,80,77,2,100,00:00,7219,-6,-1,100,55,0,0,0,480,699,89662.6,-955.1
32.2,1325,397,2999,1.8,81.3,0,80,77,2,100,00:00,7227,-6,-1,100,55,0,0,0,480,699,89743,-980.5
32.3,1325,399,2999,1.8,81.3,0,79.9,77,2,100,00:00,7235,-6,-1,100,55,0,0,0,479,698,89800.8,-980.5
32.4,1325,398,2999,1.8,81.3,0,79.9,77,2,100,00:00,7242,-6,-1,100,55,0,0,0,479,699,89878.4,-980.5
32.5,1325,400,2999,1.8,81.3,0,79.9,77,2,100,00:00,7250,-6,-1,100,55,0,0,0,479,698,89947.5,-980.5
32.6,1325,399,2999,1.8,81.3,0,79.9,77,2,100,00:00,7259,-6,-1,100,55,0,0,0,479,699,90031.2,-980.5
32.7,1325,399,2999,1.8,81.3,-0.01,79.9,77,2,100,00:00,7267,-6,-1,100,55,0,0,0,478,698,90110.9,-980.5
32.8,1325,403,2999,1.8,81.3,-0.01,79.9,78,2,100,00:00,7275,-6,-1,100,55,0,0,0,478,698,90184.1,-980.5
32.9,1325,403,2999,1.8,81.3,-0.01,79.9,78,2,100,00:00,7282,-6,-1,100,55,0,0,0,478,698,90254.7,-980.5
33,1325,400,2999,1.8,81.3,-0.01,79.9,77,2,100,00:00,7290,-6,-1,100,55,0,0,0,478,698,90337,-980.5
33.1,1325,404,2999,1.8,81.3,-0.02,79.8,78,2,100,00:00,7299,-6,-1,100,55,0,0,0,477,698,90391.5,-980.5
33.2,1325,404,2999,1.8,78.3,-0.03,79.8,78,2,100,00:00,7307,-6,-1,100,55,0,0,0,477,698,90479.4,-924.5
33.3,1326,395,2999,1.8,78.3,-0.01,80,76,2,100,00:00,7315,-6,-1,100,55,0,0,0,478,699,90639.6,-924.5
33.4,1326,404,2999,1.8,78.3,-0.02,79.8,78,2,100,00:00,7322,-6,-1,100,55,0,0,0,476,698,90625.3,-924.5
33.5,1326,396,2999,1.8,78.3,0,80,76,2,100,00:00,7330,-6,-1,100,55,0,0,0,477,699,90778.8,-924.5
33.6,1326,401,2999,1.8,78.3,0,79.9,77,2,100,00:00,7340,-6,-1,100,55,0,0,0,476,699,90832.7,-924.5
33.7,1326,398,2999,1.8,78.3,0.01,80,77,2,100,00:00,7347,-6,-1,100,55,0,0,0,476,699,90914.6,-924.5
33.8,1327,398,2999,1.8,78.3,0.01,79.9,77,2,100,00:00,7355,-6,-1,100,55,0,0,0,476,699,90988.3,-924.5
33.9,1327,401,2999,1.8,78.3,0.01,79.9,77,2,100,00:00,7364,-6,-1,100,55,0,0,0,476,698,91053.9,-924.5
34,1327,399,2999,1.8,78.3,0.01,79.9,77,2,100,00:00,7370,-6,-1,100,55,0,0,0,476,699,91142.6,-924.5
34.1,1327,402,2999,1.8,78.3,0.01,79.8,77,2,100,00:00,7380,-6,-1,100,55,0,0,0,475,698,91212.9,-924.5
34.2,1327,402,2999,1.8,80,0.01,79.8,77,2,100,00:00,7389,-6,-1,100,55,0,0,0,475,698,91301.9,-954.8
34.3,1327,403,2999,1.8,80,0.01,79.8,78,2,100,00:00,7395,-6,-1,100,55,0,0,0,475,698,91369.6,-954.8
34.4,1327,404,2999,1.8,80,0,79.7,78,2,100,00:00,7404,-6,-1,100,55,0,0,0,474,698,91419.7,-954.8
34.5,1328,396,2999,1.8,80,0.02,79.9,76,2,100,00:00,7412,-6,-1,100,55,0,0,0,475,699,91586.4,-954.8
34.6,1328,397,2999,1.8,80,0.04,79.9,76,2,100,00:00,7420,-6,-1,100,55,0,0,0,475,700,91671.1,-954.8
34.7,1328,396,2999,1.8,80,0.05,79.8,76,2,100,00:00,7428,-6,-1,100,55,0,0,0,474,700,91751.8,-954.8
34.8,1328,396,2999,1.8,80,0.06,79.8,76,2,100,00:00,7435,-6,-1,100,55,0,0,0,474,699,91812.8,-954.8
34.9,1328,397,2999,1.8,80,0.07,79.8,76,2,100,00:00,7443,-6,-1,100,55,0,0,0,474,700,91903.3,-954.8
35,1328,400,2999,1.8,80,0.07,79.7,77,2,100,00:00,7452,-6,-1,100,55,0,0,0,474,699,91958.7,-954.8
35.1,1328,402,2999,1.8,80,0.06,79.7,77,2,100,00:00,7460,-6,-1,100,55,0,0,0,473,699,92012,-954.8
35.2,1328,401,2999,1.8,80.3,0.05,79.6,77,2,100,00:00,7468,-6,-1,100,55,0,0,0,473,699,92096,-959.6
35.3,1328,402,2999,1.8,80.3,0.04,79.6,77,2,100,00:00,7475,-6,-1,100,55,0,0,0,473,699,92164.8,-959.6
35.4,1328,402,2999,1.8,80.3,0.04,79.6,77,2,100,00:00,7483,-6,-1,100,55,0,0,0,472,699,92243.3,-959.6
35.5,1328,401,2999,1.8,80.3,0.03,79.6,77,2,100,00:00,7492,-6,-1,100,55,0,0,0,472,699,92319.1,-959.6
35.6,1328,404,2999,1.8,80.3,0.02,79.5,78,2,100,00:00,7500,-6,-1,100,55,0,0,0,472,698,92389.4,-959.6
35.7,1329,402,2999,1.8,80.3,0.02,79.5,77,2,100,00:00,7506,-6,-1,100,55,0,0,0,472,699,92476.5,-959.6
35.8,1329,398,2999,1.8,80.3,0.03,79.6,76,2,100,00:00,7516,-6,-1,100,55,0,0,0,472,699,92603,-959.6
35.9,1329,400,2999,1.8,80.3,0.03,79.5,77,2,100,00:00,7525,-6,-1,100,55,0,0,0,472,699,92662,-959.6
36,1329,398,2999,1.8,80.3,0.03,79.5,77,2,100,00:00,7531,-6,-1,100,55,0,0,0,472,699,92753.5,-959.6
36.1,1329,397,2999,1.8,80.3,0.04,79.5,76,2,100,00:00,7540,-6,-1,100,55,0,0,0,471,699,92835.2,-959.6
36.2,1330,398,2999,1.8,81.6,0.04,79.5,76,2,100,00:00,7546,-6,-1,100,55,0,0,0,471,699,92897.1,-983.6
36.3,1330,399,2999,1.8,81.6,0.05,79.5,77,2,100,00:00,7555,-6,-1,100,55,0,0,0,471,700,92988.1,-983.6
36.4,1330,401,2999,1.8,81.6,0.05,79.5,77,2,100,00:00,7563,-6,-1,100,55,0,0,0,471,699,93044.1,-983.6
36.5,1330,402,2999,1.8,81.6,0.03,79.4,77,2,100,00:00,7573,-5,-0.9,100,55,0,0,0,470,698,93111.4,-983.6
36.6,1330,403,2999,1.8,81.6,0.03,79.4,77,2,100,00:00,7579,-5,-0.9,100,55,0,0,0,470,699,93185.2,-983.6
36.7,1329,405,2999,1.8,81.6,0.02,79.4,78,2,100,00:00,7588,-5,-0.9,100,55,0,0,0,469,698,93245.9,-983.6
36.8,1330,403,2999,1.8,81.6,0.01,79.4,77,2,100,00:00,7596,-5,-0.9,100,55,0,0,0,469,698,93324.6,-983.6
36.9,1330,407,2999,1.8,81.6,-0.01,79.3,78,2,100,00:00,7604,-5,-0.9,100,55,0,0,0,469,698,93386.7,-983.6
37,1330,407,2999,1.8,81.6,-0.03,79.3,78,2,100,00:00,7612,-5,-0.9,100,55,0,0,0,469,698,93464.4,-983.6
37.1,1330,404,2999,1.8,81.6,-0.04,79.4,78,2,100,00:00,7619,-5,-0.9,100,55,0,0,0,469,698,93547.4,-983.6
37.2,1331,400,2999,1.8,80.1,-0.02,79.5,77,2,100,00:00,7627,-5,-0.9,100,55,0,0,0,469,699,93681.4,-956.2
37.3,1331,400,2999,1.8,80.1,-0.01,79.5,77,2,100,00:00,7636,-5,-0.9,100,55,0,0,0,469,699,93771.9,-956.2
37.4,1331,401,2999,1.8,80.1,-0.01,79.5,77,2,100,00:00,7644,-5,-0.9,100,55,0,0,0,468,699,93827.3,-956.2
37.5,1331,402,2999,1.8,80.1,-0.01,79.5,77,2,100,00:00,7652,-5,-0.9,100,55,0,0,0,468,699,93899.7,-956.2
37.6,1331,403,2999,1.8,80.1,-0.01,79.5,77,2,100,00:00,7659,-5,-0.9,100,55,0,0,0,468,699,93970.2,-956.2
37.7,1331,403,2999,1.8,80.1,-0.01,79.4,77,2,100,00:00,7669,-5,-0.9,100,55,0,0,0,467,698,94046.8,-956.2
37.8,1331,401,2999,1.8,80.1,-0.01,79.5,77,2,100,00:00,7675,-5,-0.9,100,55,0,0,0,468,699,94130.7,-956.2
37.9,1331,405,3000,1.8,80.1,-0.01,79.4,78,2,100,00:00,7684,-5,-0.9,100,55,0,0,0,467,698,94187.5,-956.2
38,1331,407,2999,1.8,80.1,-0.02,79.4,78,2,100,00:00,7692,-5,-0.9,100,55,0,0,0,467,698,94258.1,-956.2
38.1,1331,405,2999,1.8,80.1,-0.03,79.4,78,2,100,00:00,7699,-5,-0.9,100,55,0,0,0,466,698,94326.2,-956.2
38.2,1331,405,2999,1.8,77.2,-0.03,79.4,78,2,100,00:00,7707,-5,-0.9,100,55,0,0,0,466,698,94406.4,-903.4
38.3,1331,406,2999,1.8,77.2,-0.04,79.4,78,2,100,00:00,7715,-5,-0.9,100,55,0,0,0,466,698,94494.1,-903.4
38.4,1331,408,2999,1.8,77.2,-0.05,79.3,78,2,100,00:00,7723,-5,-0.9,100,55,0,0,0,466,698,94558.3,-903.4
38.5,1331,406,2999,1.8,77.2,-0.06,79.3,78,2,100,00:00,7732,-5,-0.9,100,55,0,0,0,465,698,94637.3,-903.4
38.6,1332,405,2999,1.8,77.2,-0.06,79.4,78,2,100,00:00,7738,-5,-0.9,100,55,0,0,0,465,698,94716,-903.4
38.7,1332,402,2999,1.8,77.2,-0.03,79.5,77,2,100,00:00,7747,-5,-0.9,100,55,0,0,0,466,699,94862.4,-903.4
38.8,1332,400,2999,1.8,77.2,-0.01,79.5,77,2,100,00:00,7755,-5,-0.9,100,55,0,0,0,466,699,94947,-903.4
39,1332,402,2999,1.8,77.2,0,79.5,77,2,100,00:00,7763,-5,-0.9,100,55,0,0,0,465,699,94997.7,-903.4
39,1333,404,2999,1.8,77.2,0,79.5,78,2,100,00:00,7771,-5,-0.9,100,55,0,0,0,465,699,95082.5,-903.4
39.1,1333,404,2999,1.8,77.2,0.01,79.5,78,2,100,00:00,7778,-5,-0.9,100,55,0,0,0,465,699,95146.9,-903.4
39.2,1333,403,2999,1.8,80.1,0.01,79.5,77,2,100,00:00,7786,-5,-0.9,100,55,0,0,0,465,699,95224.1,-953.4
39.3,1333,403,2999,1.8,80.1,0.01,79.5,77,2,100,00:00,7795,-5,-0.9,100,55,0,0,0,464,699,95298.6,-953.4
39.4,1333,407,2999,1.8,80.1,0.01,79.4,78,2,100,00:00,7803,-5,-0.9,100,55,0,0,0,464,698,95368.4,-953.4
39.5,1332,408,2999,1.8,80.1,-0.01,79.4,78,2,100,00:00,7811,-5,-0.9,100,55,0,0,0,463,698,95430.6,-953.4
39.7,1332,408,2999,1.8,80.1,-0.02,79.4,78,2,100,00:00,7819,-5,-0.9,100,55,0,0,0,463,698,95497.1,-953.4
39.8,1333,408,2999,1.8,80.1,-0.03,79.4,78,2,100,00:00,7828,-5,-0.9,100,55,0,0,0,463,698,95577.9,-953.4
39.9,1334,402,2999,1.8,80.1,-0.01,79.5,77,2,100,00:00,7836,-5,-0.9,100,55,0,0,0,463,699,95735.9,-953.4
40,1333,402,2999,1.8,80.1,0,79.5,77,2,100,00:00,7844,-5,-0.9,100,55,0,0,0,463,699,95814.9,-953.4
40.1,1334,401,2999,1.8,80.1,0.02,79.5,77,2,100,00:00,7851,-5,-0.9,100,55,0,0,0,463,700,95893.8,-953.4
40.2,1334,402,2999,1.8,80.1,0.04,79.5,77,2,100,00:00,7859,-5,-0.9,100,55,0,0,0,463,700,95977.5,-953.4
40.3,1334,405,2999,1.8,80.3,0.04,79.5,78,2,100,00:00,7867,-5,-0.9,100,55,0,0,0,462,699,96029.9,-954.7
40.4,1334,405,2999,1.8,80.3,0.04,79.5,78,2,100,00:00,7874,-5,-0.9,100,55,0,0,0,462,699,96086.2,-954.7
40.5,1334,405,2999,1.8,80.3,0.04,79.5,78,2,100,00:00,7884,-5,-0.9,100,55,0,0,0,462,699,96165.7,-954.7
40.6,1334,406,2999,1.8,80.3,0.03,79.5,78,2,100,00:00,7891,-5,-0.9,100,55,0,0,0,462,699,96230.1,-954.7
40.7,1334,406,2999,1.8,80.3,0.02,79.5,78,2,100,00:00,7899,-5,-0.9,100,55,0,0,0,461,698,96307.5,-954.7
40.8,1334,405,2999,1.8,80.3,0.01,79.5,78,2,100,00:00,7907,-5,-0.9,100,55,0,0,0,461,698,96382.1,-954.7
40.9,1334,408,2999,1.8,80.3,0,79.4,78,2,100,00:00,7915,-5,-0.9,100,55,0,0,0,461,698,96452.1,-954.7
41,1334,408,2999,1.8,80.3,-0.01,79.4,78,2,100,00:00,7924,-5,-0.9,100,55,0,0,0,460,698,96536,-954.7
41.1,1334,408,2999,1.8,80.3,-0.02,79.4,78,2,100,00:00,7930,-5,-0.9,100,55,0,0,0,460,698,96599.7,-954.7
41.2,1334,408,2999,1.8,80.3,-0.02,79.4,78,2,100,00:00,7939,-5,-0.9,100,55,0,0,0,460,698,96692.6,-954.7
41.3,1334,410,2999,1.8,77.3,-0.03,79.4,79,2,100,00:00,7947,-5,-0.9,100,55,0,0,0,460,698,96755.6,-900.4
41.4,1335,403,2999,1.8,77.3,-0.01,79.5,77,2,100,00:00,7955,-5,-0.9,100,55,0,0,0,460,699,96908.2,-900.4
41.5,1335,403,2999,1.8,77.3,0.02,79.5,77,2,100,00:00,7963,-5,-0.9,100,55,0,0,0,460,700,96999.7,-900.4
41.6,1335,403,2999,1.8,77.3,0.04,79.5,77,2,100,00:00,7970,-5,-0.9,100,55,0,0,0,460,700,97069.3,-900.4
41.7,1335,403,2999,1.8,77.3,0.05,79.5,77,2,100,00:00,7978,-5,-0.9,100,55,0,0,0,460,700,97150.9,-900.4
41.8,1335,407,2999,1.8,77.3,0.05,79.4,78,2,100,00:00,7988,-5,-0.9,100,55,0,0,0,459,699,97210.6,-900.4
41.9,1335,409,2999,1.8,77.3,0.04,79.4,78,2,100,00:00,7997,-5,-0.9,100,55,0,0,0,458,699,97271.6,-900.4
42,1334,407,2999,1.8,77.3,0.04,79.4,78,2,100,00:00,8003,-5,-0.9,100,55,0,0,0,458,699,97350.3,-900.4
42.1,1332,404,2999,1.8,77.3,0.04,79.5,77,2,100,00:00,8010,-5,-0.9,100,55,0,0,0,459,699,97429.6,-900.4
42.2,1331,404,2999,1.8,77.3,0.04,79.5,78,2,100,00:00,8018,-5,-0.9,100,55,0,0,0,458,699,97501.5,-900.4
42.3,1329,406,2999,1.8,79.9,0.04,79.4,78,2,100,00:00,8026,-5,-0.9,100,55,0,0,0,458,699,97569.6,-947.8
42.4,1327,405,2999,1.79,79.9,0.02,79.4,78,2,100,00:00,8036,-5,-0.9,100,55,0,0,0,457,698,97646.4,-947.8
42.5,1325,405,2999,1.79,79.9,0.01,79.4,78,2,100,00:00,8043,-5,-0.9,100,55,0,0,0,457,698,97708.4,-947.8
42.6,1323,407,2999,1.79,79.9,-0.01,79.3,79,2,100,00:00,8051,-5,-0.9,100,55,0,0,0,457,698,97771.1,-947.8
42.7,1322,398,2999,1.79,79.9,0,79.5,77,2,100,00:00,8059,-5,-0.9,100,55,0,0,0,457,699,97928.4,-947.8
42.8,1321,398,2999,1.79,79.9,0.02,79.5,77,2,100,00:00,8068,-5,-0.9,100,55,0,0,0,457,699,98007.3,-947.8
42.9,1319,401,2999,1.78,79.9,0.02,79.4,78,2,100,00:00,8076,-5,-0.9,100,55,0,0,0,457,699,98070,-947.8
43,1317,400,2999,1.78,79.9,0.02,79.4,78,2,100,00:00,8084,-5,-0.9,100,55,0,0,0,457,699,98145.2,-947.8
43.1,1316,398,2999,1.78,79.9,0.01,79.4,77,2,100,00:00,8092,-5,-0.9,100,55,0,0,0,456,699,98220.4,-947.8
43.2,1314,401,2999,1.78,79.9,0.01,79.4,78,2,100,00:00,8101,-5,-0.8,100,55,0,0,0,456,698,98291.1,-947.8
43.3,1312,402,2999,1.78,78.4,0,79.3,78,2,100,00:00,8109,-5,-0.8,100,55,0,0,0,455,698,98356.8,-927.9
43.4,1310,400,2999,1.77,78.4,-0.01,79.3,78,2,100,00:00,8116,-5,-0.8,100,55,0,0,0,455,698,98423.5,-927.9
43.5,1309,397,2999,1.77,78.4,-0.02,79.4,77,2,100,00:00,8122,-5,-0.8,100,55,0,0,0,455,698,98502.5,-927.9
43.6,1308,398,2999,1.77,78.4,-0.02,79.4,78,2,100,00:00,8131,-5,-0.8,100,55,0,0,0,455,698,98576.7,-927.9
43.7,1306,400,2999,1.77,78.4,-0.03,79.3,78,2,100,00:00,8139,-5,-0.8,100,55,0,0,0,455,698,98646.8,-927.9
43.8,1304,398,2999,1.77,78.4,-0.03,79.3,78,2,100,00:00,8147,-5,-0.8,100,55,0,0,0,454,698,98730.4,-927.9
43.9,1303,395,2999,1.76,78.4,-0.03,79.3,77,2,100,00:00,8154,-5,-0.8,100,55,0,0,0,454,698,98806.5,-927.9
44,1301,401,2999,1.76,78.4,-0.04,79.3,79,2,100,00:00,8162,-5,-0.8,100,55,0,0,0,454,698,98857.7,-927.9
44.1,1300,394,2999,1.76,78.4,-0.03,79.4,77,2,100,00:00,8172,-5,-0.8,100,55,0,0,0,454,699,98999.3,-927.9
44.2,1298,392,2999,1.76,78.4,-0.03,79.4,77,2,100,00:00,8180,-5,-0.8,100,55,0,0,0,454,699,99086.5,-927.9
44.3,1297,390,2999,1.76,81.9,-0.01,79.4,77,2,100,00:00,8187,-5,-0.8,100,55,0,0,0,454,699,99182.5,-995.8
44.4,1295,393,2999,1.75,81.9,0,79.3,78,2,100,00:00,8195,-5,-0.8,100,55,0,0,0,454,699,99240.4,-995.8
44.5,1294,389,2999,1.75,81.9,0.02,79.4,77,2,100,00:00,8202,-5,-0.8,100,55,0,0,0,454,699,99330.6,-995.8
44.6,1292,390,2999,1.75,81.9,0.03,79.3,77,2,100,00:00,8212,-5,-0.8,100,55,0,0,0,453,699,99394.9,-995.8
44.7,1290,395,2999,1.75,81.9,0.02,79.2,78,2,100,00:00,8220,-5,-0.8,100,55,0,0,0,453,698,99442.9,-995.8
44.8,1289,392,2999,1.75,81.9,0.02,79.3,78,2,100,00:00,8226,-5,-0.8,100,55,0,0,0,453,699,99526.2,-995.8
44.9,1287,389,2999,1.74,81.9,0.02,79.3,77,2,100,00:00,8235,-5,-0.8,100,55,0,0,0,452,698,99603.4,-995.8
45,1285,392,2999,1.74,81.9,0.01,79.2,78,2,100,00:00,8243,-5,-0.8,100,55,0,0,0,452,698,99676.1,-995.8
45.1,1283,392,2999,1.74,81.9,0,79.2,78,2,100,00:00,8251,-5,-0.8,100,55,0,0,0,452,698,99761.7,-995.8
45.2,1282,392,2999,1.74,81.9,-0.01,79.2,78,2,100,00:00,8259,-5,-0.8,100,55,0,0,0,451,698,99813.6,-995.8
45.3,1281,389,2999,1.74,77.5,-0.02,79.2,78,2,100,00:00,8266,-5,-0.8,100,55,0,0,0,451,698,99895.8,-924.8
45.4,1280,386,2999,1.74,77.5,0,79.3,77,2,100,00:00,8274,-5,-0.8,100,55,0,0,0,452,699,100039,-924.8
45.5,1278,384,2999,1.73,77.5,0.02,79.3,77,2,100,00:00,8283,-5,-0.8,100,55,0,0,0,452,699,100121.5,-924.8
45.6,1276,382,2999,1.73,77.5,0.03,79.3,76,2,100,00:00,8291,-5,-0.8,100,55,0,0,0,451,699,100200.2,-924.8
45.7,1275,386,2999,1.73,77.5,0.03,79.2,77,2,100,00:00,8299,-5,-0.8,100,55,0,0,0,451,699,100263.1,-924.8
45.8,1273,384,2999,1.73,77.5,0.05,79.3,77,2,100,00:00,8306,-5,-0.8,100,55,0,0,0,451,699,100354.3,-924.8
45.9,1272,381,2999,1.73,77.5,0.06,79.3,77,2,100,00:00,8314,-5,-0.8,100,55,0,0,0,451,700,100438,-924.8
46,1270,383,2999,1.72,77.5,0.06,79.2,77,2,100,00:00,8322,-5,-0.8,100,55,0,0,0,450,699,100488.1,-924.8
46.1,1268,387,2999,1.72,77.5,0.05,79.2,78,2,100,00:00,8330,-5,-0.8,100,55,0,0,0,450,699,100553.9,-924.8
46.2,1266,386,2999,1.72,77.5,0.03,79.1,78,2,100,00:00,8339,-5,-0.8,100,55,0,0,0,449,698,100615.7,-924.8
46.3,1265,382,2999,1.72,79.3,0.03,79.2,77,2,100,00:00,8345,-5,-0.8,100,55,0,0,0,449,699,100694.9,-961.3
46.4,1264,381,2999,1.72,79.3,0.03,79.2,77,2,100,00:00,8352,-5,-0.8,100,55,0,0,0,449,699,100774.5,-961.3
46.5,1262,386,2999,1.71,79.3,0.01,79.1,78,2,100,00:00,8362,-5,-0.8,100,55,0,0,0,449,698,100839.1,-961.3
46.6,1260,383,2999,1.71,79.3,0,79.1,78,2,100,00:00,8370,-5,-0.8,100,55,0,0,0,449,698,100922.9,-961.3
46.7,1259,382,2999,1.71,79.3,-0.01,79.1,78,2,100,00:00,8378,-5,-0.8,100,55,0,0,0,448,698,100996.5,-961.3
46.8,1257,384,2999,1.71,79.3,-0.02,79.1,78,2,100,00:00,8385,-5,-0.8,100,55,0,0,0,448,698,101068.8,-961.3
46.9,1256,377,2998,1.71,79.3,0,79.3,77,2,100,00:00,8395,-5,-0.8,100,55,0,0,0,449,699,101221.4,-961.3
47,1255,375,2999,1.7,79.3,0.01,79.3,76,2,100,00:00,8401,-5,-0.8,100,55,0,0,0,448,699,101287.5,-961.3
47.1,1253,379,2999,1.7,79.3,0.03,79.2,77,2,100,00:00,8411,-5,-0.8,100,55,0,0,0,448,699,101364.2,-961.3
47.2,1251,379,2999,1.7,79.3,0.03,79.3,77,2,100,00:00,8418,-5,-0.8,100,55,0,0,0,448,699,101426.4,-961.3
47.3,1250,377,2999,1.7,80,0.03,79.3,77,2,100,00:00,8426,-4,-0.7,100,55,0,0,0,447,699,101501.9,-977.6
47.4,1248,375,2999,1.7,80,0.02,79.3,77,2,100,00:00,8434,-4,-0.7,100,55,0,0,0,447,699,101574.9,-977.6
47.5,1246,379,2999,1.69,80,0.01,79.3,78,2,100,00:00,8443,-4,-0.7,100,55,0,0,0,447,698,101644,-977.6
47.6,1244,380,2999,1.69,80,0,79.2,78,2,100,00:00,8451,-4,-0.7,100,55,0,0,0,446,698,101708.6,-977.6
47.7,1243,378,2999,1.69,80,-0.01,79.3,78,2,100,00:00,8457,-4,-0.7,100,55,0,0,0,446,698,101771.4,-977.6
47.8,1242,376,2999,1.69,80,-0.02,79.3,77,2,100,00:00,8466,-4,-0.7,100,55,0,0,0,446,698,101864.3,-977.6
47.9,1240,377,2999,1.69,80,-0.02,79.3,78,2,100,00:00,8474,-4,-0.7,100,55,0,0,0,446,698,101951.3,-977.6
48,1238,379,2999,1.68,80,-0.03,79.3,78,2,100,00:00,8482,-4,-0.7,100,55,0,0,0,445,698,102004.3,-977.6
48.1,1236,376,2999,1.68,80,-0.04,79.3,78,2,100,00:00,8491,-4,-0.7,100,55,0,0,0,445,698,102078.6,-977.6
48.2,1236,374,2999,1.68,80,-0.04,79.3,77,2,100,00:00,8497,-4,-0.7,100,55,0,0,0,445,698,102170.3,-977.6
48.3,1235,372,2999,1.68,81.3,-0.02,79.4,77,2,100,00:00,8505,-4,-0.7,100,55,0,0,0,446,699,102310.6,-1003.1
48.4,1233,373,2999,1.68,81.3,-0.01,79.4,77,2,100,00:00,8514,-4,-0.7,100,55,0,0,0,445,699,102360.9,-1003.1
48.5,1231,371,2999,1.67,81.3,-0.01,79.4,77,2,100,00:00,8524,-4,-0.7,100,55,0,0,0,445,699,102440.3,-1003.1
48.6,1230,372,2999,1.67,81.3,-0.01,79.4,77,2,100,00:00,8530,-4,-0.7,100,55,0,0,0,444,698,102504.8,-1003.1
48.7,1228,372,2999,1.67,81.3,-0.01,79.4,77,2,100,00:00,8539,-4,-0.7,100,55,0,0,0,444,698,102581.9,-1003.1
48.8,1227,369,2999,1.67,81.3,-0.01,79.4,77,2,100,00:00,8545,-4,-0.7,100,55,0,0,0,444,699,102661.9,-1003.1
48.9,1225,370,2999,1.67,81.3,-0.01,79.4,77,2,100,00:00,8553,-5,-0.8,100,55,0,0,0,444,699,102732.4,-1003.1
49,1223,371,2999,1.67,81.3,0,79.4,77,2,100,00:00,8562,-5,-0.8,100,55,0,0,0,444,699,102816.4,-1003.1
49.1,1222,371,2999,1.66,81.3,-0.01,79.3,78,2,100,00:00,8570,-5,-0.8,100,55,0,0,0,443,698,102877.6,-1003.1
49.2,1220,372,2999,1.66,81.3,-0.03,79.3,78,2,100,00:00,8578,-5,-0.8,100,55,0,0,0,443,698,102938.9,-1003.1
49.3,1218,370,2999,1.66,76.1,-0.04,79.3,78,2,100,00:00,8586,-5,-0.8,100,55,0,0,0,443,698,103017.9,-921.5
49.4,1218,364,2999,1.66,76.1,-0.02,79.4,76,2,100,00:00,8595,-5,-0.8,100,55,0,0,0,443,699,103172.9,-921.5
49.5,1216,364,2999,1.66,76.1,0,79.4,77,2,100,00:00,8603,-5,-0.8,100,55,0,0,0,443,699,103267,-921.5
49.6,1215,363,2999,1.65,76.1,0.02,79.4,76,2,100,00:00,8610,-5,-0.8,100,55,0,0,0,443,700,103338.5,-921.5
49.7,1213,362,2999,1.65,76.1,0.04,79.4,76,2,100,00:00,8618,-5,-0.8,100,55,0,0,0,443,700,103421.5,-921.5
49.8,1211,365,2999,1.65,76.1,0.04,79.3,77,2,100,00:00,8626,-5,-0.8,100,55,0,0,0,442,699,103470.9,-921.5
49.9,1210,364,2999,1.65,76.1,0.04,79.3,77,2,100,00:00,8634,-5,-0.8,100,55,0,0,0,442,699,103555.3,-921.5
50,1208,365,2999,1.65,76.1,0.04,79.3,77,2,100,00:00,8643,-5,-0.8,100,55,0,0,0,442,699,103616.6,-921.5
50.1,1207,363,2999,1.65,76.1,0.04,79.3,77,2,100,00:00,8649,-5,-0.8,100,55,0,0,0,442,699,103695.8,-921.5
50.2,1205,364,2999,1.64,76.1,0.03,79.2,77,2,100,00:00,8658,-5,-0.8,100,55,0,0,0,441,698,103751.2,-921.5
50.3,1204,363,2999,1.64,79.6,0.02,79.2,77,2,100,00:00,8666,-5,-0.8,100,55,0,0,0,441,699,103840.1,-985.5
50.4,1202,362,2999,1.64,79.6,0.02,79.2,77,2,100,00:00,8674,-5,-0.8,100,55,0,0,0,441,699,103924,-985.5
50.5,1200,364,2999,1.64,79.6,0.01,79.2,77,2,100,00:00,8682,-4,-0.7,100,55,0,0,0,440,698,103985,-985.5
50.6,1199,365,2999,1.64,79.6,0,79.1,78,2,100,00:00,8689,-4,-0.7,100,55,0,0,0,440,698,104045.3,-985.5
50.7,1197,364,2999,1.63,79.6,-0.02,79.1,78,2,100,00:00,8697,-4,-0.7,100,55,0,0,0,440,698,104111.2,-985.5
50.8,1196,363,2999,1.63,79.6,-0.03,79.1,78,2,100,00:00,8705,-4,-0.7,100,55,0,0,0,439,698,104191.2,-985.5
50.9,1195,357,2999,1.63,79.6,-0.01,79.2,76,2,100,00:00,8714,-4,-0.7,100,55,0,0,0,440,699,104342.7,-985.5
51,1193,357,2999,1.63,79.6,0.01,79.2,76,2,100,00:00,8722,-4,-0.7,100,55,0,0,0,440,699,104433.7,-985.5
51.1,1192,355,2999,1.63,79.6,0.02,79.2,76,2,100,00:00,8729,-4,-0.7,100,55,0,0,0,440,699,104503.3,-985.5
51.2,1191,355,2999,1.62,79.6,0.04,79.2,76,2,100,00:00,8737,-4,-0.7,100,55,0,0,0,440,699,104584.4,-985.5
51.3,1189,358,2999,1.62,80.1,0.03,79.1,77,2,100,00:00,8745,-4,-0.7,100,55,0,0,0,439,699,104632.3,-997.7
51.4,1187,359,2999,1.62,80.1,0.03,79.1,77,2,100,00:00,8753,-4,-0.7,100,55,0,0,0,439,699,104696.7,-997.7
51.5,1186,357,2999,1.62,80.1,0.02,79.1,77,2,100,00:00,8762,-4,-0.7,100,55,0,0,0,438,699,104775.9,-997.7
51.6,1185,355,2999,1.62,80.1,0.02,79.1,76,2,100,00:00,8768,-4,-0.7,100,55,0,0,0,438,699,104854.4,-997.7
51.7,1183,358,2999,1.62,80.1,0.01,79.1,77,2,100,00:00,8776,-4,-0.7,100,55,0,0,0,438,699,104926.4,-997.7
51.8,1181,357,2999,1.61,80.1,0,79,77,2,100,00:00,8786,-4,-0.7,100,55,0,0,0,438,698,105005.9,-997.7
51.9,1179,358,2999,1.61,80.1,-0.01,79,77,2,100,00:00,8794,-4,-0.7,100,55,0,0,0,437,698,105057.1,-997.7
52,1178,356,2999,1.61,80.1,-0.02,79,77,2,100,00:00,8801,-4,-0.7,100,55,0,0,0,437,698,105138.7,-997.7
52.1,1177,352,2999,1.61,80.1,-0.01,79.1,76,2,100,00:00,8809,-4,-0.7,100,55,0,0,0,438,699,105281.6,-997.7
52.2,1176,350,2999,1.61,80.1,0,79.1,76,2,100,00:00,8818,-4,-0.7,100,55,0,0,0,437,699,105363.6,-997.7
52.3,1174,351,2999,1.6,79.8,0.01,79.1,76,2,100,00:00,8826,-4,-0.7,100,55,0,0,0,437,699,105429.6,-1000.3
52.4,1173,349,2999,1.6,79.8,0.03,79.1,76,2,100,00:00,8832,-4,-0.7,100,55,0,0,0,437,700,105523.3,-1000.3
52.5,1171,349,2999,1.6,79.8,0.04,79.1,76,2,100,00:00,8841,-4,-0.7,100,55,0,0,0,437,700,105608.8,-1000.3
52.6,1170,351,2999,1.6,79.8,0.04,79,77,2,100,00:00,8849,-4,-0.7,100,55,0,0,0,436,699,105660.2,-1000.3
52.7,1168,352,2999,1.6,79.8,0.04,79,77,2,100,00:00,8857,-4,-0.7,100,55,0,0,0,436,699,105727.6,-1000.3
52.8,1166,351,2999,1.59,79.8,0.03,79,77,2,100,00:00,8865,-4,-0.7,100,55,0,0,0,436,699,105809,-1000.3
52.9,1165,350,2999,1.59,79.8,0.03,79,77,2,100,00:00,8872,-4,-0.7,100,55,0,0,0,436,699,105870.5,-1000.3
53,1164,350,2999,1.59,79.8,0.02,79,77,2,100,00:00,8880,-4,-0.7,100,55,0,0,0,435,699,105945.2,-1000.3
53.1,1162,349,2999,1.59,79.8,0.01,78.9,77,2,100,00:00,8888,-4,-0.7,100,55,0,0,0,435,698,106017.6,-1000.3
53.2,1160,352,2999,1.59,79.8,-0.02,78.8,77,2,100,00:00,8898,-4,-0.7,100,55,0,0,0,434,698,106070.6,-1000.3
53.3,1159,350,2999,1.59,77.2,-0.02,78.9,77,2,100,00:00,8905,-4,-0.7,100,55,0,0,0,434,698,106160.9,-958.5
53.4,1158,350,2999,1.58,77.2,-0.03,78.8,77,2,100,00:00,8911,-4,-0.7,100,55,0,0,0,434,698,106218.6,-958.5
53.5,1156,351,2999,1.58,77.2,-0.04,78.8,78,2,100,00:00,8920,-4,-0.7,100,55,0,0,0,434,698,106289.2,-958.5
53.6,1155,343,2999,1.58,77.2,-0.02,78.9,76,2,100,00:00,8928,-4,-0.7,100,55,0,0,0,435,699,106447.3,-958.5
53.7,1154,343,2999,1.58,77.2,-0.01,78.9,76,2,100,00:00,8936,-4,-0.7,100,55,0,0,0,434,699,106526.8,-958.5
53.8,1152,342,2999,1.58,77.2,0.01,78.9,76,2,100,00:00,8944,-4,-0.7,100,55,0,0,0,434,699,106602.9,-958.5
53.9,1151,342,2999,1.58,77.2,0.02,78.8,76,2,100,00:00,8951,-4,-0.7,100,55,0,0,0,434,699,106677.7,-958.5
54,1150,342,2999,1.57,77.2,0.03,78.8,76,2,100,00:00,8959,-4,-0.7,100,55,0,0,0,434,699,106762.9,-958.5
54.1,1148,345,2999,1.57,77.2,0.03,78.7,77,2,100,00:00,8969,-4,-0.7,100,55,0,0,0,433,699,106826.2,-958.5
54.2,1146,346,2999,1.57,77.2,0.02,78.6,77,2,100,00:00,8977,-4,-0.7,100,55,0,0,0,433,699,106889.7,-958.5
54.4,1145,344,2999,1.57,79.5,0.02,78.7,77,2,100,00:00,8984,-4,-0.7,100,55,0,0,0,433,699,106970.8,-1002
54.4,1143,345,2999,1.57,79.5,0.01,78.6,77,2,100,00:00,8992,-4,-0.7,100,55,0,0,0,432,698,107027.5,-1002
54.5,1142,344,2999,1.56,79.5,0,78.6,77,2,100,00:00,9000,-4,-0.7,100,55,0,0,0,432,699,107117.6,-1002
54.6,1140,344,2999,1.56,79.5,0,78.6,77,2,100,00:00,9008,-4,-0.7,100,55,0,0,0,432,699,107202.3,-1002
54.7,1139,345,2999,1.56,79.5,-0.01,78.5,77,2,100,00:00,9016,-4,-0.7,100,55,0,0,0,431,698,107253.2,-1002
54.8,1138,343,2999,1.56,79.5,-0.02,78.5,77,2,100,00:00,9023,-4,-0.7,100,55,0,0,0,431,698,107327.8,-1002
54.9,1137,338,2999,1.56,79.5,0,78.6,76,2,100,00:00,9031,-4,-0.7,100,55,0,0,0,432,699,107471.3,-1002
55,1135,337,2999,1.56,79.5,0.01,78.6,76,2,100,00:00,9039,-4,-0.7,100,55,0,0,0,432,700,107553.9,-1002
55.1,1134,339,2999,1.55,79.5,0.02,78.6,76,2,100,00:00,9047,-4,-0.7,100,55,0,0,0,431,699,107603.1,-1002
55.2,1132,339,2999,1.55,79.5,0.02,78.6,76,2,100,00:00,9056,-4,-0.6,100,55,0,0,0,431,699,107687.4,-1002
55.4,1131,338,2999,1.55,79.4,0.02,78.6,76,2,100,00:00,9062,-4,-0.6,100,55,0,0,0,431,699,107751,-1006.8
55.5,1129,339,2999,1.55,79.4,0.01,78.5,77,2,100,00:00,9072,-4,-0.6,100,55,0,0,0,430,699,107822,-1006.8
55.6,1128,337,2999,1.55,79.4,0.01,78.6,76,2,100,00:00,9079,-4,-0.6,100,55,0,0,0,430,699,107901.2,-1006.8
55.7,1126,338,2999,1.55,79.4,0.01,78.5,77,2,100,00:00,9087,-4,-0.6,100,55,0,0,0,430,699,107971.6,-1006.8
55.8,1125,340,2999,1.54,79.4,0,78.5,77,2,100,00:00,9095,-4,-0.6,100,55,0,0,0,430,698,108036.6,-1006.8
55.9,1124,337,2999,1.54,79.4,0,78.5,77,2,100,00:00,9101,-4,-0.6,100,55,0,0,0,430,699,108118.4,-1006.8
56,1122,339,2999,1.54,79.4,-0.02,78.5,77,2,100,00:00,9111,-4,-0.6,100,55,0,0,0,429,698,108177.1,-1006.8
56.1,1121,338,2999,1.54,79.4,-0.02,78.5,77,2,100,00:00,9118,-4,-0.6,100,55,0,0,0,429,699,108272.2,-1006.8
56.2,1119,339,2999,1.54,79.4,-0.02,78.5,77,2,100,00:00,9126,-4,-0.6,100,55,0,0,0,429,698,108331,-1006.8
56.3,1117,337,2999,1.53,79.4,-0.03,78.5,77,2,100,00:00,9134,-4,-0.6,100,55,0,0,0,428,698,108405.2,-1006.8
56.4,1116,335,2999,1.53,77,-0.03,78.5,77,2,100,00:00,9141,-4,-0.6,100,55,0,0,0,428,698,108479.6,-970.6
56.5,1116,332,2999,1.53,77,-0.01,78.7,76,2,100,00:00,9149,-4,-0.6,100,55,0,0,0,429,699,108623.1,-970.6
56.6,1114,331,2999,1.53,77,0.01,78.7,76,2,100,00:00,9157,-4,-0.6,100,55,0,0,0,429,699,108705.9,-970.6
56.7,1112,332,2999,1.53,77,0.01,78.6,76,2,100,00:00,9167,-4,-0.6,100,55,0,0,0,428,699,108767.1,-970.6
56.8,1111,332,2999,1.53,77,0.01,78.7,76,2,100,00:00,9174,-4,-0.6,100,55,0,0,0,428,699,108853.5,-970.6
56.9,1110,329,2999,1.52,77,0.02,78.7,76,2,100,00:00,9180,-4,-0.6,100,55,0,0,0,428,700,108944.1,-970.6
57,1108,331,2999,1.52,77,0.02,78.7,76,2,100,00:00,9188,-4,-0.6,100,55,0,0,0,428,699,108997.4,-970.6
57.1,1107,330,2999,1.52,77,0.03,78.7,76,2,100,00:00,9196,-4,-0.6,100,55,0,0,0,427,699,109067.5,-970.6
57.2,1105,331,2999,1.52,77,0.02,78.7,77,2,100,00:00,9205,-4,-0.6,100,55,0,0,0,427,699,109135.2,-970.6
57.3,1104,333,2999,1.52,77,0.01,78.6,77,2,100,00:00,9213,-4,-0.6,100,55,0,0,0,426,698,109195.1,-970.6
57.4,1102,331,2999,1.52,78.1,0,78.6,77,2,100,00:00,9221,-4,-0.6,100,55,0,0,0,426,698,109272.8,-992.2
57.5,1101,332,2999,1.51,78.1,-0.02,78.6,77,2,100,00:00,9229,-4,-0.6,100,55,0,0,0,426,698,109335.8,-992.2
57.6,1100,326,2999,1.51,78.1,0,78.8,76,2,100,00:00,9237,-4,-0.6,100,55,0,0,0,427,699,109492,-992.2
57.7,1098,325,2999,1.51,78.1,0.01,78.8,76,2,100,00:00,9246,-4,-0.6,100,55,0,0,0,426,699,109569.8,-992.2
57.8,1096,330,2999,1.51,78.1,-0.01,78.6,77,2,100,00:00,9252,-4,-0.6,100,55,0,0,0,425,698,109553.9,-992.2
57.9,1096,324,2999,1.51,78.1,0.01,78.8,76,2,100,00:00,9260,-4,-0.6,100,55,0,0,0,426,699,109718.4,-992.2
58,1094,327,2999,1.51,78.1,0.01,78.7,76,2,100,00:00,9269,-4,-0.6,100,55,0,0,0,425,699,109773.4,-992.2
58.1,1093,328,2999,1.5,78.1,0,78.7,77,2,100,00:00,9277,-4,-0.6,100,55,0,0,0,425,698,109826.2,-992.2
58.2,1091,325,2999,1.5,78.1,0,78.7,76,2,100,00:00,9285,-4,-0.6,100,55,0,0,0,425,699,109913.6,-992.2
58.3,1090,324,2999,1.5,78.1,0,78.7,76,2,100,00:00,9292,-4,-0.6,100,55,0,0,0,425,699,109998.5,-992.2
58.4,1089,327,2999,1.5,79,0,78.6,77,2,100,00:00,9300,-4,-0.6,100,55,0,0,0,424,699,110058.2,-1010.6
58.5,1087,326,2999,1.5,79,-0.01,78.6,77,2,100,00:00,9310,-4,-0.6,100,55,0,0,0,424,698,110145.8,-1010.6
58.6,1086,323,2999,1.49,79,-0.01,78.6,76,2,100,00:00,9316,-4,-0.6,100,55,0,0,0,424,699,110220.3,-1010.6
58.7,1084,327,2999,1.49,79,-0.03,78.5,77,2,100,00:00,9324,-4,-0.6,100,55,0,0,0,423,698,110257.4,-1010.6
58.8,1083,326,2999,1.49,79,-0.04,78.5,77,2,100,00:00,9331,-4,-0.6,100,55,0,0,0,423,698,110343.3,-1010.6
58.9,1081,326,2999,1.49,79,-0.05,78.5,77,2,100,00:00,9339,-4,-0.6,100,55,0,0,0,423,698,110396.7,-1010.6
59,1080,318,2999,1.49,79,-0.03,78.6,75,2,100,00:00,9349,-4,-0.6,100,55,0,0,0,424,699,110571.8,-1010.6
59.1,1079,319,2999,1.49,79,-0.02,78.6,76,2,100,00:00,9355,-4,-0.6,100,55,0,0,0,423,699,110641.3,-1010.6
59.2,1078,319,2999,1.48,79,-0.01,78.6,76,2,100,00:00,9364,-4,-0.6,100,55,0,0,0,423,699,110719.9,-1010.6
59.3,1077,318,2999,1.48,79,0,78.6,75,2,100,00:00,9370,-4,-0.6,100,55,0,0,0,423,699,110779.2,-1010.6
59.4,1075,317,2999,1.48,80.6,0.01,78.6,75,2,100,00:00,9378,-4,-0.6,100,55,0,0,0,423,699,110869.8,-1047.3
59.5,1074,320,2999,1.48,80.6,0.01,78.5,76,2,100,00:00,9387,-4,-0.6,100,55,0,0,0,422,699,110925.2,-1047.3
59.6,1072,321,2999,1.48,80.6,0.01,78.5,76,2,100,00:00,9395,-4,-0.6,100,55,0,0,0,422,699,110996.2,-1047.3
59.7,1071,319,2999,1.48,80.6,0.01,78.4,76,2,100,00:00,9403,-4,-0.6,100,55,0,0,0,422,699,111080.3,-1047.3
59.8,1069,320,2999,1.47,80.6,0,78.4,76,2,100,00:00,9411,-4,-0.6,100,55,0,0,0,421,698,111138.4,-1047.3
59.9,1068,320,2999,1.47,80.6,-0.01,78.4,77,2,100,00:00,9419,-4,-0.6,100,55,0,0,0,421,698,111214.6,-1047.3
60,1066,319,2999,1.47,80.6,-0.01,78.4,76,2,100,00:00,9427,-4,-0.6,100,55,0,0,0,421,698,111305.9,-1047.3
60.1,1065,321,2999,1.47,80.6,-0.02,78.3,77,2,100,00:00,9436,-4,-0.6,100,55,0,0,0,421,698,111362,-1047.3
60.2,1064,319,2999,1.47,80.6,-0.03,78.3,77,2,100,00:00,9442,-4,-0.6,100,55,0,0,0,421,698,111440.3,-1047.3
60.3,1063,314,2999,1.47,80.6,-0.01,78.5,76,2,100,00:00,9450,-4,-0.6,100,55,0,0,0,421,700,111587.2,-1047.3
60.4,1061,313,2999,1.46,80.3,0.02,78.4,75,2,100,00:00,9458,-4,-0.6,100,55,0,0,0,421,700,111672.3,-1045.8
60.5,1060,315,2999,1.46,80.3,0.02,78.4,76,2,100,00:00,9467,-4,-0.6,100,55,0,0,0,420,699,111723.4,-1045.8
60.6,1058,314,2999,1.46,80.3,0.02,78.4,76,2,100,00:00,9475,-4,-0.6,100,55,0,0,0,420,699,111791.6,-1045.8
60.7,1057,312,2999,1.46,80.3,0.03,78.4,75,2,100,00:00,9481,-4,-0.6,100,55,0,0,0,420,699,111872.1,-1045.8
60.8,1056,314,2999,1.46,80.3,0.03,78.4,76,2,100,00:00,9489,-4,-0.6,100,55,0,0,0,420,699,111935.3,-1045.8
60.9,1055,313,2999,1.46,80.3,0.02,78.3,76,2,100,00:00,9498,-4,-0.6,100,55,0,0,0,420,699,112013.1,-1045.8
61,1053,315,2999,1.45,80.3,0.01,78.3,76,2,100,00:00,9507,-4,-0.6,100,55,0,0,0,419,698,112081.6,-1045.8
61.1,1051,315,2999,1.45,80.3,0,78.2,77,2,100,00:00,9514,-3,-0.5,100,55,0,0,0,419,698,112155.2,-1045.8
61.2,1050,313,2999,1.45,80.3,0,78.3,76,2,100,00:00,9520,-3,-0.5,100,55,0,0,0,419,699,112239.4,-1045.8
61.3,1049,314,2999,1.45,80.3,0,78.2,76,2,100,00:00,9529,-3,-0.5,100,55,0,0,0,418,698,112298.5,-1045.8
61.4,1048,313,2999,1.45,76.1,-0.01,78.2,76,2,100,00:00,9537,-3,-0.5,100,55,0,0,0,418,698,112373,-975.6
61.5,1046,313,2999,1.45,76.1,-0.01,78.2,76,2,100,00:00,9545,-3,-0.5,100,55,0,0,0,418,699,112463.1,-975.6
61.6,1045,314,2999,1.44,76.1,-0.02,78.2,77,2,100,00:00,9553,-3,-0.5,100,55,0,0,0,418,698,112521.5,-975.6
61.7,1044,312,2999,1.44,76.1,-0.03,78.2,76,2,100,00:00,9560,-3,-0.5,100,55,0,0,0,418,698,112598.4,-975.6
61.8,1043,307,2999,1.44,76.1,0,78.3,75,2,100,00:00,9568,-3,-0.5,100,55,0,0,0,418,700,112744,-975.6
61.9,1041,307,2999,1.44,76.1,0.02,78.3,75,2,100,00:00,9576,-3,-0.5,100,55,0,0,0,418,700,112828.1,-975.6
62,1040,308,2999,1.44,76.1,0.02,78.2,76,2,100,00:00,9584,-3,-0.5,100,55,0,0,0,417,699,112878.4,-975.6
62.1,1038,308,2999,1.44,76.1,0.02,78.2,76,2,100,00:00,9592,-3,-0.5,100,55,0,0,0,417,699,112942.9,-975.6
62.2,1037,307,2999,1.43,76.1,0.02,78.2,76,2,100,00:00,9600,-3,-0.5,100,55,0,0,0,417,699,113027.4,-975.6
62.3,1036,307,2999,1.43,76.1,0.02,78.2,76,2,100,00:00,9607,-3,-0.5,100,55,0,0,0,417,699,113094.4,-975.6
62.4,1034,310,2999,1.43,76.5,0.02,78.1,76,2,100,00:00,9617,-3,-0.5,100,55,0,0,0,416,698,113146.5,-986.3
62.5,1032,310,2999,1.43,76.5,0.01,78.1,77,2,100,00:00,9625,-3,-0.5,100,55,0,0,0,416,698,113208.6,-986.3
62.6,1032,307,2999,1.43,76.5,0,78.1,76,2,100,00:00,9631,-3,-0.5,100,55,0,0,0,416,698,113299,-986.3
62.7,1030,307,2999,1.43,76.5,0,78.1,76,2,100,00:00,9639,-3,-0.5,100,55,0,0,0,416,698,113381.6,-986.3
62.8,1029,310,2999,1.42,76.5,-0.02,78.1,77,2,100,00:00,9648,-3,-0.5,100,55,0,0,0,415,698,113430.8,-986.3
62.9,1028,302,2999,1.42,76.5,0,78.2,75,2,100,00:00,9656,-3,-0.5,100,55,0,0,0,416,699,113593.1,-986.3
63,1026,307,2999,1.42,76.5,-0.02,78.1,77,2,100,00:00,9662,-3,-0.5,100,55,0,0,0,415,698,113585.6,-986.3
63.1,1026,301,2999,1.42,76.5,0,78.2,75,2,100,00:00,9670,-3,-0.5,100,55,0,0,0,415,699,113738.4,-986.3
63.2,1024,304,2999,1.42,76.5,0.01,78.2,76,2,100,00:00,9679,-3,-0.5,100,55,0,0,0,415,699,113802.6,-986.3
63.3,1023,303,2999,1.42,76.5,0.02,78.2,76,2,100,00:00,9687,-3,-0.5,100,55,0,0,0,415,699,113881,-986.3
63.4,1021,303,2999,1.41,78.4,0.01,78.1,76,2,100,00:00,9695,-3,-0.5,100,55,0,0,0,414,699,113937.5,-1024.4
63.5,1020,302,2999,1.41,78.4,0.01,78.2,76,2,100,00:00,9701,-3,-0.5,100,55,0,0,0,414,699,114012.5,-1024.4
63.6,1019,302,2999,1.41,78.4,0.01,78.2,76,2,100,00:00,9710,-3,-0.5,100,55,0,0,0,414,699,114082.9,-1024.4
63.7,1017,302,2999,1.41,78.4,0,78.1,76,2,100,00:00,9718,-3,-0.5,100,55,0,0,0,414,698,114151.1,-1024.4
63.8,1016,302,2999,1.41,78.4,0,78.1,76,2,100,00:00,9726,-3,-0.5,100,55,0,0,0,414,698,114232.9,-1024.4
63.9,1013,305,2998,1.41,78.4,-0.05,77.9,77,2,100,00:00,9734,-3,-0.5,100,55,0,0,0,412,697,114214.8,-1024.4
64,1011,304,2998,1.4,78.4,-0.11,77.8,76,2,100,00:00,9740,-3,-0.5,100,55,0,0,0,411,695,114204.4,-1024.4
64.1,1009,302,2998,1.4,78.4,-0.2,77.5,76,2,100,00:00,9748,-3,-0.5,100,55,0,0,0,410,693,114185,-1024.4
64.2,1012,295,3001,1.4,78.4,-0.16,78.1,74,2,100,00:00,9755,-3,-0.5,100,55,0,0,0,413,699,114531.4,-1024.4
64.3,1010,315,3000,1.4,78.4,-0.14,78,80,2,100,00:00,9765,-3,-0.5,100,55,0,0,0,412,698,114594.4,-1024.4
64.4,1006,304,2996,1.4,72.1,-0.16,77.8,77,2,100,00:00,9773,-3,-0.5,100,55,0,0,0,411,696,114578,-920.9
64.5,1004,290,2997,1.39,72.1,-0.23,77.6,73,2,100,00:00,9781,-3,-0.5,100,55,0,0,0,410,695,114570.1,-920.9
64.6,1007,294,3002,1.4,72.1,-0.2,78.1,75,2,100,00:00,9789,-3,-0.5,100,55,0,0,0,412,698,114852.8,-920.9
64.7,1005,313,3000,1.39,72.1,-0.14,78.1,79,2,100,00:00,9797,-3,-0.5,100,55,0,0,0,412,699,114968.1,-920.9
64.8,1002,295,2996,1.39,72.1,-0.1,78.1,75,2,100,00:00,9805,-3,-0.5,100,55,0,0,0,412,699,115060.7,-920.9
64.9,1001,281,2998,1.39,72.1,-0.06,78.1,72,2,100,00:00,9812,-3,-0.5,100,55,0,0,0,412,699,115131.1,-920.9
65,1001,297,3001,1.39,72.1,-0.03,78.1,76,2,100,00:00,9822,-3,-0.5,100,55,0,0,0,411,699,115196.1,-920.9
65.1,999,305,2999,1.39,72.1,-0.02,78,78,2,100,00:00,9830,-3,-0.5,100,55,0,0,0,411,699,115264.9,-920.9
65.2,997,295,2998,1.38,72.1,-0.01,78,76,2,100,00:00,9838,-3,-0.5,100,55,0,0,0,411,698,115328.3,-920.9
65.3,996,288,2999,1.38,72.1,0,78,74,2,100,00:00,9844,-3,-0.5,100,55,0,0,0,411,699,115408.6,-920.9
65.4,995,297,3000,1.38,79.8,0,78,76,2,100,00:00,9853,-3,-0.5,100,55,0,0,0,410,698,115464.8,-1054.9
65.5,994,300,2999,1.38,79.8,0.01,78,77,2,100,00:00,9861,-3,-0.5,100,55,0,0,0,410,698,115555.5,-1054.9
65.6,992,294,2998,1.38,79.8,0.01,77.9,76,2,100,00:00,9869,-3,-0.5,100,55,0,0,0,410,699,115640,-1054.9
65.7,991,292,2999,1.38,79.8,0.02,77.9,75,2,100,00:00,9877,-3,-0.5,100,55,0,0,0,410,699,115719.9,-1054.9
65.8,990,296,3000,1.38,79.8,0.02,77.9,76,2,100,00:00,9883,-3,-0.5,100,55,0,0,0,409,699,115780.4,-1054.9
65.9,988,298,2999,1.37,79.8,0.02,77.9,77,2,100,00:00,9892,-3,-0.5,100,55,0,0,0,409,698,115846.2,-1054.9
66,987,288,2998,1.37,79.8,0.04,78,75,2,100,00:00,9900,-3,-0.5,100,55,0,0,0,410,700,115999.9,-1054.9
66.1,986,290,2999,1.37,79.8,0.05,78,75,2,100,00:00,9909,-2,-0.4,100,55,0,0,0,409,699,116059.4,-1054.9
66.2,985,289,2999,1.37,79.8,0.06,78,75,2,100,00:00,9916,-2,-0.4,100,55,0,0,0,409,699,116140.3,-1054.9
66.3,984,289,2999,1.37,79.8,0.07,78,75,2,100,00:00,9922,-2,-0.4,100,55,0,0,0,409,699,116215.3,-1054.9
66.4,983,287,2999,1.37,82.3,0.08,78,75,2,100,00:00,9931,-2,-0.4,100,55,0,0,0,409,700,116300.3,-1104.8
66.5,981,288,2999,1.37,82.3,0.08,77.9,75,2,100,00:00,9939,-2,-0.4,100,55,0,0,0,408,699,116351.3,-1104.8
66.6,980,291,2999,1.36,82.3,0.07,77.9,76,2,100,00:00,9947,-2,-0.4,100,55,0,0,0,408,699,116419.1,-1104.8
66.7,978,290,2999,1.36,82.3,0.07,77.9,76,2,100,00:00,9955,-2,-0.4,100,55,0,0,0,408,699,116500.5,-1104.8
66.8,977,289,2999,1.36,82.3,0.07,77.9,75,2,100,00:00,9961,-2,-0.4,100,55,0,0,0,408,699,116562,-1104.8
66.9,976,288,2999,1.36,82.3,0.06,77.9,75,2,100,00:00,9969,-2,-0.4,100,55,0,0,0,407,699,116636.2,-1104.8
67,975,290,2999,1.36,82.3,0.05,77.9,76,2,100,00:00,9978,-2,-0.4,100,55,0,0,0,407,699,116707.9,-1104.8
67.1,973,290,2999,1.35,82.3,0.03,77.8,76,2,100,00:00,9987,-2,-0.4,100,55,0,0,0,407,698,116775.8,-1104.8
67.2,972,288,2999,1.35,82.3,0.02,77.9,76,2,100,00:00,9994,-2,-0.4,100,55,0,0,0,407,698,116852.6,-1104.8
67.3,971,284,2999,1.35,82.3,0.04,78,75,2,100,00:00,10002,-2,-0.4,100,55,0,0,0,407,700,116998.8,-1104.8
67.4,970,287,2999,1.35,79,0.05,78,76,2,100,00:00,10010,-2,-0.4,100,55,0,0,0,407,699,117053.9,-1050
67.5,969,283,2999,1.35,79,0.06,78,75,2,100,00:00,10017,-2,-0.4,100,55,0,0,0,407,700,117141.7,-1050
67.6,967,284,2999,1.35,79,0.07,78,75,2,100,00:00,10026,-2,-0.4,100,55,0,0,0,406,699,117203,-1050
67.7,966,285,2999,1.35,79,0.07,78,75,2,100,00:00,10033,-2,-0.4,100,55,0,0,0,406,699,117271.7,-1050
67.8,965,285,2999,1.34,79,0.06,78,75,2,100,00:00,10041,-2,-0.3,100,55,0,0,0,406,699,117351.6,-1050
67.9,963,283,2999,1.34,79,0.06,78,75,2,100,00:00,10049,-2,-0.3,100,55,0,0,0,406,699,117427.8,-1050
68,962,284,2999,1.34,79,0.05,78,75,2,100,00:00,10057,-2,-0.3,100,55,0,0,0,405,698,117482.2,-1050
68.1,961,286,2999,1.34,79,0.03,78,76,2,100,00:00,10065,-2,-0.3,100,55,0,0,0,405,698,117553.2,-1050
68.2,959,286,2999,1.34,79,0.02,78,76,2,100,00:00,10072,-2,-0.3,100,55,0,0,0,405,698,117621.2,-1050
68.3,958,284,2999,1.34,79,0,77.9,76,2,100,00:00,10082,-2,-0.3,100,55,0,0,0,404,698,117683.8,-1050
68.4,957,283,2999,1.34,76.1,-0.01,78,75,2,100,00:00,10088,-2,-0.3,100,55,0,0,0,404,698,117767.7,-1007.2
68.6,955,286,2999,1.33,76.1,-0.02,78,76,2,100,00:00,10096,-2,-0.3,100,55,0,0,0,404,698,117831.6,-1007.2
68.6,954,285,2999,1.33,76.1,-0.03,78,76,2,100,00:00,10104,-2,-0.3,100,55,0,0,0,404,698,117912.9,-1007.2
68.7,953,282,2999,1.33,76.1,-0.03,78,76,2,100,00:00,10111,-2,-0.3,100,55,0,0,0,404,698,117992.9,-1007.2
68.8,953,278,2999,1.33,76.1,-0.01,78.1,75,2,100,00:00,10119,-2,-0.3,100,55,0,0,0,404,699,118142.3,-1007.2
68.9,951,278,2999,1.33,76.1,0.01,78.1,75,2,100,00:00,10127,-2,-0.3,100,55,0,0,0,404,700,118228.8,-1007.2
69.1,950,279,2999,1.33,76.1,0.02,78.1,75,2,100,00:00,10135,-2,-0.3,100,55,0,0,0,403,699,118280.4,-1007.2
69.2,948,278,2999,1.32,76.1,0.02,78.1,75,2,100,00:00,10143,-2,-0.3,100,55,0,0,0,403,699,118349.4,-1007.2
69.3,948,276,2999,1.32,76.1,0.03,78.1,74,2,100,00:00,10150,-2,-0.3,100,55,0,0,0,403,699,118430.5,-1007.2
69.4,946,276,2999,1.32,76.1,0.03,78.1,75,2,100,00:00,10158,-2,-0.3,100,55,0,0,0,403,699,118505.4,-1007.2
69.5,945,278,2999,1.32,78.6,0.03,78.1,75,2,100,00:00,10166,-2,-0.3,100,55,0,0,0,403,699,118566.5,-1053.4
69.6,943,280,2999,1.32,78.6,0.01,78,76,2,100,00:00,10176,-2,-0.4,100,55,0,0,0,402,698,118636.8,-1053.4
69.7,942,278,2999,1.32,78.6,0.01,78,75,2,100,00:00,10182,-2,-0.4,100,55,0,0,0,402,699,118731.2,-1053.4
69.8,941,277,2999,1.32,78.6,0.01,78,75,2,100,00:00,10189,-2,-0.4,100,55,0,0,0,402,699,118798.2,-1053.4
69.9,940,277,2999,1.31,78.6,0.01,78,75,2,100,00:00,10197,-2,-0.4,100,55,0,0,0,402,699,118876.9,-1053.4
70,938,278,2999,1.31,78.6,0,77.9,76,2,100,00:00,10207,-2,-0.4,100,55,0,0,0,401,698,118946,-1053.4
70.1,937,279,2999,1.31,78.6,-0.01,77.9,76,2,100,00:00,10215,-2,-0.4,100,55,0,0,0,401,698,119007.7,-1053.4
70.2,936,273,2999,1.31,78.6,0.01,78,75,2,100,00:00,10221,-2,-0.4,100,55,0,0,0,401,699,119146.5,-1053.4
70.3,935,272,2999,1.31,78.6,0.02,78,74,2,100,00:00,10230,-2,-0.4,100,55,0,0,0,401,699,119222.2,-1053.4
70.4,934,271,2999,1.31,78.6,0.03,78,74,2,100,00:00,10238,-2,-0.4,100,55,0,0,0,401,699,119295,-1053.4
70.5,932,273,2999,1.3,78.5,0.03,77.9,75,2,100,00:00,10246,-2,-0.4,100,55,0,0,0,401,699,119354.5,-1056.3
70.6,931,274,2999,1.3,78.5,0.02,77.9,75,2,100,00:00,10254,-2,-0.4,100,55,0,0,0,400,699,119429.7,-1056.3
70.7,930,273,2999,1.3,78.5,0.02,77.9,75,2,100,00:00,10260,-2,-0.4,100,55,0,0,0,400,699,119486.1,-1056.3
70.8,929,272,2999,1.3,78.5,0.01,77.9,75,2,100,00:00,10269,-2,-0.4,100,55,0,0,0,400,698,119556.1,-1056.3
70.9,927,273,2999,1.3,78.5,0,77.8,75,2,100,00:00,10277,-2,-0.4,100,55,0,0,0,400,698,119624.4,-1056.3
71,926,273,2999,1.3,78.5,-0.01,77.8,75,2,100,00:00,10285,-2,-0.3,100,55,0,0,0,399,698,119706.2,-1056.3
71.1,925,273,2999,1.3,78.5,-0.02,77.7,75,2,100,00:00,10291,-2,-0.3,100,55,0,0,0,399,698,119768.1,-1056.3
71.2,924,272,2999,1.29,78.5,-0.03,77.7,75,2,100,00:00,10299,-2,-0.3,100,55,0,0,0,399,698,119842.5,-1056.3
71.3,923,273,2999,1.29,78.5,-0.04,77.7,75,2,100,00:00,10307,-2,-0.3,100,55,0,0,0,399,698,119914.4,-1056.3
71.4,921,272,2999,1.29,78.5,-0.04,77.6,75,2,100,00:00,10316,-2,-0.3,100,55,0,0,0,399,698,119999.1,-1056.3
71.5,920,273,2999,1.29,74.7,-0.06,77.6,76,2,100,00:00,10324,-2,-0.3,100,55,0,0,0,398,698,120049.3,-993.6
71.6,919,271,2999,1.29,74.7,-0.06,77.6,76,2,100,00:00,10330,-2,-0.3,100,55,0,0,0,398,698,120141.3,-993.6
71.7,918,267,2999,1.29,74.7,-0.04,77.7,74,2,100,00:00,10338,-2,-0.3,100,55,0,0,0,399,699,120281.6,-993.6
71.8,917,267,2999,1.29,74.7,-0.02,77.7,74,2,100,00:00,10346,-2,-0.3,100,55,0,0,0,398,699,120360.6,-993.6
71.9,916,268,2999,1.28,74.7,-0.01,77.6,75,2,100,00:00,10354,-2,-0.3,100,55,0,0,0,398,699,120425.1,-993.6
72,914,268,2999,1.28,74.7,0,77.6,75,2,100,00:00,10362,-2,-0.3,100,55,0,0,0,398,699,120504.2,-993.6
72.1,913,265,2999,1.28,74.7,0.02,77.6,74,2,100,00:00,10369,-2,-0.3,100,55,0,0,0,398,699,120593.5,-993.6
72.2,912,267,2999,1.28,74.7,0.02,77.6,75,2,100,00:00,10377,-2,-0.3,100,55,0,0,0,397,699,120644.8,-993.6
72.3,911,267,2999,1.28,74.7,0.02,77.6,75,2,100,00:00,10385,-2,-0.3,100,55,0,0,0,397,699,120713.2,-993.6
72.4,909,267,2999,1.28,74.7,0.02,77.5,75,2,100,00:00,10393,-2,-0.3,100,55,0,0,0,397,698,120780,-993.6
72.5,908,269,2999,1.27,77.4,0.01,77.5,75,2,100,00:00,10401,-2,-0.3,100,55,0,0,0,396,698,120842,-1042.2
72.6,907,267,2999,1.27,77.4,0.01,77.5,75,2,100,00:00,10408,-2,-0.3,100,55,0,0,0,396,698,120922.1,-1042.2
72.7,905,268,2999,1.27,77.4,-0.02,77.4,76,2,100,00:00,10417,-2,-0.3,100,55,0,0,0,396,698,120978.8,-1042.2
72.8,904,268,2999,1.27,77.4,-0.03,77.4,76,2,100,00:00,10425,-2,-0.3,100,55,0,0,0,396,698,121056.5,-1042.2
72.9,903,266,2999,1.27,77.4,-0.03,77.4,75,2,100,00:00,10432,-2,-0.3,100,55,0,0,0,396,698,121139.5,-1042.2
73,902,268,2999,1.27,77.4,-0.04,77.4,76,2,100,00:00,10440,-2,-0.3,100,55,0,0,0,395,698,121191,-1042.2
73.1,901,262,2999,1.27,77.4,-0.03,77.5,74,2,100,00:00,10448,-1,-0.2,100,55,0,0,0,396,699,121357.1,-1042.2
73.2,900,263,2999,1.26,77.4,-0.02,77.5,75,2,100,00:00,10456,-1,-0.2,100,55,0,0,0,395,699,121411.6,-1042.2
73.3,899,264,2999,1.26,77.4,-0.02,77.4,75,2,100,00:00,10464,-1,-0.2,100,55,0,0,0,395,699,121482.6,-1042.2
73.4,897,263,2999,1.26,77.4,-0.02,77.4,75,2,100,00:00,10472,-1,-0.2,100,55,0,0,0,395,699,121566.6,-1042.2
73.5,897,261,2999,1.26,79.6,0,77.4,74,2,100,00:00,10479,-1,-0.2,100,55,0,0,0,395,699,121649.3,-1086
73.6,895,263,2999,1.26,79.6,0,77.4,75,2,100,00:00,10487,-1,-0.2,100,55,0,0,0,394,699,121705.9,-1086
73.7,894,263,2999,1.26,79.6,-0.01,77.4,75,2,100,00:00,10495,-1,-0.2,100,55,0,0,0,394,699,121778.7,-1086
73.8,893,263,2999,1.26,79.6,-0.01,77.3,75,2,100,00:00,10503,-1,-0.2,100,55,0,0,0,394,698,121849.1,-1086
73.9,891,262,2999,1.25,79.6,-0.01,77.3,75,2,100,00:00,10511,-1,-0.2,100,55,0,0,0,394,698,121932.7,-1086
74,890,263,2999,1.25,79.6,-0.01,77.3,75,2,100,00:00,10517,-1,-0.2,100,55,0,0,0,393,698,121995.9,-1086
74.1,889,264,2999,1.25,79.6,-0.03,77.2,76,2,100,00:00,10525,-1,-0.2,100,55,0,0,0,393,698,122043.9,-1086
74.2,888,262,2999,1.25,79.6,-0.04,77.2,75,2,100,00:00,10534,-1,-0.2,100,55,0,0,0,393,698,122126.4,-1086
74.3,887,260,2999,1.25,79.6,-0.04,77.2,75,2,100,00:00,10542,-1,-0.2,100,55,0,0,0,393,698,122225.8,-1086
74.4,885,262,2999,1.25,79.6,-0.04,77.2,76,2,100,00:00,10550,-1,-0.2,100,55,0,0,0,392,698,122283.2,-1086
74.5,885,262,2999,1.25,76.1,-0.05,77.2,76,2,100,00:00,10556,-1,-0.2,100,55,0,0,0,392,698,122359.8,-1027.7
74.6,884,256,2999,1.24,76.1,-0.02,77.3,74,2,100,00:00,10564,-1,-0.2,100,55,0,0,0,393,699,122507,-1027.7
74.7,883,255,2999,1.24,76.1,0,77.3,74,2,100,00:00,10572,-1,-0.2,100,55,0,0,0,393,700,122591.1,-1027.7
74.8,881,257,2999,1.24,76.1,0.01,77.3,74,2,100,00:00,10580,-1,-0.2,100,55,0,0,0,392,699,122640.4,-1027.7
74.9,880,257,2999,1.24,76.1,0.01,77.2,75,2,100,00:00,10588,-1,-0.2,100,55,0,0,0,392,699,122707.2,-1027.7
75,879,256,2999,1.24,76.1,0.02,77.2,74,2,100,00:00,10596,-1,-0.2,100,55,0,0,0,392,699,122789.2,-1027.7
75.1,878,257,2999,1.24,76.1,0.01,77.2,75,2,100,00:00,10604,-1,-0.2,100,55,0,0,0,392,698,122850,-1027.7
75.2,876,257,2999,1.24,76.1,0.01,77.2,75,2,100,00:00,10612,-1,-0.2,100,55,0,0,0,391,698,122926.2,-1027.7
75.3,875,258,2999,1.23,76.1,0,77.1,75,2,100,00:00,10620,-1,-0.2,100,55,0,0,0,391,698,122999.4,-1027.7
75.4,874,258,2999,1.23,76.1,0,77.1,75,2,100,00:00,10627,-1,-0.2,100,55,0,0,0,391,698,123069.5,-1027.7
75.5,873,256,2999,1.23,77.3,0,77.1,75,2,100,00:00,10635,-1,-0.2,100,55,0,0,0,391,698,123150.1,-1052.9
75.6,871,257,2999,1.23,77.3,-0.02,77,75,2,100,00:00,10643,-1,-0.2,100,55,0,0,0,390,698,123196.9,-1052.9
75.7,871,252,2999,1.23,77.3,0.01,77.2,74,2,100,00:00,10651,-1,-0.2,100,55,0,0,0,391,699,123359.9,-1052.9
75.8,870,252,2999,1.23,77.3,0.03,77.2,74,2,100,00:00,10659,-1,-0.2,100,55,0,0,0,391,699,123438,-1052.9
75.9,868,256,2999,1.23,77.3,0.01,77,75,2,100,00:00,10665,-1,-0.1,100,55,0,0,0,390,698,123425.7,-1052.9
76,868,250,2999,1.22,77.3,0,77.2,74,2,100,00:00,10673,-1,-0.1,100,55,0,0,0,390,699,123576,-1052.9
76.1,866,253,2999,1.22,77.3,0.01,77.1,75,2,100,00:00,10681,-1,-0.1,100,55,0,0,0,390,699,123636.3,-1052.9
76.2,865,252,2999,1.22,77.3,0.01,77.1,75,2,100,00:00,10690,-1,-0.1,100,55,0,0,0,390,699,123712,-1052.9
76.3,864,252,2999,1.22,77.3,0.01,77.1,75,2,100,00:00,10698,-1,-0.1,100,55,0,0,0,389,698,123765.4,-1052.9
76.4,863,251,2999,1.22,77.3,0.01,77.1,74,2,100,00:00,10704,-1,-0.1,100,55,0,0,0,389,699,123838.9,-1052.9
76.5,862,252,2999,1.22,77.2,0,77.1,75,2,100,00:00,10712,-1,-0.1,100,55,0,0,0,389,698,123907.4,-1055.5
76.6,860,252,2999,1.22,77.2,0,77.1,75,2,100,00:00,10720,-1,-0.1,100,55,0,0,0,389,699,123989.4,-1055.5
76.7,859,251,2999,1.21,77.2,0,77.1,74,2,100,00:00,10728,-1,-0.1,100,55,0,0,0,388,699,124067.3,-1055.5
76.8,858,252,2999,1.21,77.2,-0.02,77,75,2,100,00:00,10736,-1,-0.1,100,55,0,0,0,388,698,124119.3,-1055.5
76.9,857,253,2999,1.21,77.2,-0.02,77,75,2,100,00:00,10743,-1,-0.1,100,55,0,0,0,388,698,124197.5,-1055.5
77,856,251,2999,1.21,77.2,-0.02,77,75,2,100,00:00,10751,-1,-0.1,100,55,0,0,0,388,698,124273.5,-1055.5
77.1,854,252,2999,1.21,77.2,-0.03,77,75,2,100,00:00,10759,-1,-0.1,100,55,0,0,0,387,698,124327,-1055.5
77.2,853,251,2999,1.21,77.2,-0.04,77,75,2,100,00:00,10767,-1,-0.1,100,55,0,0,0,387,698,124397.6,-1055.5
77.3,853,246,2999,1.21,77.2,-0.02,77.2,74,2,100,00:00,10775,-1,-0.1,100,55,0,0,0,388,699,124562.7,-1055.5
77.4,851,251,2999,1.2,77.2,-0.03,77,76,2,100,00:00,10781,-1,-0.1,100,55,0,0,0,387,698,124552,-1055.5
77.5,850,247,2999,1.2,77.7,-0.02,77.2,74,2,100,00:00,10791,-1,-0.1,100,55,0,0,0,387,699,124689.8,-1068.4
77.6,849,248,2999,1.2,77.7,-0.02,77.1,75,2,100,00:00,10799,0,0,100,55,0,0,0,387,698,124755.8,-1068.4
77.7,848,248,2999,1.2,77.7,-0.02,77.1,75,2,100,00:00,10807,-1,-0.1,100,55,0,0,0,387,698,124836.1,-1068.4
77.8,847,247,2999,1.2,77.7,-0.02,77.1,75,2,100,00:00,10813,0,0,100,55,0,0,0,386,698,124896.5,-1068.4
77.9,846,247,2999,1.2,77.7,-0.02,77.1,75,2,100,00:00,10821,0,0,100,55,0,0,0,386,698,124969.5,-1068.4
78,844,248,2999,1.2,77.7,-0.02,77.1,75,2,100,00:00,10829,0,0,100,55,0,0,0,386,698,125040.4,-1068.4
78.1,843,247,2999,1.19,77.7,-0.02,77.1,75,2,100,00:00,10837,0,0,100,55,0,0,0,386,698,125124.5,-1068.4
78.2,842,247,2999,1.19,77.7,-0.03,77.1,75,2,100,00:00,10845,-1,-0.1,100,55,0,0,0,385,698,125203.9,-1068.4
78.3,841,247,2999,1.19,77.7,-0.03,77.1,75,2,100,00:00,10852,-1,-0.1,100,55,0,0,0,385,698,125263.6,-1068.4
78.4,840,243,2999,1.19,77.7,0,77.2,74,2,100,00:00,10860,-1,-0.1,100,55,0,0,0,386,699,125405.1,-1068.4
78.5,839,242,2999,1.19,79.3,0.02,77.2,74,2,100,00:00,10868,-1,-0.1,100,55,0,0,0,385,699,125483.8,-1098.3
78.6,838,240,2999,1.19,79.3,0.03,77.2,73,2,100,00:00,10876,-1,-0.1,100,55,0,0,0,385,699,125558.7,-1098.3
78.7,837,243,2999,1.19,79.3,0.03,77.2,74,2,100,00:00,10884,-1,-0.1,100,55,0,0,0,385,699,125620.2,-1098.3
78.8,836,241,2999,1.19,79.3,0.05,77.2,74,2,100,00:00,10890,-1,-0.1,100,55,0,0,0,385,699,125711.3,-1098.3
78.9,835,243,2999,1.18,79.3,0.05,77.1,74,2,100,00:00,10898,-1,-0.1,100,55,0,0,0,384,699,125763.1,-1098.3
79,833,241,2999,1.18,79.3,0.05,77.1,74,2,100,00:00,10906,-1,-0.1,100,55,0,0,0,384,699,125832.1,-1098.3
79.1,832,242,2999,1.18,79.3,0.04,77.1,74,2,100,00:00,10915,-1,-0.1,100,55,0,0,0,384,699,125899.6,-1098.3
79.2,831,243,2999,1.18,79.3,0.04,77.1,75,2,100,00:00,10921,-1,-0.1,100,55,0,0,0,384,699,125965.5,-1098.3
79.3,830,242,2999,1.18,79.3,0.03,77,74,2,100,00:00,10929,-1,-0.1,100,55,0,0,0,383,699,126042.7,-1098.3
79.4,829,241,2999,1.18,79.3,0.01,77,74,2,100,00:00,10939,-1,-0.1,100,55,0,0,0,383,698,126109.7,-1098.3
79.5,828,242,2999,1.18,75.6,0.01,77,75,2,100,00:00,10945,-1,-0.1,100,55,0,0,0,383,698,126187.8,-1038.1
79.6,826,242,2999,1.17,75.6,0,76.9,75,2,100,00:00,10953,-1,-0.1,100,55,0,0,0,383,698,126263.6,-1038.1
79.7,826,238,2999,1.17,75.6,0.01,77,74,2,100,00:00,10961,-1,-0.1,100,55,0,0,0,383,699,126391.3,-1038.1
79.8,824,239,2999,1.17,75.6,0.01,77,74,2,100,00:00,10969,-1,-0.1,100,55,0,0,0,383,699,126450.8,-1038.1
79.9,823,238,2999,1.17,75.6,0.01,76.9,74,2,100,00:00,10977,-1,-0.1,100,55,0,0,0,383,699,126525.9,-1038.1
80,822,238,2999,1.17,75.6,0.01,76.9,74,2,100,00:00,10985,0,0,100,55,0,0,0,382,699,126598,-1038.1
80.1,821,239,2999,1.17,75.6,0.01,76.9,74,2,100,00:00,10993,0,0,100,55,0,0,0,382,699,126668,-1038.1
80.2,820,238,2999,1.17,75.6,0.01,76.9,74,2,100,00:00,11000,0,0,100,55,0,0,0,382,699,126755.3,-1038.1
80.3,819,237,2999,1.16,75.6,0.02,76.9,74,2,100,00:00,11008,0,0,100,55,0,0,0,382,699,126834.1,-1038.1
80.4,817,241,2999,1.16,75.6,-0.02,76.6,75,2,100,00:00,11016,0,0,100,55,0,0,0,381,697,126810.3,-1038.1
80.5,815,241,2998,1.16,67.9,-0.09,76.4,75,2,100,00:00,11024,0,0,100,55,0,0,0,379,695,126793.3,-914.6
80.6,813,239,2997,1.16,67.9,-0.17,76.2,75,2,100,00:00,11030,0,0,100,55,0,0,0,378,694,126774.4,-914.6
80.7,811,239,2998,1.15,67.9,-0.28,76,74,2,100,00:00,11038,0,0,100,55,0,0,0,377,692,126747.6,-914.6
80.8,809,241,2998,1.15,67.9,-0.41,75.8,75,2,100,00:00,11046,0,0,100,55,0,0,0,376,690,126728.1,-914.6
80.9,808,242,2997,1.15,67.9,-0.54,75.6,75,2,100,00:00,11052,0,0,100,55,0,0,0,375,689,126710.5,-914.6
81,806,241,2997,1.15,67.9,-0.69,75.4,75,2,100,00:00,11057,0,0,100,55,0,0,0,374,688,126705.6,-914.6
81.1,804,241,2997,1.15,67.9,-0.85,75.2,75,2,100,00:00,11066,0,0,100,55,0,0,0,373,685,126678.1,-914.6
81.2,802,241,2997,1.14,67.9,-0.95,74.9,75,2,100,00:00,11074,0,0,100,55,0,0,0,372,684,126671.1,-914.6
81.3,800,243,2997,1.14,67.9,-1.05,74.7,76,2,100,00:00,11082,0,0,100,55,0,0,0,371,682,126656.1,-914.6
81.4,798,243,2997,1.14,67.9,-1.12,74.4,76,2,100,00:00,11090,1,0.1,100,55,0,0,0,370,680,126647,-914.6
81.5,797,243,2996,1.14,29.1,-1.28,74.2,76,2,100,00:00,11096,1,0.1,100,55,0,0,0,369,679,126634.9,-263.3
81.6,795,243,2996,1.13,29.1,-1.47,74,76,2,100,00:00,11103,1,0.1,100,55,0,0,0,368,677,126624.8,-263.3
81.7,793,244,2996,1.13,29.1,-1.64,73.8,76,2,100,00:00,11111,1,0.1,100,55,0,0,0,366,676,126608.8,-263.3
81.8,791,244,2996,1.13,29.1,-1.81,73.5,76,2,100,00:00,11119,1,0.1,100,55,0,0,0,365,674,126587.9,-263.3
81.9,790,244,2996,1.13,29.1,-1.98,73.3,76,2,100,00:00,11127,1,0.1,100,55,0,0,0,364,672,126563.2,-263.3
82,788,245,2996,1.13,29.1,-2.17,73,76,2,100,00:00,11134,1,0.1,100,55,0,0,0,363,670,126532.9,-263.3
82.1,786,245,2996,1.12,29.1,-2.28,72.8,76,2,100,00:00,11142,1,0.2,100,55,0,0,0,362,668,126532.6,-263.3
