"Time, s","Power, hp","Thrust, kgf",RPM,"Manifold pressure, atm","Specific excess power, m/s","Acceleration, m/sÂ²","Climb, m/s","Propeller efficiency, %",Supercharger gear,"Throttle, %","WEP remain, m:s","Altitude, m","Critical AoA, %","Mixture, %","Radiator, %","Oil radiator, %","Turn rate, deg/s","Turn radius, m","IAS, km/h","TAS, km/h","Specific energy, J/kg","Drag, kgf"
4.9,2088,1733,2092,1.56,0.1,1.67,0.0,4,1,110,00:00,63,74,0,0,0,-0.5,0,12,12,627.1,0.0
5.4,2368,2097,2334,1.63,0.1,1.67,0.0,6,1,110,00:00,63,71,0,0,0,-0.4,0,18,18,634.4,0.0
6.0,2544,2387,2535,1.68,0.7,3.10,0.0,9,1,110,00:00,63,73,0,0,0,-0.7,0,25,25,646.6,0.0
6.5,2636,2595,2698,1.72,0.7,3.10,0.0,12,1,110,00:00,63,73,0,0,0,-0.9,0,34,34,665.5,0.0
7.1,2668,2731,2820,1.75,1.9,4.16,0.0,16,1,110,00:00,63,73,0,0,0,-1.0,0,42,42,690.4,0.0
7.6,2667,2845,2918,1.78,1.9,4.16,0.0,21,1,110,00:00,63,73,0,0,0,-1.0,0,52,52,725.2,0.0
8.1,2653,2725,2982,1.79,3.9,4.74,0.0,23,1,110,00:00,63,74,0,0,0,-0.9,0,61,62,770.7,0.0
8.7,2652,2875,2987,1.79,3.9,4.74,0.0,29,1,110,00:00,63,74,0,0,0,-0.3,0,70,70,811.1,0.0
9.2,2672,2791,2892,1.77,6.1,4.79,0.0,31,1,110,00:00,63,74,0,0,0,0.0,0,79,80,871.4,0.0
9.8,2659,2541,2753,1.74,6.1,4.79,0.1,32,1,110,00:00,63,73,0,0,0,-0.2,0,88,88,921.6,0.0
10.3,2624,2411,2660,1.71,8.1,4.47,0.0,33,1,110,00:00,63,75,0,0,0,-0.4,0,96,97,984.4,0.0
10.8,2619,2388,2647,1.71,8.1,4.47,0.0,35,1,110,00:00,63,74,0,0,0,0.0,0,104,104,1043.3,0.0
11.4,2641,2419,2693,1.72,9.5,3.90,0.0,38,1,110,00:00,63,74,0,0,0,0.1,0,111,111,1100.1,0.0
11.9,2660,2505,2743,1.74,9.5,3.90,0.0,42,1,110,00:00,63,75,0,0,0,0.0,0,119,119,1170.6,0.0
12.5,2661,2558,2745,1.74,11.4,3.95,0.0,46,1,110,00:00,63,74,0,0,0,-0.4,0,127,127,1245.9,0.0
13.0,2650,2523,2707,1.73,13.0,4.02,0.0,48,1,110,00:00,63,75,0,0,0,0.2,0,135,135,1325.0,0.0
13.6,2637,2467,2672,1.72,13.0,4.02,0.0,50,1,110,00:00,63,75,0,0,0,0.0,0,143,143,1406.4,0.0
14.1,2637,2433,2669,1.72,14.0,4.08,0.0,52,1,110,00:00,63,75,0,0,0,0.0,0,150,151,1501.4,0.0
14.7,2645,2773,2685,1.73,14.0,4.08,0.0,62,1,110,00:00,63,75,0,0,0,0.0,0,158,159,1592.4,0.0
15.2,2637,2997,2662,1.72,16.5,3.96,0.0,71,1,110,00:00,63,75,0,0,0,0.0,0,167,168,1711.2,0.0
15.8,2636,2711,2657,1.72,16.5,3.96,0.2,68,1,110,00:00,63,75,0,0,0,0.1,0,175,176,1822.4,0.0
16.3,2659,2495,2705,1.74,19.7,4.53,0.9,64,1,110,00:00,64,75,0,0,0,-1.1,0,183,184,1934.4,0.0
16.9,2672,2708,2738,1.75,19.7,4.53,1.7,72,1,110,00:00,64,72,0,0,0,-1.0,0,190,190,2022.2,0.0
17.4,2668,2888,2722,1.74,21.0,3.89,2.3,80,1,110,00:00,66,62,0,0,0,-0.3,0,199,200,2190.4,0.0
17.9,2656,2778,2687,1.73,21.0,3.89,2.5,81,1,110,00:00,67,59,0,0,0,-0.3,0,207,208,2330.7,0.0
18.5,2654,2486,2678,1.73,23.7,4.03,2.8,75,1,110,00:00,68,52,0,0,0,-1.0,0,215,215,2456.1,0.0
19.0,2667,2367,2707,1.74,23.7,4.03,2.9,73,1,110,00:00,70,51,0,0,0,0.3,0,222,223,2599.7,0.0
19.6,2675,2524,2723,1.75,25.0,3.72,3.2,80,1,110,00:00,71,49,0,0,0,0.0,0,229,230,2737.3,0.0
20.1,2670,2574,2707,1.74,25.0,3.72,3.7,84,1,110,00:00,73,47,0,0,0,0.0,0,236,237,2878.0,0.0
20.7,2665,2406,2690,1.74,27.3,3.40,4.1,81,1,110,00:00,75,41,0,0,0,-0.3,0,243,244,3036.7,0.0
21.2,2671,2268,2700,1.75,27.3,3.40,4.2,78,1,110,00:00,78,38,0,0,0,-0.1,0,249,250,3180.3,0.0
21.7,2677,2312,2713,1.75,27.1,3.59,4.1,81,1,110,00:00,80,36,0,0,0,-0.1,0,256,256,3322.1,0.0
22.3,2676,2352,2707,1.75,27.1,3.59,4.3,85,1,110,00:00,82,34,0,0,0,-1.9,0,262,263,3472.7,0.0
22.8,2674,2264,2698,1.75,27.7,3.28,4.0,84,1,110,00:00,84,31,0,0,0,0.0,0,268,270,3649.9,0.0
23.4,2677,2178,2701,1.75,27.7,3.28,4.0,82,1,110,00:00,87,32,0,0,0,-0.1,0,274,276,3796.5,0.0
23.9,2681,2174,2708,1.75,27.6,3.08,4.2,84,1,110,00:00,89,31,0,0,0,-0.1,0,280,282,3949.8,0.0
24.5,2682,2178,2705,1.75,27.6,3.08,4.5,86,1,110,00:00,91,31,0,0,0,-0.5,0,286,288,4102.0,0.0
25.0,2680,2144,2700,1.75,30.9,3.31,5.6,86,1,110,00:00,94,39,0,0,0,-0.1,0,291,292,4209.4,0.0
25.5,2681,2085,2700,1.75,30.9,3.31,8.1,85,1,110,00:00,98,45,0,0,0,0.0,0,295,297,4365.4,0.0
26.1,2682,2081,2704,1.75,29.9,2.18,11.6,86,1,110,00:00,103,49,0,0,0,-0.2,0,298,299,4456.2,0.0
26.6,2681,2077,2703,1.75,29.9,2.18,15.9,86,1,110,00:00,110,46,0,0,0,-0.5,0,301,303,4617.3,0.0
27.2,2679,2061,2703,1.75,33.5,1.42,19.0,86,1,110,00:00,119,41,0,0,0,-0.5,0,303,305,4759.3,0.0
27.7,2677,2050,2702,1.75,33.5,1.42,21.6,86,1,110,00:00,131,36,0,0,0,0.2,0,305,307,4912.7,0.0
28.3,2674,2042,2701,1.75,34.7,0.93,23.7,86,1,110,00:00,143,34,0,0,0,0.1,0,306,308,5056.3,0.0
28.8,2671,2030,2701,1.75,35.9,0.71,25.5,86,1,110,00:00,156,32,0,0,0,0.0,0,306,309,5226.1,0.0
29.3,2667,2025,2702,1.74,35.9,0.71,26.8,86,1,110,00:00,171,29,0,0,0,0.0,0,307,309,5355.6,0.0
29.9,2663,2026,2701,1.74,32.3,-0.14,27.8,86,1,110,00:00,185,28,0,0,0,0.0,0,307,309,5496.7,0.0
30.4,2659,2020,2701,1.74,32.3,-0.14,28.5,86,1,110,00:00,200,27,0,0,0,-0.2,0,307,310,5667.8,0.0
31.0,2655,2012,2701,1.73,32.3,0.19,29.1,86,1,110,00:00,216,25,0,0,0,0.0,0,307,310,5816.5,0.0
31.5,2651,2012,2701,1.73,32.3,0.19,29.4,86,1,110,00:00,232,24,0,0,0,0.0,0,306,309,5964.9,0.0
32.1,2647,2012,2701,1.73,31.6,0.10,29.5,86,1,110,00:00,248,23,0,0,0,0.0,0,306,310,6137.2,0.0
32.6,2642,2008,2701,1.72,31.6,0.10,29.6,86,1,110,00:00,264,24,0,0,0,0.1,0,306,310,6289.7,0.0
33.2,2638,2003,2701,1.72,30.0,-0.23,29.7,86,1,110,00:00,280,24,0,0,0,-0.3,0,305,310,6460.7,0.0
33.7,2634,2002,2701,1.72,30.0,-0.23,29.8,86,1,110,00:00,296,23,0,0,0,-0.1,0,305,309,6583.5,0.0
34.2,2629,2002,2701,1.71,29.0,-0.26,29.9,86,1,110,00:00,312,24,0,0,0,0.0,0,304,309,6747.8,0.0
34.8,2625,1998,2701,1.71,29.0,-0.26,30.0,86,1,110,00:00,330,23,0,0,0,-0.1,0,304,309,6906.1,0.0
35.3,2621,1997,2701,1.71,30.5,0.24,30.0,86,1,110,00:00,345,23,0,0,0,-0.2,0,303,308,7046.2,0.0
35.9,2616,1996,2701,1.70,30.5,0.24,30.0,86,1,110,00:00,361,23,0,0,0,-0.1,0,302,307,7191.8,0.0
36.4,2612,1994,2701,1.70,29.0,-0.30,29.9,86,1,110,00:00,378,23,0,0,0,-0.2,0,302,308,7361.1,0.0
37.0,2607,1992,2701,1.70,29.0,-0.30,29.9,86,1,110,00:00,394,23,0,0,0,0.0,0,301,306,7488.7,0.0
37.5,2603,1991,2701,1.69,28.2,-0.28,29.9,86,1,110,00:00,410,23,0,0,0,0.0,0,301,307,7652.2,0.0
38.0,2599,1989,2701,1.69,28.2,-0.28,29.8,86,1,110,00:00,426,23,0,0,0,0.0,0,300,306,7796.9,0.0
38.6,2594,1987,2701,1.69,28.9,-0.01,29.7,86,1,110,00:00,443,23,0,0,0,0.2,0,300,306,7948.1,0.0
39.1,2590,1986,2701,1.68,28.0,-0.28,29.6,86,1,110,00:00,459,23,0,0,0,-0.1,0,299,306,8116.4,0.0
39.7,2586,1984,2701,1.68,28.0,-0.28,29.5,86,1,110,00:00,475,23,0,0,0,-0.1,0,299,306,8260.5,0.0
40.2,2581,1982,2701,1.68,27.5,-0.28,29.4,86,1,110,00:00,492,24,0,0,0,-0.1,0,298,305,8410.3,0.0
40.8,2577,1981,2701,1.67,27.5,-0.28,29.3,86,1,110,00:00,507,24,0,0,0,0.0,0,297,304,8553.8,0.0
41.3,2573,1979,2701,1.67,28.2,-0.01,29.2,86,1,110,00:00,523,24,0,0,0,0.0,0,297,305,8714.9,0.0
41.9,2569,1977,2701,1.67,28.2,-0.01,29.2,86,1,110,00:00,539,24,0,0,0,-0.1,0,296,304,8862.8,0.0
42.4,2565,1975,2701,1.66,27.5,-0.29,29.2,86,1,110,00:00,555,24,0,0,0,0.1,0,296,304,9005.9,0.0
42.9,2560,1974,2701,1.66,27.5,-0.29,29.2,86,1,110,00:00,571,24,0,0,0,0.2,0,295,303,9148.1,0.0
43.5,2556,1972,2701,1.66,28.2,-0.02,29.1,86,1,110,00:00,587,24,0,0,0,0.1,0,295,304,9314.1,0.0
44.0,2552,1970,2701,1.65,28.2,-0.02,29.1,86,1,110,00:00,602,24,0,0,0,-0.1,0,294,302,9432.7,0.0
44.6,2548,1967,2701,1.65,27.5,-0.24,28.8,85,1,110,00:00,618,23,0,0,0,0.1,0,294,303,9601.2,0.0
45.1,2544,1969,2701,1.65,27.5,-0.24,28.6,86,1,110,00:00,634,24,0,0,0,0.1,0,293,302,9743.1,0.0
45.7,2540,1962,2701,1.64,27.8,0.05,28.3,85,1,110,00:00,649,22,0,0,0,0.0,0,293,303,9910.8,0.0
46.2,2536,1958,2701,1.64,27.8,0.05,27.9,85,1,110,00:00,665,22,0,0,0,0.1,0,293,303,10059.5,0.0
46.8,2532,1960,2701,1.64,26.7,-0.13,27.4,86,1,110,00:00,679,22,0,0,0,0.2,0,293,303,10195.8,0.0
47.3,2528,1956,2701,1.63,26.7,-0.13,27.0,86,1,110,00:00,694,23,0,0,0,0.1,0,292,302,10337.3,0.0
47.8,2524,1950,2701,1.63,26.1,-0.07,26.7,85,1,110,00:00,709,24,0,0,0,0.0,0,292,302,10483.2,0.0
48.4,2521,1946,2701,1.63,26.1,-0.07,26.6,85,1,110,00:00,723,25,0,0,0,-0.1,0,292,302,10622.9,0.0
48.9,2517,1944,2701,1.63,26.0,-0.04,26.5,86,1,110,00:00,738,25,0,0,0,-0.4,0,292,302,10762.3,0.0
49.5,2514,1941,2701,1.62,26.0,-0.04,26.5,86,1,110,00:00,752,25,0,0,0,0.1,0,292,302,10896.2,0.0
50.0,2510,1937,2701,1.62,27.1,0.22,26.5,86,1,110,00:00,767,25,0,0,0,0.1,0,292,303,11064.2,0.0
50.5,2507,1933,2701,1.62,27.1,0.22,26.5,86,1,110,00:00,780,25,0,0,0,0.0,0,292,303,11197.9,0.0
51.1,2503,1931,2701,1.62,27.7,0.22,26.5,86,1,110,00:00,795,25,0,0,0,-0.1,0,292,304,11366.5,0.0
51.6,2499,1927,2701,1.61,27.7,0.22,26.5,86,1,110,00:00,810,25,0,0,0,-0.1,0,292,304,11510.4,0.0
52.2,2496,1923,2701,1.61,26.9,-0.05,26.5,86,1,110,00:00,824,25,0,0,0,0.0,0,292,304,11643.2,0.0
52.7,2492,1920,2701,1.61,26.9,-0.05,26.5,86,1,110,00:00,838,25,0,0,0,0.0,0,292,304,11780.7,0.0
53.3,2488,1917,2701,1.60,26.5,-0.07,26.5,86,1,110,00:00,853,25,0,0,0,0.0,0,292,303,11918.6,0.0
53.8,2485,1914,2701,1.60,26.5,-0.07,26.5,86,1,110,00:00,867,25,0,0,0,0.0,0,291,303,12056.4,0.0
54.4,2481,1911,2701,1.60,26.3,-0.07,26.5,86,1,110,00:00,881,25,0,0,0,0.0,0,291,303,12194.2,0.0
54.9,2477,1908,2701,1.60,26.3,-0.07,26.5,86,1,110,00:00,896,25,0,0,0,0.0,0,291,304,12360.3,0.0
55.4,2474,1905,2701,1.59,28.1,0.45,26.4,86,1,110,00:00,910,25,0,0,0,0.0,0,291,305,12516.3,0.0
56.0,2470,1902,2701,1.59,28.1,0.45,26.4,86,1,110,00:00,924,25,0,0,0,0.0,0,291,305,12652.8,0.0
56.5,2467,1898,2701,1.59,27.0,-0.09,26.4,86,1,110,00:00,939,25,0,0,0,0.1,0,291,305,12794.2,0.0
57.1,2463,1895,2701,1.59,27.0,-0.09,26.5,86,1,110,00:00,954,25,0,0,0,-0.1,0,290,304,12930.7,0.0
57.6,2460,1894,2701,1.58,26.4,-0.09,26.4,86,1,110,00:00,967,25,0,0,0,0.0,0,290,304,13061.2,0.0
58.2,2456,1891,2701,1.58,26.4,-0.09,26.4,86,1,110,00:00,982,26,0,0,0,0.1,0,290,304,13201.9,0.0
58.7,2452,1886,2701,1.58,27.0,0.16,26.4,86,1,110,00:00,996,25,0,0,0,0.2,0,290,305,13357.6,0.0
59.2,2449,1884,2701,1.57,27.0,0.16,26.2,86,1,110,00:00,1011,24,0,0,0,0.2,0,290,305,13499.6,0.0
59.8,2445,1884,2701,1.57,26.1,-0.07,26.0,86,1,110,00:00,1024,25,0,0,0,0.1,0,290,305,13628.8,0.0
60.3,2441,1878,2701,1.57,26.1,-0.07,26.0,86,1,110,00:00,1039,26,0,0,0,0.0,0,289,304,13768.7,0.0
60.9,2438,1873,2701,1.57,25.7,-0.08,26.0,86,1,110,00:00,1053,26,0,0,0,0.0,0,289,304,13903.1,0.0
61.4,2435,1873,2701,1.56,25.7,-0.08,26.0,86,1,110,00:00,1067,26,0,0,0,0.0,0,289,304,14032.1,0.0
61.9,2431,1871,2701,1.56,25.5,-0.08,26.0,86,1,110,00:00,1081,26,0,0,0,0.1,0,289,304,14171.5,0.0
62.5,2427,1866,2701,1.56,25.5,-0.08,25.9,86,1,110,00:00,1095,26,0,0,0,0.0,0,289,305,14330.4,0.0
63.0,2424,1863,2701,1.56,26.4,0.19,25.9,86,1,110,00:00,1109,26,0,0,0,0.0,0,289,305,14464.5,0.0
63.6,2421,1861,2701,1.55,26.4,0.19,25.8,86,1,110,00:00,1123,26,0,0,0,-0.1,0,289,305,14598.0,0.0
64.1,2417,1859,2701,1.55,25.8,-0.08,25.8,86,1,110,00:00,1138,26,0,0,0,-0.1,0,288,304,14736.2,0.0
64.7,2413,1855,2701,1.55,25.4,-0.09,25.8,86,1,110,00:00,1151,26,0,0,0,-0.1,0,288,304,14863.8,0.0
65.2,2410,1852,2701,1.55,25.4,-0.09,25.8,86,1,110,00:00,1166,27,0,0,0,-0.1,0,288,304,15001.5,0.0
65.8,2406,1850,2701,1.54,26.4,0.19,25.8,86,1,110,00:00,1180,27,0,0,0,0.0,0,288,305,15158.5,0.0
66.3,2402,1846,2701,1.54,26.4,0.19,25.8,86,1,110,00:00,1194,27,0,0,0,0.0,0,288,305,15291.0,0.0
66.8,2398,1843,2701,1.54,25.7,-0.10,25.8,86,1,110,00:00,1208,27,0,0,0,0.1,0,287,304,15423.0,0.0
67.4,2394,1839,2701,1.54,25.7,-0.10,25.8,86,1,110,00:00,1222,26,0,0,0,0.0,0,287,304,15554.8,0.0
67.9,2390,1837,2701,1.53,25.2,-0.12,25.7,86,1,110,00:00,1236,26,0,0,0,0.1,0,287,304,15686.2,0.0
68.5,2385,1834,2701,1.53,25.2,-0.12,25.7,86,1,110,00:00,1250,27,0,0,0,0.0,0,287,305,15847.4,0.0
69.0,2381,1831,2701,1.53,26.1,0.18,25.7,86,1,110,00:00,1264,27,0,0,0,-0.1,0,287,305,15978.4,0.0
69.6,2377,1828,2701,1.52,26.1,0.18,25.6,86,1,110,00:00,1278,27,0,0,0,-0.1,0,286,304,16108.9,0.0
70.1,2373,1825,2701,1.52,25.3,-0.12,25.6,86,1,110,00:00,1292,27,0,0,0,-0.2,0,286,304,16239.7,0.0
70.7,2369,1823,2701,1.52,25.3,-0.12,25.5,86,1,110,00:00,1306,27,0,0,0,0.0,0,286,305,16394.9,0.0
71.2,2366,1818,2701,1.52,26.0,0.18,25.3,86,1,110,00:00,1319,25,0,0,0,0.2,0,286,305,16527.7,0.0
71.7,2362,1817,2701,1.51,26.0,0.18,25.1,86,1,110,00:00,1333,25,0,0,0,-0.2,0,286,305,16658.3,0.0
72.3,2358,1812,2701,1.51,25.0,-0.07,24.8,86,1,110,00:00,1346,25,0,0,0,0.2,0,286,305,16784.9,0.0
72.8,2354,1809,2701,1.51,25.0,-0.07,24.5,86,1,110,00:00,1360,26,0,0,0,0.1,0,286,306,16942.1,0.0
73.4,2350,1805,2701,1.51,25.4,0.22,24.4,86,1,110,00:00,1373,27,0,0,0,-0.2,0,285,305,17070.6,0.0
73.9,2347,1801,2701,1.50,25.4,0.22,24.3,86,1,110,00:00,1386,26,0,0,0,0.0,0,286,305,17200.8,0.0
74.4,2343,1800,2701,1.50,24.7,0.00,24.2,86,1,110,00:00,1400,27,0,0,0,-0.1,0,286,305,17333.9,0.0
75.0,2339,1795,2701,1.50,24.7,0.00,24.2,86,1,110,00:00,1412,27,0,0,0,-0.1,0,285,305,17451.9,0.0
75.5,2335,1789,2701,1.50,25.4,0.24,24.2,86,1,110,00:00,1426,27,0,0,0,-0.2,0,285,306,17613.1,0.0
76.1,2332,1787,2701,1.50,25.4,0.24,24.2,86,1,110,00:00,1439,27,0,0,0,0.0,0,285,306,17735.6,0.0
76.6,2328,1785,2701,1.49,24.8,-0.02,24.2,86,1,110,00:00,1452,27,0,0,0,0.0,0,285,306,17863.8,0.0
77.2,2325,1781,2701,1.49,24.8,-0.02,24.2,86,1,110,00:00,1465,27,0,0,0,-0.1,0,285,306,17990.8,0.0
77.7,2321,1775,2701,1.49,24.4,0.00,24.0,86,1,110,00:00,1478,26,0,0,0,0.1,0,285,306,18120.5,0.0
78.2,2317,1774,2701,1.49,24.4,0.00,23.9,86,1,110,00:00,1491,27,0,0,0,0.1,0,285,306,18247.2,0.0
78.8,2314,1770,2701,1.48,25.0,0.25,23.8,86,1,110,00:00,1504,27,0,0,0,0.0,0,285,307,18401.6,0.0
79.3,2310,1765,2701,1.48,25.0,0.25,23.9,86,1,110,00:00,1517,27,0,0,0,-0.1,0,285,307,18527.5,0.0
79.9,2307,1761,2701,1.48,24.4,-0.02,23.9,86,1,110,00:00,1530,27,0,0,0,-0.5,0,285,307,18654.4,0.0
80.4,2303,1761,2701,1.48,24.4,-0.02,23.8,86,1,110,00:00,1543,27,0,0,0,0.1,0,285,307,18780.4,0.0
81.0,2299,1757,2701,1.47,24.0,0.00,23.7,86,1,110,00:00,1556,27,0,0,0,0.1,0,285,307,18906.3,0.0
81.5,2296,1751,2701,1.47,24.0,0.00,23.7,86,1,110,00:00,1569,27,0,0,0,-0.1,0,285,308,19055.6,0.0
82.1,2292,1748,2701,1.47,24.9,0.28,23.6,86,1,110,00:00,1582,27,0,0,0,0.1,0,285,308,19181.3,0.0
82.6,2289,1746,2701,1.82,24.9,0.28,23.5,86,2,110,00:00,1594,27,0,0,0,-0.1,0,285,308,19306.0,0.0
83.1,2289,1743,2701,1.81,24.1,0.00,23.5,86,2,110,00:00,1608,27,0,0,0,-0.1,0,285,308,19436.0,0.0
83.7,2289,1742,2701,1.81,24.1,0.00,23.4,86,2,110,00:00,1620,27,0,0,0,0.0,0,285,308,19556.1,0.0
84.2,2290,1743,2701,1.81,23.8,0.01,23.4,86,2,110,00:00,1633,27,0,0,0,0.0,0,285,309,19709.1,0.0
84.8,2290,1743,2701,1.81,24.8,0.28,23.4,86,2,110,00:00,1646,27,0,0,0,0.0,0,285,309,19833.2,0.0
85.3,2291,1741,2701,1.81,24.8,0.28,23.5,86,2,110,00:00,1659,27,0,0,0,0.0,0,285,309,19962.4,0.0
85.9,2291,1740,2701,1.81,24.1,-0.01,23.5,86,2,110,00:00,1671,27,0,0,0,0.0,0,285,309,20081.9,0.0
86.4,2292,1740,2701,1.81,24.1,-0.01,23.6,86,2,110,00:00,1684,27,0,0,0,-0.1,0,285,309,20211.3,0.0
87.0,2292,1740,2701,1.81,24.9,0.24,23.6,86,2,110,00:00,1697,27,0,0,0,0.1,0,285,310,20355.1,0.0
87.5,2293,1739,2701,1.81,24.9,0.24,23.6,86,2,110,00:00,1710,27,0,0,0,-0.2,0,285,310,20484.7,0.0
88.0,2293,1739,2701,1.81,24.2,-0.02,23.6,86,2,110,00:00,1723,27,0,0,0,-0.1,0,285,310,20609.0,0.0
88.6,2294,1738,2701,1.81,24.2,-0.02,23.6,86,2,110,00:00,1736,27,0,0,0,0.0,0,285,310,20733.7,0.0
89.1,2295,1738,2701,1.81,23.8,-0.01,23.5,86,2,110,00:00,1748,27,0,0,0,-0.1,0,285,310,20858.5,0.0
89.7,2295,1737,2701,1.81,23.8,-0.01,23.5,86,2,110,00:00,1761,27,0,0,0,0.1,0,285,310,20983.4,0.0
90.2,2296,1736,2701,1.81,24.7,0.25,23.5,86,2,110,00:00,1774,27,0,0,0,0.1,0,285,311,21132.1,0.0
90.8,2296,1736,2701,1.81,24.7,0.25,23.5,86,2,110,00:00,1786,27,0,0,0,0.1,0,285,311,21256.8,0.0
91.3,2297,1735,2701,1.81,24.2,0.00,23.5,86,2,110,00:00,1800,27,0,0,0,0.1,0,285,311,21386.1,0.0
91.8,2297,1734,2701,1.81,24.2,0.00,23.5,86,2,110,00:00,1812,27,0,0,0,0.1,0,285,311,21505.3,0.0
92.4,2298,1734,2701,1.81,23.8,-0.02,23.6,86,2,110,00:00,1825,28,0,0,0,0.0,0,285,311,21634.5,0.0
92.9,2298,1734,2701,1.81,23.8,-0.02,23.6,86,2,110,00:00,1837,28,0,0,0,-0.1,0,285,311,21754.1,0.0
93.5,2299,1733,2701,1.81,24.9,0.26,23.7,86,2,110,00:00,1851,28,0,0,0,-0.1,0,285,312,21907.1,0.0
94.0,2299,1733,2701,1.81,24.9,0.26,23.8,86,2,110,00:00,1863,28,0,0,0,-0.1,0,285,313,22052.8,0.0
94.6,2300,1732,2701,1.81,25.4,0.24,23.8,86,2,110,00:00,1876,28,0,0,0,0.0,0,285,313,22182.3,0.0
95.1,2300,1732,2701,1.81,25.4,0.24,23.9,86,2,110,00:00,1889,27,0,0,0,0.1,0,285,313,22302.2,0.0
95.6,2301,1732,2701,1.81,24.6,-0.04,23.9,86,2,110,00:00,1902,27,0,0,0,0.1,0,285,313,22427.2,0.0
96.2,2301,1732,2701,1.81,24.6,-0.04,23.9,86,2,110,00:00,1915,27,0,0,0,0.1,0,285,313,22552.1,0.0
96.7,2302,1731,2701,1.81,24.1,-0.04,23.9,86,2,110,00:00,1928,27,0,0,0,0.0,0,284,312,22677.3,0.0
97.3,2302,1731,2701,1.81,24.1,-0.04,23.8,86,2,110,00:00,1941,27,0,0,0,-0.1,0,284,312,22807.3,0.0
97.8,2303,1730,2701,1.81,24.8,0.22,23.8,86,2,110,00:00,1954,27,0,0,0,-0.1,0,284,313,22956.2,0.0
98.4,2304,1730,2701,1.81,24.8,0.22,23.7,86,2,110,00:00,1967,27,0,0,0,-0.1,0,284,313,23081.2,0.0
98.9,2304,1727,2701,1.81,24.2,-0.02,23.7,86,2,110,00:00,1980,26,0,0,0,-0.3,0,284,313,23208.0,0.0
99.5,2305,1730,2701,1.81,24.2,-0.02,23.5,86,2,110,00:00,1993,27,0,0,0,0.1,0,284,313,23332.1,0.0
100.0,2305,1729,2701,1.81,23.8,-0.01,23.5,86,2,110,00:00,2006,27,0,0,0,0.1,0,284,313,23461.3,0.0
100.5,2306,1726,2701,1.81,23.8,-0.01,23.5,86,2,110,00:00,2018,28,0,0,0,0.2,0,284,314,23605.1,0.0
101.1,2306,1726,2701,1.81,24.7,0.25,23.6,86,2,110,00:00,2031,28,0,0,0,0.0,0,284,314,23734.7,0.0
101.6,2307,1727,2701,1.81,24.7,0.25,23.6,86,2,110,00:00,2044,27,0,0,0,-0.1,0,284,314,23859.7,0.0
102.2,2307,1726,2701,1.81,24.2,-0.01,23.6,86,2,110,00:00,2057,27,0,0,0,-0.1,0,284,314,23985.1,0.0
102.7,2308,1724,2701,1.81,24.2,-0.01,23.6,86,2,110,00:00,2070,27,0,0,0,-0.1,0,284,314,24110.1,0.0
103.3,2308,1724,2701,1.81,23.9,-0.01,23.6,86,2,110,00:00,2082,27,0,0,0,0.0,0,284,314,24235.0,0.0
103.8,2309,1724,2701,1.81,24.9,0.27,23.6,86,2,110,00:00,2095,27,0,0,0,0.0,0,284,315,24384.3,0.0
104.4,2309,1724,2701,1.81,24.9,0.27,23.5,86,2,110,00:00,2108,27,0,0,0,0.1,0,284,315,24509.3,0.0
104.9,2310,1722,2701,1.81,24.1,0.00,23.5,86,2,110,00:00,2121,27,0,0,0,0.1,0,284,315,24638.9,0.0
105.4,2310,1722,2701,1.81,24.1,0.00,23.5,86,2,110,00:00,2134,27,0,0,0,0.0,0,284,315,24763.6,0.0
106.0,2311,1721,2701,1.81,23.9,0.00,23.5,86,2,110,00:00,2147,27,0,0,0,0.0,0,284,315,24888.8,0.0
106.5,2311,1720,2701,1.81,23.9,0.00,23.5,86,2,110,00:00,2159,27,0,0,0,0.1,0,284,316,25033.4,0.0
107.1,2312,1720,2701,1.81,24.8,0.26,23.5,86,2,110,00:00,2172,28,0,0,0,0.0,0,284,316,25162.8,0.0
107.6,2312,1719,2701,1.81,24.8,0.26,23.6,86,2,110,00:00,2184,28,0,0,0,-0.1,0,284,316,25282.7,0.0
108.2,2313,1718,2701,1.81,24.3,-0.01,23.6,86,2,110,00:00,2198,28,0,0,0,0.0,0,284,316,25412.5,0.0
108.7,2313,1718,2701,1.81,24.3,-0.01,23.6,86,2,110,00:00,2210,28,0,0,0,0.0,0,284,316,25537.2,0.0
109.2,2314,1717,2701,1.81,25.0,0.25,23.7,86,2,110,00:00,2223,27,0,0,0,0.0,0,284,317,25687.0,0.0
109.8,2314,1717,2701,1.81,25.0,0.25,23.7,86,2,110,00:00,2237,27,0,0,0,0.0,0,284,317,25817.2,0.0
110.3,2315,1716,2701,1.81,24.3,-0.01,23.6,86,2,110,00:00,2249,27,0,0,0,0.0,0,284,317,25937.3,0.0
110.9,2315,1716,2701,1.81,24.3,-0.01,23.7,86,2,110,00:00,2262,28,0,0,0,-0.1,0,284,317,26062.1,0.0
111.4,2316,1715,2701,1.81,24.0,-0.02,23.7,86,2,110,00:00,2275,28,0,0,0,-0.1,0,284,317,26191.9,0.0
112.0,2317,1715,2701,1.81,24.0,-0.02,23.7,86,2,110,00:00,2287,28,0,0,0,0.0,0,284,318,26336.3,0.0
112.5,2317,1714,2701,1.81,24.9,0.23,23.7,86,2,110,00:00,2300,28,0,0,0,0.1,0,284,318,26461.1,0.0
113.0,2318,1713,2701,1.81,24.9,0.23,23.8,86,2,110,00:00,2314,27,0,0,0,-0.1,0,284,318,26591.5,0.0
113.6,2318,1713,2701,1.81,25.5,0.27,23.8,86,2,110,00:00,2326,27,0,0,0,0.0,0,284,319,26744.2,0.0
114.1,2319,1712,2701,1.81,25.5,0.27,23.8,86,2,110,00:00,2339,27,0,0,0,0.0,0,284,319,26869.5,0.0
114.7,2319,1712,2701,1.81,24.6,-0.02,23.7,86,2,110,00:00,2352,27,0,0,0,0.0,0,284,319,26989.6,0.0
115.2,2320,1711,2701,1.81,24.6,-0.02,23.7,86,2,110,00:00,2365,27,0,0,0,0.1,0,284,320,27144.6,0.0
115.8,2320,1711,2701,1.81,25.2,0.24,23.7,86,2,110,00:00,2378,27,0,0,0,0.0,0,284,320,27269.8,0.0
116.3,2321,1710,2701,1.81,25.2,0.24,23.7,86,2,110,00:00,2391,28,0,0,0,0.0,0,284,320,27399.6,0.0
116.8,2321,1709,2701,1.81,24.4,-0.02,23.7,86,2,110,00:00,2404,28,0,0,0,-0.1,0,284,320,27519.8,0.0
117.4,2322,1709,2701,1.81,24.4,-0.02,23.8,86,2,110,00:00,2417,28,0,0,0,0.0,0,284,320,27649.8,0.0
117.9,2322,1709,2701,1.81,24.1,-0.02,23.8,86,2,110,00:00,2429,28,0,0,0,0.0,0,284,320,27770.2,0.0
118.5,2323,1708,2701,1.81,24.1,-0.02,23.7,86,2,110,00:00,2443,28,0,0,0,0.1,0,284,321,27925.2,0.0
119.0,2323,1707,2701,1.81,24.9,0.24,23.8,86,2,110,00:00,2455,28,0,0,0,0.0,0,284,320,28045.7,0.0
119.5,2324,1707,2701,1.81,24.9,0.24,23.8,86,2,110,00:00,2468,28,0,0,0,0.0,0,283,320,28170.9,0.0
120.1,2324,1707,2701,1.81,24.3,-0.02,23.8,86,2,110,00:00,2481,28,0,0,0,0.0,0,283,320,28300.1,0.0
120.6,2325,1706,2701,1.81,24.3,-0.02,23.8,86,2,110,00:00,2494,28,0,0,0,0.0,0,283,320,28419.9,0.0
121.2,2325,1704,2701,1.81,24.0,-0.04,23.8,86,2,110,00:00,2507,27,0,0,0,0.0,0,283,320,28547.0,0.0
121.7,2326,1706,2701,1.81,24.0,-0.04,23.7,86,2,110,00:00,2519,27,0,0,0,0.0,0,283,321,28696.5,0.0
122.3,2326,1705,2701,1.81,24.8,0.25,23.7,86,2,110,00:00,2533,27,0,0,0,0.0,0,283,321,28826.8,0.0
122.8,2327,1702,2701,1.81,24.8,0.25,23.7,86,2,110,00:00,2546,27,0,0,0,0.0,0,283,321,28952.7,0.0
123.4,2327,1702,2701,1.81,24.2,0.00,23.6,86,2,110,00:00,2558,27,0,0,0,0.1,0,283,321,29078.5,0.0
123.9,2328,1703,2701,1.81,23.9,0.00,23.5,86,2,110,00:00,2571,27,0,0,0,0.0,0,283,321,29203.9,0.0
124.4,2328,1702,2701,1.81,23.9,0.00,23.5,86,2,110,00:00,2584,27,0,0,0,0.0,0,283,322,29354.4,0.0
125.0,2329,1700,2701,1.81,24.8,0.27,23.5,86,2,110,00:00,2597,28,0,0,0,-0.2,0,283,322,29479.7,0.0
125.5,2329,1699,2701,1.81,24.8,0.27,23.5,86,2,110,00:00,2609,28,0,0,0,-0.1,0,283,322,29604.5,0.0
126.1,2330,1699,2701,1.81,24.3,0.00,23.5,86,2,110,00:00,2622,28,0,0,0,0.0,0,283,322,29729.4,0.0
126.6,2330,1699,2701,1.81,24.3,0.00,23.6,86,2,110,00:00,2635,29,0,0,0,0.1,0,283,323,29883.8,0.0
127.2,2331,1697,2701,1.81,25.2,0.27,23.7,86,2,110,00:00,2648,29,0,0,0,0.0,0,283,323,30003.7,0.0
127.7,2331,1697,2701,1.81,25.2,0.27,23.7,86,2,110,00:00,2661,28,0,0,0,0.0,0,283,323,30133.8,0.0
128.2,2332,1697,2701,1.81,24.5,-0.02,23.8,86,2,110,00:00,2673,28,0,0,0,0.0,0,283,323,30254.5,0.0
128.8,2332,1696,2701,1.81,24.5,-0.02,23.8,86,2,110,00:00,2687,28,0,0,0,0.0,0,283,323,30385.3,0.0
129.3,2332,1696,2701,1.81,24.1,-0.01,23.8,86,2,110,00:00,2699,28,0,0,0,0.0,0,283,323,30505.7,0.0
129.9,2333,1695,2701,1.81,24.1,-0.01,23.8,86,2,110,00:00,2712,28,0,0,0,0.0,0,283,324,30660.9,0.0
130.4,2334,1694,2701,1.81,24.9,0.24,23.8,86,2,110,00:00,2725,28,0,0,0,0.1,0,283,324,30786.4,0.0
131.0,2334,1694,2701,1.81,24.9,0.24,23.8,86,2,110,00:00,2738,28,0,0,0,0.0,0,283,324,30911.6,0.0
131.5,2334,1693,2701,1.81,24.3,-0.02,23.8,86,2,110,00:00,2752,28,0,0,0,0.1,0,283,324,31041.3,0.0
132.1,2335,1692,2701,1.81,24.3,-0.02,23.9,86,2,110,00:00,2764,29,0,0,0,0.1,0,283,324,31166.4,0.0
132.6,2335,1692,2701,1.81,24.1,-0.03,23.9,86,2,110,00:00,2777,28,0,0,0,0.0,0,283,324,31286.6,0.0
133.1,2336,1692,2701,1.81,24.1,-0.03,24.0,86,2,110,00:00,2790,28,0,0,0,0.0,0,283,325,31441.8,0.0
133.7,2336,1692,2701,1.81,26.5,0.57,24.0,86,2,110,00:00,2804,28,0,0,0,-0.1,0,283,326,31601.0,0.0
134.2,2337,1691,2701,1.81,26.5,0.57,24.0,86,2,110,00:00,2816,28,0,0,0,0.0,0,283,326,31722.0,0.0
134.8,2337,1690,2701,1.81,25.1,-0.04,24.0,86,2,110,00:00,2829,28,0,0,0,0.0,0,283,326,31847.5,0.0
135.3,2338,1690,2701,1.81,25.1,-0.04,24.0,86,2,110,00:00,2842,28,0,0,0,-0.1,0,283,326,31973.0,0.0
135.9,2338,1690,2701,1.81,24.4,-0.04,24.0,86,2,110,00:00,2855,28,0,0,0,0.1,0,283,326,32098.5,0.0
136.4,2339,1689,2701,1.81,24.4,-0.04,24.0,86,2,110,00:00,2868,28,0,0,0,0.1,0,283,325,32224.3,0.0
136.9,2339,1689,2701,1.81,24.1,-0.04,24.0,86,2,110,00:00,2881,28,0,0,0,0.2,0,282,326,32374.9,0.0
137.5,2340,1688,2701,1.81,24.1,-0.04,24.0,86,2,110,00:00,2894,28,0,0,0,0.0,0,282,326,32495.7,0.0
138.0,2340,1688,2701,1.81,24.9,0.22,23.9,86,2,110,00:00,2907,28,0,1,0,-0.1,0,282,326,32626.5,0.0
138.6,2341,1687,2701,1.81,24.9,0.22,23.9,86,2,110,00:00,2920,28,0,2,0,-0.1,0,282,326,32746.9,0.0
139.1,2341,1687,2701,1.81,24.3,-0.03,23.9,86,2,110,00:00,2933,28,0,2,0,-0.1,0,282,326,32877.2,0.0
139.6,2342,1687,2701,1.81,24.3,-0.03,23.9,86,2,110,00:00,2946,28,0,3,0,0.0,0,282,326,33002.5,0.0
140.2,2342,1686,2701,1.81,24.0,-0.03,23.9,86,2,110,00:00,2959,28,0,4,0,0.1,0,282,326,33128.3,0.0
140.7,2343,1685,2701,1.81,25.0,0.26,23.9,86,2,110,00:00,2972,28,0,4,0,0.0,0,282,327,33279.3,0.0
141.3,2343,1685,2701,1.81,25.0,0.26,23.9,86,2,110,00:00,2985,28,0,5,0,0.0,0,282,327,33405.1,0.0
141.8,2344,1683,2702,1.81,24.4,0.02,23.7,86,2,110,00:00,2998,27,0,5,0,0.1,0,282,327,33534.0,0.0
142.4,2344,1685,2701,1.81,24.4,0.02,23.5,86,2,110,00:00,3011,27,0,6,0,0.0,0,282,327,33664.0,0.0
142.9,2345,1683,2701,1.81,23.8,-0.01,23.5,86,2,110,00:00,3023,28,0,7,0,0.0,0,282,328,33809.5,0.0
143.4,2345,1680,2701,1.81,23.8,-0.01,23.5,86,2,110,00:00,3036,28,0,7,0,0.0,0,282,328,33934.5,0.0
144.0,2346,1680,2701,1.81,24.8,0.26,23.5,86,2,110,00:00,3049,29,0,7,0,-0.1,0,282,328,34064.5,0.0
144.5,2346,1681,2701,1.81,24.8,0.26,23.6,86,2,110,00:00,3062,29,0,8,0,0.0,0,282,328,34184.7,0.0
145.1,2347,1680,2701,1.81,24.3,0.00,23.6,86,2,110,00:00,3075,29,0,9,0,0.0,0,282,328,34315.3,0.0
145.6,2347,1678,2701,1.81,24.3,0.00,23.6,86,2,110,00:00,3088,28,0,9,0,0.0,0,282,329,34466.0,0.0
146.2,2348,1678,2701,1.81,25.1,0.25,23.7,86,2,110,00:00,3101,29,0,9,0,0.2,0,282,329,34591.1,0.0
146.7,2348,1677,2701,1.81,25.1,0.25,23.7,86,2,110,00:00,3113,28,0,9,0,0.0,0,282,329,34716.6,0.0
147.3,2348,1677,2701,1.81,24.5,0.00,23.7,86,2,110,00:00,3126,28,0,10,0,0.1,0,282,329,34837.6,0.0
147.8,2349,1676,2701,1.81,24.5,0.00,23.7,86,2,110,00:00,3139,28,0,10,0,0.1,0,282,329,34968.5,0.0
148.3,2349,1675,2701,1.81,25.2,0.26,23.6,86,2,110,00:00,3151,28,0,11,0,0.1,0,282,330,35114.7,0.0
148.9,2350,1674,2701,1.81,25.2,0.26,23.6,86,2,110,00:00,3165,28,0,11,0,0.2,0,282,330,35245.3,0.0
149.4,2350,1673,2701,1.81,24.5,0.00,23.6,86,2,110,00:00,3177,28,0,13,0,0.1,0,282,330,35370.5,0.0
150.0,2351,1673,2701,1.81,24.5,0.00,23.6,86,2,110,00:00,3190,28,0,13,0,0.0,0,282,330,35490.7,0.0
150.5,2351,1672,2701,1.81,24.0,0.00,23.6,86,2,110,00:00,3203,28,0,13,0,-0.1,0,282,331,35646.3,0.0
151.1,2352,1671,2701,1.81,24.0,0.00,23.6,86,2,110,00:00,3215,29,0,14,0,0.0,0,282,331,35766.8,0.0
151.6,2352,1671,2701,1.81,25.0,0.26,23.6,86,2,110,00:00,3229,29,0,14,0,0.0,0,282,331,35896.9,0.0
152.1,2353,1670,2701,1.81,25.0,0.26,23.7,86,2,110,00:00,3242,29,0,15,0,0.0,0,282,331,36026.7,0.0
152.7,2353,1669,2701,1.81,24.4,-0.01,23.7,86,2,110,00:00,3254,29,0,15,0,0.2,0,282,331,36146.8,0.0
153.2,2354,1668,2701,1.81,24.4,-0.01,23.8,86,2,110,00:00,3267,29,0,15,0,0.1,0,282,332,36297.5,0.0
153.8,2354,1668,2701,1.81,25.2,0.24,23.9,86,2,110,00:00,3280,29,0,16,0,0.0,0,282,332,36422.8,0.0
154.3,2354,1668,2701,1.81,25.2,0.24,23.9,86,2,110,00:00,3293,28,0,16,0,0.0,0,282,332,36548.5,0.0
154.9,2355,1667,2701,1.81,24.5,-0.02,23.9,86,2,110,00:00,3306,28,0,16,0,-0.1,0,282,333,36704.9,0.0
155.4,2355,1666,2702,1.81,24.5,-0.02,23.7,86,2,110,00:00,3319,27,0,16,0,-0.1,0,282,333,36832.5,0.0
155.9,2356,1667,2701,1.81,25.4,0.31,23.6,86,2,110,00:00,3331,27,0,17,0,0.0,0,282,333,36953.4,0.0
156.5,2356,1665,2701,1.81,25.4,0.31,23.5,86,2,110,00:00,3345,27,0,17,0,0.0,0,282,333,37084.4,0.0
157.0,2354,1661,2701,1.81,24.2,-0.05,23.4,86,2,110,00:00,3357,28,0,18,0,0.0,0,282,333,37204.9,0.0
157.6,2351,1658,2701,1.81,24.2,-0.05,23.3,86,2,110,00:00,3370,27,0,18,0,-0.1,0,282,333,37331.2,0.0
158.1,2348,1656,2701,1.81,23.8,0.03,23.2,86,2,110,00:00,3382,28,0,18,0,0.0,0,282,334,37481.5,0.0
158.6,2345,1653,2701,1.80,23.8,0.03,23.2,86,2,110,00:00,3395,28,0,18,0,0.0,0,282,334,37606.0,0.0
159.2,2342,1648,2701,1.80,24.7,0.28,23.2,86,2,110,00:00,3407,29,0,19,0,-0.1,0,282,334,37729.9,0.0
159.7,2339,1644,2701,1.80,24.7,0.28,23.2,86,2,110,00:00,3420,28,0,19,0,-0.4,0,282,334,37855.1,0.0
160.3,2336,1644,2701,1.80,25.3,0.29,23.2,86,2,110,00:00,3432,28,0,19,0,0.0,0,282,335,38005.0,0.0
160.8,2333,1641,2701,1.79,25.3,0.29,23.2,86,2,110,00:00,3445,28,0,19,0,0.0,0,282,335,38123.7,0.0
161.4,2330,1636,2701,1.79,24.3,0.01,23.2,86,2,110,00:00,3458,28,0,20,0,-0.1,0,282,335,38256.8,0.0
161.9,2327,1633,2701,1.79,24.3,0.01,23.2,86,2,110,00:00,3470,28,0,20,0,-0.1,0,282,335,38375.1,0.0
162.4,2324,1631,2701,1.78,23.8,0.00,23.2,86,2,110,00:00,3483,28,0,20,0,-0.1,0,282,336,38528.9,0.0
163.0,2321,1629,2701,1.78,24.8,0.29,23.1,86,2,110,00:00,3495,28,0,20,0,0.0,0,282,336,38647.6,0.0
163.5,2318,1626,2701,1.78,24.8,0.29,23.1,86,2,110,00:00,3508,29,0,20,0,0.1,0,282,336,38770.0,0.0
164.1,2315,1622,2701,1.78,23.9,-0.01,23.2,86,2,110,00:00,3520,29,0,20,0,0.0,0,282,336,38892.4,0.0
164.6,2312,1619,2701,1.77,23.9,-0.01,23.2,86,2,110,00:00,3533,29,0,20,0,0.0,0,282,336,39019.0,0.0
165.2,2309,1618,2701,1.77,24.6,0.22,23.3,86,2,110,00:00,3545,29,0,21,0,0.0,0,282,337,39161.6,0.0
165.7,2306,1615,2701,1.77,24.6,0.22,23.3,86,2,110,00:00,3559,29,0,21,0,0.0,0,282,337,39288.2,0.0
166.2,2303,1611,2701,1.76,23.9,-0.04,23.3,86,2,110,00:00,3571,29,0,21,0,0.0,0,282,337,39405.3,0.0
166.8,2300,1609,2701,1.76,23.9,-0.04,23.3,86,2,110,00:00,3584,28,0,21,0,0.0,0,282,337,39531.5,0.0
167.3,2297,1607,2701,1.76,24.8,0.25,23.3,86,2,110,00:00,3596,28,0,21,0,0.0,0,282,338,39679.1,0.0
167.9,2294,1604,2701,1.76,24.8,0.25,23.3,86,2,110,00:00,3609,28,0,21,0,0.0,0,282,338,39805.1,0.0
168.4,2291,1602,2701,1.75,23.9,-0.06,23.3,86,2,110,00:00,3622,28,0,21,0,0.0,0,282,338,39925.8,0.0
169.0,2288,1599,2701,1.75,23.9,-0.06,23.3,86,2,110,00:00,3634,29,0,21,0,0.0,0,282,337,40046.3,0.0
169.5,2285,1597,2701,1.75,24.4,0.19,23.3,86,2,110,00:00,3647,29,0,22,0,0.0,0,281,338,40192.8,0.0
170.0,2282,1594,2701,1.74,24.4,0.19,23.2,86,2,110,00:00,3660,28,0,22,0,0.0,0,281,338,40317.8,0.0
170.6,2279,1592,2701,1.74,23.5,-0.06,23.2,86,2,110,00:00,3672,28,0,22,0,0.0,0,281,338,40433.6,0.0
171.1,2276,1589,2701,1.74,23.5,-0.06,23.1,86,2,110,00:00,3685,28,0,22,0,0.0,0,281,338,40553.7,0.0
171.7,2273,1586,2701,1.74,23.1,-0.05,23.0,86,2,110,00:00,3697,27,0,22,0,0.0,0,281,338,40675.1,0.0
172.2,2270,1585,2701,1.73,23.1,-0.05,22.9,86,2,110,00:00,3710,28,0,22,0,0.1,0,281,338,40794.1,0.0
172.8,2267,1582,2701,1.73,22.6,-0.06,22.9,86,2,110,00:00,3722,29,0,22,0,0.0,0,281,338,40917.4,0.0
173.3,2264,1579,2701,1.73,22.6,-0.06,22.9,86,2,110,00:00,3734,29,0,22,0,0.0,0,281,339,41062.7,0.0
173.8,2261,1576,2701,1.73,24.0,0.28,22.9,86,2,110,00:00,3747,29,0,22,0,0.0,0,281,339,41185.7,0.0
174.4,2258,1575,2701,1.72,24.0,0.28,22.9,86,2,110,00:00,3759,29,0,22,0,0.0,0,281,340,41325.3,0.0
174.9,2255,1573,2701,1.72,24.3,0.19,23.0,86,2,110,00:00,3772,29,0,22,0,0.0,0,280,339,41448.4,0.0
175.5,2252,1570,2701,1.72,24.3,0.19,23.0,86,2,110,00:00,3785,29,0,22,0,0.0,0,280,339,41566.6,0.0
176.0,2250,1567,2701,1.71,23.4,-0.08,23.0,86,2,110,00:00,3798,29,0,22,0,0.0,0,280,339,41689.1,0.0
176.6,2247,1565,2701,1.71,23.4,-0.08,23.0,86,2,110,00:00,3810,29,0,22,0,0.0,0,280,339,41802.4,0.0
177.1,2244,1563,2701,1.71,22.8,-0.08,23.0,86,2,110,00:00,3822,28,0,22,0,-0.3,0,280,339,41921.3,0.0
177.6,2241,1561,2701,1.71,22.8,-0.08,22.8,86,2,110,00:00,3834,28,0,22,0,0.0,0,280,340,42071.6,0.0
178.2,2238,1559,2701,1.70,23.8,0.26,22.6,87,2,110,00:00,3847,28,0,22,0,0.1,0,280,340,42189.7,0.0
178.7,2235,1556,2701,1.70,23.8,0.26,22.5,87,2,110,00:00,3859,29,0,22,0,0.0,0,280,340,42306.5,0.0
179.3,2232,1553,2701,1.70,22.8,-0.06,22.5,86,2,110,00:00,3871,29,0,22,0,0.0,0,280,340,42423.1,0.0
179.8,2229,1551,2701,1.70,22.8,-0.06,22.4,86,2,110,00:00,3883,29,0,22,0,0.0,0,280,339,42539.1,0.0
180.3,2226,1549,2701,1.69,23.5,0.19,22.5,87,2,110,00:00,3895,29,0,22,0,-0.1,0,279,340,42681.5,0.0
180.9,2224,1547,2701,1.69,23.5,0.19,22.5,87,2,110,00:00,3908,29,0,22,0,-0.1,0,279,340,42797.4,0.0
181.4,2221,1544,2701,1.69,22.8,-0.07,22.5,87,2,110,00:00,3920,29,0,22,0,-0.1,0,279,340,42917.5,0.0
182.0,2218,1542,2701,1.69,22.8,-0.07,22.6,87,2,110,00:00,3932,29,0,22,0,0.0,0,279,340,43028.4,0.0
182.5,2215,1540,2701,1.68,22.4,-0.09,22.6,87,2,110,00:00,3944,29,0,22,0,0.0,0,279,340,43144.1,0.0
183.1,2212,1535,2701,1.68,22.4,-0.09,22.4,86,2,110,00:00,3956,27,0,22,0,0.1,0,279,341,43296.7,0.0
183.6,2210,1534,2702,1.68,23.6,0.31,21.9,86,2,110,00:00,3969,25,0,22,0,-0.2,0,279,341,43418.5,0.0
184.1,2207,1537,2701,1.68,23.6,0.31,21.5,87,2,110,00:00,3980,27,0,22,0,-0.1,0,279,340,43501.3,0.0
184.7,2204,1529,2700,1.67,21.8,-0.03,21.2,87,2,110,00:00,3992,27,0,22,0,0.0,0,279,341,43642.6,0.0
185.2,2202,1522,2701,1.67,21.8,-0.03,21.0,86,2,110,00:00,4003,29,0,22,0,0.0,0,279,341,43756.4,0.0
